Request TimeStamp,Request Target,Request Data,Response TimeStamp,Response Source,Response Data,Communication Error,,
0.00000s,Vector SLP3,10 03,0.00778s,Vector SLP3,50 03 03 78 00 64,,"Diag Session cpntrol 10 -SID,
SSID
01 - default
02 - Programming 
03 - Extended",Positive response SID+40
0.02483s,Vector SLP3,10 02,0.02819s,Vector SLP3,50 02 03 78 00 64,,Boot jump,
0.03374s,Vector SLP3,27 01,0.03816s,Vector SLP3,67 01 F2 CF 26 FF,,"27 - Security access
01 - Request seed",Response seed -->  F2 CF 26 FF
0.06386s,Vector SLP3,27 02 AC 21 40 F5,0.15109s,Vector SLP3,67 02,,"02 - send Key 
Key - AC 21 40 F5","67 - Positive response
calculate and verifies the key if matches sends pos response"
0.15850s,Vector SLP3,2E F1 5A 23 03 06,0.16043s,Vector SLP3,6E F1 5A,,"2E - Write data identifier
F1 - Write data (payload)",pos response
0.17099s,Vector SLP3,31 01 FF 00 44 11 00 40 00 00 01 AD 00,0.37922s,Vector SLP3,71 01 FF 00 00,,"31- Routine control
01 - Start routine 
FF - Erase memory request
Start diag function inside ECU",
0.39682s,Vector SLP3,34 00 44 11 00 40 00 00 01 AD 00,0.39849s,Vector SLP3,74 40 00 00 00 82,,"34 - Request download
Encryption state
00 - No Encryption 
01 - Encryption used
44 - 
LSB(4) Memory size (00 01 AD 00)
MSB(4) Address (11 00 40 00)","40--> MSB(Max block length)
0 -->LSB (reserved)
82 --> Per transfer data length"
0.42888s,Vector SLP3,36 01 00 18 00 18 21 B7 00 11 D3 B6 00 11 2B B7 00 11 2D B7 00 11 2F B7 00 11 31 B7 00 11 00 00 00 00 00 00 00 00 00 00 00 00 00 00 00 00 33 B7 00 11 35 B7 00 11 00 00 00 00 37 B7 00 11 39 84 00 11 E9 B4 00 11 EB B4 00 11 ED B4 00 11 9D B5 00 11 9F B5 00 11 BD B5 00 11 BF B5 00 11 C1 B5 00 11 C3 B5 00 11 C5 B5 00 11 C7 B5 00 11 03 B6 00 11 3B B7 00 11 3B B7 00 11 5B B6 00 11 3B B7 00 11,0.43351s,Vector SLP3,76 01,,"36 - Transfer data
00 - Seqeunce counter
0X82 bytes per transfer",Received and pos response 
0.46173s,Vector SLP3,36 02 DF F8 14 D0 0E F0 32 FE 0E F0 8C FC 00 48 00 47 41 84 00 11 0E F0 C4 FD 00 18 00 18 38 48 C0 88 70 47 70 B5 03 F0 57 FB 35 4C 00 25 60 70 A1 88 01 20 01 29 06 D0 02 29 3D D0 03 29 1C BF A0 80 25 70 70 BD 21 78 00 29 08 BF 20 70 03 F0 34 FF 18 B9 0D F0 CC FC 0D F0 4B F8 60 78 01 28 02 D1 03 F0 2A FF 10 B1 60 78 60 B9 08 E0 E5 80 25 81 00 F0 9F FF 00 28 08 BF 02 20 16 D1 37 E0 03 F0,0.46638s,Vector SLP3,76 02,,,
0.49266s,Vector SLP3,36 03 33 FB 70 B1 20 89 0A 28 3C BF 40 1C 20 81 0C D3 03 F0 12 FF 01 28 0C BF 41 F2 94 10 E5 80 04 D1 02 E0 25 81 03 F0 14 FB E0 80 A0 88 01 28 08 BF 70 BD 25 70 70 BD 21 78 39 B9 20 70 11 48 01 7A 21 F0 01 01 01 72 01 F0 19 FE 60 88 64 28 10 D3 60 78 18 B1 03 F0 EB FE 01 28 02 D1 65 80 07 F0 0C F9 09 48 01 68 21 F0 01 01 01 60 03 20 A0 80 DF E7 40 1C 60 80 A0 88 02 28 DA D1 70 BD 00 00,0.49725s,Vector SLP3,76 03,,,
0.52334s,Vector SLP3,36 04 00 00 00 18 00 40 00 50 74 03 00 18 30 B4 2C 4B 01 24 2C 4D 1A 88 59 88 9B 88 4F F4 7A 5C 8A 42 14 BF 9A 42 02 80 05 D0 99 42 0E BF 01 80 A0 F8 00 C0 2C 70 01 88 A1 F5 FA 51 B1 F5 7A 5F 84 BF A0 F8 00 C0 2C 70 30 BC 70 47 1E 48 00 78 70 47 70 47 00 20 70 47 F0 B4 19 4A 00 23 01 25 B2 F8 36 C0 14 8F 57 8F 17 4E A4 45 18 BF BC 45 03 D1 BC F1 01 0F 07 D1 08 E0 BC 42 1C BF 03 80 75 70,0.52775s,Vector SLP3,76 04,,,
0.55433s,Vector SLP3,36 05 04 D1 01 2C 01 D0 03 80 00 E0 05 80 14 8E B2 F8 32 C0 92 8E 64 45 14 BF 94 42 0C 80 04 D0 94 45 08 BF A1 F8 00 C0 02 D1 73 70 F0 BC 70 47 0B 80 03 80 75 70 F0 BC 70 47 02 48 40 78 70 47 00 00 00 EF 01 11 0A 00 00 18 10 B5 0D F0 17 FC 6E 4A 01 46 52 8A 92 B2 10 46 03 F0 15 F9 00 B2 10 BD 69 48 B0 F9 14 00 70 47 67 48 B0 F9 16 00 70 47 65 48 4F F4 14 51 41 82 81 82 C1 82 70 47 10 B5,0.55900s,Vector SLP3,76 05,,,
0.58528s,Vector SLP3,36 06 03 F0 6B FD 60 4C 60 80 02 F0 08 FA A0 80 02 F0 09 FA E0 80 02 F0 0E FA 20 81 08 23 B4 F9 04 20 5A 49 03 20 03 F0 C8 F8 E0 81 60 88 0A 23 02 B2 57 49 06 20 03 F0 C0 F8 40 00 B4 F9 0E 10 00 B2 48 43 00 12 A0 81 60 88 0A 23 02 B2 51 49 05 20 03 F0 B2 F8 40 00 60 81 08 23 B4 F9 08 20 4E 49 01 20 03 F0 A9 F8 40 00 20 82 60 89 81 B2 A0 89 80 B2 03 F0 C8 F8 60 82 21 8A 80 B2 89 B2 03 F0,0.58987s,Vector SLP3,76 06,,,
0.61614s,Vector SLP3,36 07 C2 F8 60 82 08 23 B4 F9 06 20 44 49 04 20 03 F0 93 F8 40 00 E0 82 00 F0 55 FE B4 F9 06 20 02 28 4F F0 08 03 06 D0 3E 49 04 20 03 F0 85 F8 40 00 A0 82 10 BD 3B 49 01 20 03 F0 7E F8 40 00 A0 82 10 BD 39 49 00 20 08 60 48 60 88 60 2E 49 88 61 08 70 70 47 34 48 35 49 03 68 B3 F1 FF 3F 06 D0 B1 F9 00 20 00 2A AC BF 1A 44 9A 1A 02 60 43 68 B3 F1 FF 3F 06 D0 B1 F9 02 20 00 2A AC BF 1A 44,0.62074s,Vector SLP3,76 07,,,
0.64784s,Vector SLP3,36 08 9A 1A 42 60 82 68 B2 F1 FF 3F 08 BF 70 47 B1 F9 04 10 00 29 AC BF 11 44 51 1A 81 60 70 47 70 B4 21 49 19 48 0A 68 82 61 4B 68 93 42 88 BF 83 61 D1 F8 08 C0 81 69 8C 45 88 BF C0 F8 18 C0 1C 49 85 69 4F F2 18 66 A1 FB 05 41 49 09 01 EB 81 01 09 01 01 24 C1 61 B5 42 28 BF 8A 42 07 D9 8B 42 81 BF 8C 45 00 21 01 70 70 BC 88 BF 70 47 04 70 70 BC 70 47 04 49 00 20 08 70 70 47 02 49 01 20,0.65221s,Vector SLP3,76 08,,,
0.67887s,Vector SLP3,36 09 08 70 70 47 00 20 70 47 0C 00 00 18 44 33 01 11 56 33 01 11 7A 33 01 11 0E 33 01 11 2C 33 01 11 14 33 01 11 08 33 01 11 EC 04 00 18 22 03 00 18 1F 85 EB 51 FE 48 80 78 70 47 FD 48 80 79 70 47 FB 49 00 20 88 71 70 47 F9 48 00 78 70 47 F8 48 80 89 70 47 F6 48 C0 89 70 47 F5 48 00 8A 70 47 F3 48 40 8A 70 47 F2 48 80 8A 70 47 F0 48 C0 8A 70 47 EF 48 00 8B 70 47 ED 48 40 8B 70 47 EC 48,0.68346s,Vector SLP3,76 09,,,
0.71075s,Vector SLP3,36 0A 80 8B 70 47 EA 48 00 21 01 70 01 21 41 70 70 47 E7 4A 30 B4 50 78 00 24 02 F1 0C 01 01 28 03 D1 54 70 0C 80 10 70 14 72 10 78 01 28 0A D0 02 28 1C BF 30 BC 70 47 10 7A FF 28 3C BF 40 1C 10 72 30 BC 70 47 13 7A DB 48 CB B1 DF F8 6C C3 01 2B 45 D0 02 2B 5A D0 03 2B 65 D0 04 2B 7D D0 05 2B 78 D0 06 2B 77 D0 07 2B 76 D0 FF 2B 01 D2 58 1C 10 72 10 78 01 28 18 BF 14 72 30 BC 70 47 81 68,0.71532s,Vector SLP3,76 0A,,,
0.74281s,Vector SLP3,36 0B 51 63 41 68 91 63 01 68 D1 63 81 68 41 F4 E0 21 81 60 81 68 21 F4 F8 51 01 F5 80 71 81 60 01 68 41 F0 01 31 01 60 41 68 40 F2 01 1C 41 EA 0C 01 41 60 41 68 21 F0 06 01 21 F4 C0 61 41 60 01 68 01 F0 F9 31 01 60 01 68 21 F4 00 21 01 60 01 68 41 F0 00 61 01 60 41 68 41 F4 00 61 48 E0 DC F8 54 50 45 F0 3F 05 CC F8 54 50 DC F8 54 50 45 F0 3F 05 CC F8 54 50 00 68 10 F4 80 1F 08 88 14 BF,0.74719s,Vector SLP3,76 0B,,,
0.77331s,Vector SLP3,36 0C 40 F0 40 00 20 F0 40 00 08 80 B0 E7 01 68 41 F4 00 21 01 60 01 68 21 F0 00 61 01 60 41 68 41 F4 00 61 41 60 A3 E7 DC F8 54 50 45 F0 3F 05 CC F8 54 50 DC F8 54 50 45 F0 3F 05 CC F8 54 50 00 68 10 F0 80 5F 08 88 14 BF 40 F0 80 00 20 F0 80 00 DA E7 02 E0 0E E0 23 E0 3B E0 01 68 41 F4 00 21 01 60 01 68 41 F0 00 61 01 60 41 68 21 F4 00 61 41 60 7C E7 DC F8 54 50 45 F0 3F 05 CC F8 54 50,0.77769s,Vector SLP3,76 0C,,,
0.80439s,Vector SLP3,36 0D DC F8 54 50 45 F0 3F 05 CC F8 54 50 40 68 10 F4 80 5F 08 88 14 BF 40 F4 80 70 20 F4 80 70 B3 E7 81 68 21 F4 E0 21 01 F5 00 31 81 60 81 68 21 F4 F8 51 01 F5 80 71 81 60 01 68 41 F4 00 21 01 60 01 68 41 F0 00 61 01 60 41 68 41 F4 00 61 41 60 4D E7 DC F8 54 50 45 F0 3F 05 CC F8 54 50 DC F8 54 50 45 F0 3F 05 CC F8 54 50 05 68 15 F0 10 0F 0D 88 14 BF 45 F0 01 05 25 F0 01 05 0D 80 05 68,0.80893s,Vector SLP3,76 0D,,,
0.83519s,Vector SLP3,36 0E 15 F4 80 5F 0D 88 14 BF 45 F0 02 05 25 F0 02 05 0D 80 45 68 15 F0 10 0F 0D 88 14 BF 45 F0 04 05 25 F0 04 05 0D 80 05 68 15 F4 80 1F 0D 88 14 BF 45 F0 08 05 25 F0 08 05 0D 80 05 68 15 F0 80 5F 0D 88 14 BF 45 F0 10 05 25 F0 10 05 0D 80 45 68 15 F4 80 5F 0D 88 14 BF 45 F0 20 05 25 F0 20 05 0D 80 01 68 21 F4 00 21 01 60 01 68 21 F0 00 61 01 60 41 68 21 F4 00 61 41 60 DC F8 54 10 41 F0,0.83980s,Vector SLP3,76 0E,,,
0.86716s,Vector SLP3,36 0F 3F 01 CC F8 54 10 81 68 41 F4 E0 21 81 60 81 68 41 F4 F8 51 81 60 51 6B 81 60 91 6B 41 60 D1 6B 01 60 02 20 10 70 E2 E6 44 48 00 78 01 28 18 BF 70 47 10 B5 04 F0 C6 FB 00 20 03 F0 C5 FD 41 F2 88 31 00 20 03 F0 02 FE 06 F0 7A FE BD E8 10 40 03 20 06 F0 21 BE 36 49 03 20 C8 71 01 F1 0A 00 01 88 21 F4 00 61 01 80 70 47 31 48 C0 8B 70 47 2F 49 00 20 08 71 88 70 48 71 01 F1 0A 00 01 88,0.87167s,Vector SLP3,76 0F,,,
0.89785s,Vector SLP3,36 10 21 F4 83 41 01 80 70 47 10 B5 0A F0 FD FA 00 28 08 BF 10 BD 00 F0 16 FC 25 4C 03 28 09 D0 0A F0 11 FB 00 F0 1B FC 01 20 A0 71 BD E8 10 40 0A F0 F2 BA A0 78 00 28 F8 D1 0A F0 04 FB 00 F0 0E FC 1D 48 C1 6D 21 F4 F0 11 C1 65 1D 48 01 88 41 F4 80 41 01 80 E9 E7 2D E9 F0 41 15 4E 00 27 06 F1 0A 04 B0 78 18 B3 F0 78 13 4D 0A 28 66 D2 40 1C C0 B2 F0 70 09 28 18 BF BD E8 F0 81 68 6D 40 F4,0.90253s,Vector SLP3,76 10,,,
0.92988s,Vector SLP3,36 11 F8 10 40 F0 F8 50 68 65 68 6D 40 F4 F8 10 40 F0 F8 50 68 65 A8 6D 10 F0 00 6F 06 BF A8 6D 10 F0 80 5F BD E8 F0 81 00 F0 D3 FB 03 28 0A E0 12 E0 2C 00 00 18 00 40 03 40 00 60 00 50 7E 03 00 18 36 00 00 18 08 BF BD E8 F0 81 0A F0 B5 FA BD E8 F0 41 00 F0 C7 BB 20 88 B2 79 00 F4 C0 61 11 43 0B D1 10 F4 83 4F 08 D0 77 71 30 79 01 25 03 28 05 D2 B5 70 F7 70 40 1C 30 71 BD E8 F0 81 0A F0,0.93440s,Vector SLP3,76 11,,,
0.96057s,Vector SLP3,36 12 A1 FA 00 F0 AB FB 04 F0 1D FB 20 88 10 F4 80 4F 14 BF B5 71 B7 71 10 F0 80 0F 14 BF 40 F4 00 70 20 F4 00 70 20 80 80 B2 10 F4 80 7F 14 BF 40 F4 80 60 20 F4 80 60 20 80 BD E8 F0 81 68 6D 40 F4 00 30 68 65 68 6D 40 F0 00 70 68 65 68 6D 40 F4 80 20 68 65 68 6D 40 F0 80 60 68 65 68 6D 40 F0 80 60 68 65 00 F0 77 FB 00 28 A8 6D 07 D0 10 F0 00 7F 04 BF A8 6D 10 F0 00 6F 08 D0 02 E0 10 F0,0.96526s,Vector SLP3,76 12,,,
0.99143s,Vector SLP3,36 13 00 6F 0C D0 20 88 40 F4 80 70 20 80 1F E0 A8 6D 10 F0 80 6F 04 BF A8 6D 10 F0 80 5F 03 D0 20 88 40 F0 80 00 F1 E7 0A F0 2F FA 00 28 1C BF 20 88 40 F4 80 40 E9 D1 04 F0 BB FA 0A F0 32 FA 20 88 20 F4 83 40 20 80 E8 6D 40 F4 F0 10 E8 65 B7 70 BD E8 F0 81 10 B5 00 F0 35 FB 00 22 FE 49 03 28 1C BF 4A 71 10 BD 48 79 0A 28 3A BF 40 1C 48 71 0A 71 10 BD F9 48 81 69 21 F0 02 01 81 61 81 69,0.99612s,Vector SLP3,76 13,,,
1.02240s,Vector SLP3,36 14 41 F0 04 01 81 61 F6 48 01 6B 41 F0 80 71 01 63 01 6B 41 F0 80 01 01 63 01 6B 41 F0 80 61 01 63 01 6B 41 F0 00 71 01 63 01 6B 41 F4 80 71 01 63 EC 49 4A 68 22 F0 10 02 4A 60 4A 68 42 F0 01 02 4A 60 4A 68 42 F0 20 02 4A 60 01 6B 41 F4 80 41 01 63 C1 6D 21 F4 80 11 C1 65 C1 6D 21 F4 00 21 C1 65 C1 6D 21 F4 80 21 C1 65 C1 6D 21 F4 00 31 C1 65 01 6A 41 F0 80 01 01 62 DB 49 0A 79 42 F0,1.02699s,Vector SLP3,76 14,,,
1.05419s,Vector SLP3,36 15 04 02 0A 71 02 6A 42 F0 40 02 02 62 08 79 40 F0 40 00 08 71 91 F8 70 00 10 F0 40 0F D3 48 09 D0 91 F8 70 20 22 F0 40 02 81 F8 70 20 02 88 42 F4 00 62 02 80 91 F8 70 20 12 F0 02 0F 09 D0 91 F8 70 20 22 F0 02 02 81 F8 70 20 02 88 42 F4 80 52 02 80 91 F8 70 20 12 F0 01 0F 09 D0 91 F8 70 20 22 F0 01 02 81 F8 70 20 02 88 42 F4 00 52 02 80 91 F8 70 20 12 F0 20 0F 08 BF 70 47 91 F8 70 20,1.05885s,Vector SLP3,76 15,,,
1.08618s,Vector SLP3,36 16 22 F0 20 02 81 F8 70 20 01 88 41 F4 00 71 01 80 70 47 2D E9 F0 5F B6 49 05 20 0A F0 48 F9 B5 49 06 20 0A F0 44 F9 B4 49 07 20 0A F0 40 F9 B3 49 08 20 0A F0 3C F9 B2 49 09 20 0A F0 38 F9 B1 49 0A 20 0A F0 34 F9 B0 49 0C 20 0A F0 30 F9 AF 49 0D 20 0A F0 2C F9 DF F8 8C 92 D9 F8 18 00 A0 4E 10 F0 02 0F 09 D0 70 69 40 F4 80 40 70 61 D9 F8 18 00 40 F0 01 00 C9 F8 18 00 D9 F8 14 00 9B 4F,1.09071s,Vector SLP3,76 16,,,
1.11794s,Vector SLP3,36 17 10 F0 20 0F A7 F1 30 04 4F F4 96 70 4F F0 03 0A 04 F1 0A 05 23 D0 60 84 71 69 41 F4 00 61 71 61 21 8C 00 29 1C BF 49 1E 21 84 07 D1 29 88 41 F0 10 01 29 80 39 88 41 F0 02 01 39 80 D9 F8 14 10 11 F0 10 0F 34 D0 E0 84 70 69 40 F4 80 60 70 61 A0 8C 00 28 1C BF 40 1E A0 84 0D D0 14 E0 A4 F8 20 A0 61 8C 00 29 19 BF 49 1E 61 84 29 88 21 F0 10 01 08 BF 29 80 E1 E7 28 88 40 F0 20 00 28 80,1.12257s,Vector SLP3,76 17,,,
1.14902s,Vector SLP3,36 18 38 88 40 F0 04 00 38 80 D9 F8 10 00 4F F0 00 0B 10 F0 40 0F 41 D0 A4 F8 2A B0 70 69 40 F4 80 70 70 61 20 8D 00 28 1C BF 40 1E 20 85 0D D0 14 E0 A4 F8 24 A0 E0 8C 00 28 19 BF 40 1E E0 84 28 88 20 F0 20 00 08 BF 28 80 DE E7 28 88 40 F4 80 50 28 80 38 88 40 F4 80 60 38 80 DF F8 8C 81 98 F8 08 00 10 F0 08 0F 05 D0 98 F8 08 00 20 F0 08 00 88 F8 08 00 4F F0 50 20 01 7E 11 F0 02 0F 19 D0,1.15343s,Vector SLP3,76 18,,,
1.18055s,Vector SLP3,36 19 01 78 41 F0 02 01 01 70 28 88 40 F4 00 50 28 80 78 88 40 F0 10 00 78 80 10 E0 A4 F8 28 B0 60 8D 00 28 19 BF 40 1E 60 85 28 88 20 F4 80 50 08 BF 28 80 D2 E7 28 88 20 F4 00 50 28 80 20 8A 54 49 48 43 00 0C E0 83 00 F0 C6 F9 58 B3 A0 78 48 BB 60 8A 50 49 48 43 00 0C A0 85 E1 8B 88 42 86 BF 40 1A E0 85 A4 F8 2E B0 E0 8D A0 F5 E0 50 B0 F5 30 5F 18 D9 E0 79 00 28 1C BF 40 1E E0 71 18 D1,1.18492s,Vector SLP3,76 19,,,
1.21183s,Vector SLP3,36 1A 0A F0 A6 F8 F0 6D 20 F4 C0 20 F0 65 0A F0 9A F8 00 F0 A4 F9 28 88 40 F4 00 60 28 80 38 88 40 F4 80 70 38 80 05 E0 84 F8 07 A0 28 88 20 F4 00 60 28 80 39 48 01 68 11 F0 10 0F 04 BF 01 68 11 F0 20 0F 07 D1 01 68 11 F0 40 0F 04 BF 01 68 11 F0 08 0F 13 D0 01 68 41 F0 80 71 01 60 71 69 41 F0 02 01 71 61 71 69 41 F0 01 01 71 61 71 69 41 F0 04 01 71 61 01 68 41 F0 06 01 01 60 F0 69 10 F4,1.21616s,Vector SLP3,76 1A,,,
1.24939s,Vector SLP3,36 1B 7F 0F 04 BF 98 F8 04 00 10 F0 33 0F 1D D1 98 F8 70 00 10 F0 0F 0F 04 BF 98 F8 08 00 10 F0 38 0F 13 D1 98 F8 08 00 10 F0 40 0F 1C BF 98 F8 08 00 10 F0 80 0F 09 D0 D9 F8 18 00 10 F0 0E 0F 04 D1 16 48 00 6A 10 F4 2A 0F 2E D0 28 88 40 F0 40 00 28 80 38 88 24 E0 00 00 2C 00 00 18 00 C0 01 48 00 60 00 50 00 80 01 48 00 40 00 50 5C 00 00 18 3A 00 00 18 3C 00 00 18 3E 00 00 18 40 00 00 18,1.25400s,Vector SLP3,76 1B,,,
1.28019s,Vector SLP3,36 1C 42 00 00 18 44 00 00 18 46 00 00 18 48 00 00 18 00 04 7E 00 00 3A D2 00 00 E0 01 48 00 40 03 40 40 F0 08 00 38 80 03 E0 28 88 20 F0 40 00 28 80 B0 6D 10 F0 00 7F 04 BF B0 6D 10 F0 80 6F 07 D1 B0 6D 10 F0 00 6F 04 BF B0 6D 10 F0 80 5F 0C D0 A0 78 00 28 18 BF BD E8 F0 9F 70 6D 40 F4 F8 10 40 F0 F8 50 70 65 BD E8 F0 9F 28 88 20 F4 C0 60 28 80 BD E8 F0 9F B6 B6 10 B5 04 F0 63 F8 BD E8,1.28487s,Vector SLP3,76 1C,,,
1.31119s,Vector SLP3,36 1D 10 40 06 F0 BA BA 10 B5 63 4C 60 6D 40 F0 80 50 60 65 09 F0 DD FF 09 F0 D5 FF 00 F0 DF F8 E0 6D 20 F4 F0 10 E0 65 00 F0 CD F8 5C 49 03 28 08 88 0C BF 40 F0 80 00 40 F4 00 70 08 80 58 48 01 88 41 F0 10 01 01 80 10 BD 10 B5 53 4C 60 6D 40 F0 00 60 60 65 09 F0 BC FF 09 F0 B4 FF 00 F0 BE F8 E0 6D 20 F4 F0 10 E0 65 00 F0 AC F8 4B 49 03 28 08 88 0C BF 40 F4 80 70 40 F4 80 60 08 80 48 48,1.31574s,Vector SLP3,76 1D,,,
1.34196s,Vector SLP3,36 1E 01 88 41 F0 20 01 01 80 10 BD 10 B5 42 4C 60 6D 40 F0 80 60 60 65 09 F0 9B FF 09 F0 93 FF 00 F0 9D F8 E0 6D 20 F4 F0 10 E0 65 00 F0 8B F8 3B 49 03 28 08 88 0C BF 40 F0 80 00 40 F4 00 70 08 80 37 48 01 88 41 F0 40 01 01 80 10 BD 10 B5 32 4C 60 6D 40 F0 00 70 60 65 09 F0 7A FF 09 F0 72 FF 00 F0 7C F8 E0 6D 20 F4 F0 10 E0 65 00 F0 6A F8 2A 49 03 28 08 88 0C BF 40 F4 80 70 40 F4 80 60,1.34661s,Vector SLP3,76 1E,,,
1.37296s,Vector SLP3,36 1F 08 80 27 48 01 88 41 F0 80 01 01 80 10 BD 38 B5 21 4C E0 69 10 F0 80 0F 04 BF E0 69 10 F0 40 0F 0E D0 03 F0 CF FF 00 20 03 F0 CE F9 41 F2 88 31 00 20 03 F0 0B FA 06 F0 83 FA 03 20 06 F0 2C FA 18 48 01 79 11 F0 02 0F 04 BF 00 79 10 F0 20 0F 1D D0 03 F0 B7 FF 00 20 03 F0 B6 F9 41 F2 88 31 00 20 03 F0 F3 F9 00 20 03 F0 C3 F9 AD F8 00 00 00 20 03 F0 BE F9 BD F8 00 10 40 1A 80 B2 B0 F5,1.37748s,Vector SLP3,76 1F,,,
1.40367s,Vector SLP3,36 20 7A 6F F5 D3 06 F0 5C FA 03 20 06 F0 05 FA 60 6A 4F F0 FF 30 60 62 38 BD 00 60 00 50 36 00 00 18 5C 00 00 18 00 40 00 50 FE 49 08 84 70 47 FD 49 48 84 70 47 FB 49 09 8C 01 80 70 47 F9 49 49 8C 01 80 70 47 F7 48 40 78 70 47 F6 48 00 79 70 47 F4 48 80 78 70 47 F3 48 C0 78 70 47 F1 49 00 20 C8 70 70 47 EF 49 01 20 C8 70 70 47 ED 49 03 20 88 70 70 47 EB 49 00 20 88 70 70 47 E9 48 C0 8A,1.40834s,Vector SLP3,76 20,,,
1.43464s,Vector SLP3,36 21 70 47 E8 48 40 8B 70 47 E6 48 40 7A 70 47 E5 49 00 20 48 72 70 47 E3 48 40 79 70 47 E1 49 00 20 48 71 70 47 DF 48 80 79 70 47 DE 49 00 20 88 71 70 47 DC 48 00 7A 70 47 DA 48 80 8B 70 47 D9 48 B0 F9 32 00 70 47 D7 48 B0 F9 34 00 70 47 D5 48 B0 F9 1E 00 70 47 D3 48 80 7A 70 47 D1 48 B0 F9 36 00 70 47 CF 48 B0 F9 38 00 70 47 10 B5 05 F0 1D FC 73 21 48 43 80 0A 10 BD 10 28 08 BF 70 47,1.43921s,Vector SLP3,76 21,,,
1.46649s,Vector SLP3,36 22 10 B5 11 28 C7 4C 22 D0 12 28 08 BF 10 BD 13 28 18 BF 10 BD 00 F0 BF FC E0 72 00 F0 BF FC 20 73 00 F0 BF FC 60 73 00 F0 C4 FC A0 73 00 F0 C9 FC E0 73 60 7B 01 28 02 D0 00 F0 A9 FC A0 84 A0 7B 01 28 18 BF 10 BD 00 20 20 84 60 84 10 BD 00 F0 A2 FC E0 72 00 F0 A2 FC 20 73 00 F0 98 FC A0 84 10 BD B0 48 01 7A 31 B1 81 8B 4F F6 FF 72 91 42 34 BF 49 1C 70 47 81 83 70 47 2D E9 F0 4F A9 4C,1.47106s,Vector SLP3,76 22,,,
1.49742s,Vector SLP3,36 23 91 B0 00 25 65 72 21 78 20 46 61 70 80 8A 01 26 04 F1 12 09 04 F1 34 0A 04 F1 32 0B 4F F6 FF 78 04 F1 40 07 06 29 80 F0 25 83 DF E8 01 F0 F7 03 F8 F5 F4 F3 10 B1 01 28 18 D0 1F E0 A5 70 65 71 A6 71 25 72 A5 72 04 F0 6F FC E5 70 FF F7 03 FB FF F7 0E FB 09 F0 1F FE E5 82 4F F4 FA 71 01 20 03 F0 F4 F8 01 20 03 F0 37 F9 76 E0 04 F0 78 FD 05 F0 85 F8 05 F0 14 FB 04 F0 4F FC E7 78 A1 78,1.50194s,Vector SLP3,76 23,,,
1.52927s,Vector SLP3,36 24 89 48 81 B1 01 29 21 D0 02 29 4A D0 03 29 14 BF A5 70 09 F0 17 FE E0 78 00 28 4E D0 00 2F 49 D0 01 F0 A8 FC 4D E0 61 8F 41 45 3C BF 49 1C 61 87 81 6D 11 F0 00 6F 04 BF 80 6D 10 F0 80 5F EA D1 09 F0 FA FD E6 70 A6 70 65 87 E7 E7 61 8F 81 B1 76 48 00 88 10 F4 00 6F 16 D0 60 7C 03 28 3D BF 40 1C 60 74 A5 70 26 71 22 BF 65 74 02 20 A0 70 0E E0 42 6D 42 F4 F8 12 42 F0 F8 52 42 65 C2 6D,1.53380s,Vector SLP3,76 24,,,
1.56120s,Vector SLP3,36 25 42 F4 F0 12 C2 65 05 E0 25 71 38 00 08 BF A5 70 41 45 01 D2 48 1C 60 87 A0 78 01 28 18 BF 65 87 B9 E7 60 8F B0 F5 96 7F 39 BF 40 1C 60 87 A5 70 65 87 B0 E7 01 F0 34 FC 03 E0 00 2F 18 BF 01 F0 17 FD 01 F0 79 FD 40 B1 01 F0 72 FD 00 28 D8 BF 25 83 02 DD 01 F0 6C FD 20 83 A0 8A 40 45 3C BF 40 1C A0 82 01 F0 60 FB E8 B3 01 F0 65 FD D0 B3 07 F0 39 F9 B8 BB 01 F0 57 FB 07 46 01 F0 58 FD,1.56567s,Vector SLP3,76 25,,,
1.59201s,Vector SLP3,36 26 87 42 3F DD 01 F0 54 FD 10 F5 96 7F 3A DD 09 F0 88 FD 01 F0 4D FD B0 F5 96 7F 25 DA 40 F6 63 00 20 87 40 F2 CB 20 E0 86 41 48 A0 64 41 48 60 64 04 20 20 70 01 F0 3C FD 00 28 08 BF 65 85 0C D0 01 F0 36 FD 3C 28 06 DA 01 F0 32 FD 10 F1 3C 0F C8 BF 41 20 00 DC 7D 20 60 85 37 49 40 F2 E2 40 03 F0 D9 FD 0C E0 0D E0 01 F0 22 FD 33 49 48 43 00 14 E0 83 25 87 E5 86 A5 64 05 20 65 64 20 70,1.59653s,Vector SLP3,76 26,,,
1.62397s,Vector SLP3,36 27 01 F0 B6 FC 01 F0 1B FD 20 78 01 28 00 F0 33 82 00 F0 28 BA D5 E1 7B E1 A7 E0 00 E0 2A E2 F8 B9 66 71 A5 71 26 72 01 20 03 F0 6C F8 01 20 03 F0 37 F8 64 20 E0 82 25 83 FF F7 03 F8 07 F0 C9 F8 01 28 04 BF E0 7B 00 28 7A D0 02 F0 52 FF 4F F4 48 41 A5 85 01 28 E1 85 0C BF A5 74 A6 74 26 74 A0 8A 40 45 3C BF 40 1C A0 82 B4 F9 1E 00 1E 28 04 DD 20 7C 01 28 08 BF FE F7 EC FF 05 F0 7C FA,1.62840s,Vector SLP3,76 27,,,
1.65460s,Vector SLP3,36 28 02 90 05 F0 85 FA 01 90 05 F0 7E FA 00 90 05 F0 77 FA 80 46 05 F0 5A FA 01 46 09 48 CD E9 0C 0B 17 38 0F E0 6C 00 00 18 00 60 00 50 36 00 00 18 00 00 63 08 00 00 CB 02 98 33 01 11 50 30 04 00 8A 00 00 18 CD E9 0A 70 FD 4B 4F F4 7E 52 CD E9 08 23 CD E9 0E A9 B4 F9 2C 30 B4 F8 2E C0 02 98 CD E9 04 02 CD E9 06 C3 DD E9 00 02 23 78 CD E9 00 38 CD E9 02 02 63 8C 22 8C E0 8A 04 F0 84 FF,1.65927s,Vector SLP3,76 28,,,
1.68561s,Vector SLP3,36 29 B4 F9 1E 00 00 28 05 DD 01 03 44 F2 05 30 B1 FB F0 F0 20 83 04 F0 14 FB 01 F0 86 FA C0 B1 07 F0 62 F8 01 28 14 D0 E0 79 C8 B1 20 7C 01 28 08 BF FE F7 B5 FF FE F7 E6 FF 01 28 09 D0 0B E0 FF E7 20 7B C0 01 A0 85 E0 7A C0 00 E0 85 25 74 87 E7 26 70 00 F0 87 B9 03 20 20 70 00 F0 83 B9 20 78 02 28 40 F0 7F 81 00 F0 86 B9 05 F0 EF F9 00 28 D8 BF 25 83 07 DD 05 F0 E9 F9 01 03 44 F2 05 30,1.69014s,Vector SLP3,76 29,,,
1.71638s,Vector SLP3,36 2A B1 FB F0 F0 20 83 A0 8A 40 B9 65 71 A5 71 26 72 A6 72 20 8B E0 82 64 21 48 43 E0 63 01 F0 5E FC E0 84 01 F0 5E FC 20 85 FE F7 CE FE A0 84 FE F7 DB FE 20 86 FE F7 BE FF 20 B1 20 8B E0 82 64 21 48 43 E0 63 05 F0 D8 F9 03 90 05 F0 E1 F9 02 90 05 F0 DA F9 01 90 05 F0 D3 F9 00 90 05 F0 B6 F9 01 46 B8 48 CD E9 0C 0B CD E9 0E A9 B4 F9 30 30 B3 4A 17 38 CD E9 08 32 CD E9 0A 70 0D F1 10 0E,1.72101s,Vector SLP3,76 2A,,,
1.74811s,Vector SLP3,36 2B 03 98 B4 F9 2C C0 E3 8D B4 F9 24 20 8E E8 0D 10 20 78 DD E9 00 23 DD F8 08 C0 8D E8 0D 10 63 8C 22 8C E0 8A 04 F0 F0 FE A0 8A 00 28 08 BF 05 F0 13 FA A0 8A 40 45 3C BF 40 1C A0 82 B7 F9 02 20 07 23 A1 49 03 20 01 F0 77 FF 4F F4 00 62 9F 49 01 F0 A1 FF A0 6C 07 23 00 14 20 87 B7 F9 02 20 9B 49 03 20 01 F0 68 FF 4F F4 00 62 99 49 01 F0 92 FF 60 6C 00 14 E0 86 01 F0 D6 F9 64 21 41 43,1.75249s,Vector SLP3,76 2B,,,
1.77911s,Vector SLP3,36 2C 36 D0 20 8B 00 F5 7A 72 02 EB C2 00 00 EB 02 13 E0 6B B0 EB 83 0F 84 BF 64 20 50 43 0C D8 E2 8C 02 44 91 42 88 BF E2 63 07 D8 22 8D 8B 18 83 42 34 BF 80 1A E1 63 00 D2 E0 63 87 49 E0 6B A1 FB 00 10 40 09 E0 82 04 F0 3B FA 01 F0 AD F9 00 28 3F F4 3E AF 01 F0 AB F9 01 28 3F F4 39 AF 06 F0 82 FF 01 28 3F F4 34 AF 20 78 03 28 7E D0 B9 E0 E0 6B 42 F2 10 71 88 42 08 D3 06 F0 6A FF 01 28,1.78373s,Vector SLP3,76 2C,,,
1.80999s,Vector SLP3,36 2D 04 D0 21 8D E0 6B 40 1A E0 63 D6 E7 E5 63 D4 E7 F0 B3 A0 8A 40 45 3C BF 40 1C A0 82 05 F0 2C F9 80 46 05 F0 35 F9 02 90 05 F0 2E F9 01 90 05 F0 27 F9 00 90 05 F0 0A F9 01 46 62 48 CD E9 0C 0B 17 38 5F 4B CD E9 0A 70 4F F4 7E 52 CD E9 08 23 CD E9 0E A9 B4 F9 2C 00 E3 8D CD E9 06 30 CD E9 04 82 20 78 DD E9 00 23 DD F8 08 C0 8D E8 0D 10 63 8C 22 8C E0 8A 04 F0 47 FE 01 F0 55 F9 C0 B1,1.81460s,Vector SLP3,76 2D,,,
1.84197s,Vector SLP3,36 2E 06 F0 31 FF 01 28 14 D0 A0 8A 61 8D 88 42 00 E0 04 E0 12 D3 02 20 20 70 26 72 63 E0 65 71 A5 71 25 72 60 8D 00 28 18 BF 03 F0 02 FC E5 82 25 83 AF E7 03 F0 07 FC 26 70 54 E0 20 78 04 28 5A D0 50 E0 E8 B3 40 45 01 D2 40 1C A0 82 05 F0 D4 F8 80 46 05 F0 DD F8 02 90 05 F0 D6 F8 01 90 05 F0 CF F8 00 90 05 F0 B2 F8 01 46 00 E0 43 E0 35 48 CD E9 0C 0B 17 38 32 4B CD E9 0A 70 4F F4 7E 52,1.84646s,Vector SLP3,76 2E,,,
1.87269s,Vector SLP3,36 2F CD E9 08 23 CD E9 0E A9 B4 F9 2C 00 E3 8D CD E9 06 30 CD E9 04 82 20 78 DD E9 00 23 DD F8 08 C0 8D E8 0D 10 63 8C 22 8C E0 8A 04 F0 ED FD 01 F0 FF FA 2A 49 48 43 00 14 E0 83 04 F0 81 F9 00 E0 12 E0 01 F0 F1 F8 00 28 3F F4 82 AE 06 F0 CB FE 01 28 3F F4 7D AE A0 8A 0B 28 BF F4 7C AE 20 78 05 28 08 D0 A5 82 06 E0 66 71 A5 71 26 72 21 8B E1 82 A9 E7 26 70 1B 48 21 8B 19 4A 83 89 D0 F8,1.87733s,Vector SLP3,76 2F,,,
1.90365s,Vector SLP3,36 30 00 C0 00 EB 43 03 9F 88 AC EB 07 0C 8C 44 C0 F8 00 C0 99 80 81 89 49 1C 89 B2 81 81 04 29 28 BF 85 81 90 F8 20 10 00 29 08 BF 80 F8 20 60 30 D0 80 F8 20 50 01 68 83 8B C1 F3 8F 01 14 E0 00 00 C0 02 00 18 8A 00 00 18 9E 33 01 11 B4 00 00 18 B0 33 01 11 B0 00 00 18 1F 85 EB 51 50 30 04 00 86 00 00 18 F8 04 00 18 00 EB 43 03 D0 F8 10 C0 9F 8A AC EB 07 0C 8C 44 C0 F8 10 C0 99 82 81 8B,1.90820s,Vector SLP3,76 30,,,
1.93553s,Vector SLP3,36 31 49 1C 89 B2 81 83 04 29 28 BF 85 83 00 69 80 08 10 80 66 72 11 B0 BD E8 F0 8F B6 B6 10 B5 4F F0 40 20 01 6D 21 F4 80 71 01 65 81 69 41 F0 02 02 81 69 62 F3 07 01 81 61 01 6D 41 F4 80 71 01 65 BA 48 41 79 00 29 04 BF 0A 21 41 71 00 21 81 81 01 61 4F F4 7A 71 01 20 02 F0 78 FD BD E8 10 40 01 20 02 F0 B9 BD 10 B5 4F F0 40 20 01 6D 21 F4 80 71 01 65 81 69 01 F0 FD 02 81 69 62 F3 07 01,1.94005s,Vector SLP3,76 31,,,
1.96633s,Vector SLP3,36 32 81 61 01 6D 41 F4 80 71 01 65 01 20 02 F0 BA FD BD E8 10 40 01 20 02 F0 83 BD 4F F0 40 20 C0 6E C0 F3 89 00 70 47 A1 48 80 89 70 47 00 28 1C BF 9E 49 48 71 70 47 4F F0 40 20 C0 6E C0 F3 89 01 9A 48 82 89 8A 42 08 D0 89 1A 43 79 02 69 09 B2 03 FB 01 21 01 61 09 0A 81 81 81 79 49 1C 81 71 70 47 93 49 FF 28 04 D2 8A 8D 60 F3 07 02 8A 85 70 47 88 8D 20 F0 FF 00 34 30 88 85 70 47 83 1E,1.97092s,Vector SLP3,76 32,,,
1.99822s,Vector SLP3,36 33 8C 4A 1E 2B 04 D2 93 68 60 F3 04 03 93 60 03 E0 90 68 40 F0 1F 00 90 60 88 1E 1E 28 90 68 34 BF 61 F3 0C 20 40 F4 F8 50 90 60 70 47 70 B4 4F F0 00 0C 7E 49 7F 4A 64 46 FF 25 02 E0 BC F1 06 0F 04 D2 56 68 63 46 46 F0 00 46 05 E0 AC F1 06 03 56 68 DB B2 26 F0 00 46 56 60 06 2B 26 D2 DF E8 03 F0 03 09 0F 15 1B 21 53 68 23 F0 E0 43 03 F1 80 53 1A E0 53 68 23 F0 E0 43 03 F1 A0 43 14 E0,2.00277s,Vector SLP3,76 33,,,
2.03019s,Vector SLP3,36 34 53 68 23 F0 E0 43 03 F1 00 53 0E E0 53 68 23 F0 E0 43 03 F1 C0 43 08 E0 53 68 23 F0 E0 43 03 F1 40 53 02 E0 53 68 43 F0 E0 43 53 60 53 68 43 F0 80 63 53 60 8C 71 53 68 13 F0 00 6F 02 D1 8B 79 04 2B F8 D3 53 68 13 F0 00 6F 08 BF 00 F8 0C 40 0B D0 53 68 C3 F3 09 43 FF 2B 88 BF 00 F8 0C 50 03 D8 53 68 1B 0C 00 F8 0C 30 0C F1 01 03 03 F0 FF 0C BC F1 0C 0F A1 D3 70 BC 70 47 4B 48 00 89,2.03463s,Vector SLP3,76 34,,,
2.06185s,Vector SLP3,36 35 70 47 4A 48 00 78 70 47 48 48 40 78 70 47 47 48 B0 F9 0A 00 70 47 45 48 80 78 70 47 43 48 C0 78 70 47 42 49 00 20 09 79 11 F0 01 0F 18 BF 01 20 70 47 00 20 3D 49 09 79 11 F0 02 0F 18 BF 01 20 70 47 00 20 39 49 09 79 11 F0 04 0F 18 BF 01 20 70 47 2D E9 F0 07 04 46 DD E9 07 65 DD E9 09 87 00 20 DD F8 2C C0 B4 F5 7A 6F 16 D8 00 29 18 BF 00 2A 12 D0 A3 F1 0A 09 43 F2 F7 1A D1 45 0C D2,2.06649s,Vector SLP3,76 35,,,
2.09263s,Vector SLP3,36 36 00 2E 18 BF 00 2D 08 D0 BC F1 01 0F 08 BF 08 F5 C8 50 02 D0 BC F1 00 0F 03 D0 BD E8 F0 07 01 20 70 47 DF F8 88 C0 AC F8 08 40 8C F8 00 10 8C F8 01 20 AC F8 0A 30 8C F8 02 60 8C F8 03 50 BD E8 F0 07 70 47 F0 B4 05 46 DD E9 05 64 00 20 04 9F B5 F5 7A 6F 07 D8 00 29 18 BF 00 2A 03 D0 14 F0 01 0F 04 D0 08 E0 F0 BC 4F F0 01 00 70 47 00 2B F9 D0 B3 F5 48 5F F6 D8 00 2F 18 BF 00 2E F2 D0,2.09698s,Vector SLP3,76 36,,,
2.12360s,Vector SLP3,36 37 07 2C F0 D8 DF F8 24 C0 AC F8 08 50 8C F8 00 10 8C F8 01 20 AC F8 0A 30 8C F8 02 70 8C F8 03 60 8C F8 04 40 F0 BC 70 47 70 47 00 00 B8 00 00 18 00 C0 00 40 00 40 03 40 FE 48 40 89 70 47 FD 48 80 89 70 47 FB 48 C0 89 70 47 FA 48 00 78 70 47 F8 48 40 78 70 47 F7 48 80 78 70 47 F5 48 00 8A 80 B2 70 47 F3 48 C1 88 49 1C C1 80 01 21 01 70 70 47 F0 48 00 21 01 70 81 88 49 1C 81 80 70 47,2.12822s,Vector SLP3,76 37,,,
2.15436s,Vector SLP3,36 38 00 20 70 47 70 47 70 47 70 47 70 B5 EA 4D 4F F2 F0 12 EA 4C B5 F8 01 00 40 BA 81 1A 90 42 40 D0 0B DC 00 F6 79 60 B0 F5 80 30 12 D0 02 28 1A D0 0A 28 2C D0 1C 28 20 D0 06 E0 04 26 01 29 46 D0 02 29 4D D0 03 29 54 D0 BD E8 70 40 12 20 08 F0 81 BE 0C 22 22 80 DA 49 E8 1C 0C F0 A5 FE BD E8 70 40 08 F0 9F BE 09 22 22 80 D6 49 E8 1C 0C F0 9B FE BD E8 70 40 08 F0 95 BE 05 22 22 80 D2 49,2.15909s,Vector SLP3,76 38,,,
2.18544s,Vector SLP3,36 39 E8 1C 0C F0 91 FE BD E8 70 40 08 F0 8B BE 0D 22 22 80 CE 49 E8 1C 0C F0 87 FE BD E8 70 40 08 F0 81 BE 06 F0 12 FC A5 F8 03 00 06 F0 CC FB A5 F8 05 00 06 F0 84 FB A5 F8 07 00 06 F0 3D FB A5 F8 09 00 0A 20 20 80 BD E8 70 40 08 F0 6B BE C0 48 00 88 A5 F8 03 00 26 80 BD E8 70 40 08 F0 62 BE 09 F0 CA FB A5 F8 03 00 26 80 BD E8 70 40 08 F0 59 BE 09 F0 DE FC A5 F8 03 00 26 80 BD E8 70 40,2.18994s,Vector SLP3,76 39,,,
2.21720s,Vector SLP3,36 3A 08 F0 50 BE 70 47 00 20 70 47 01 21 01 70 02 21 41 70 03 21 81 70 04 21 C1 70 00 20 70 47 00 20 70 47 70 B5 AB 48 84 B0 01 68 C1 F3 02 41 05 29 09 D0 01 68 21 F0 06 01 89 1C 01 60 01 68 C1 F3 02 41 05 29 F5 D1 01 68 21 F4 C0 51 01 60 01 68 41 F0 06 01 01 60 0E 23 02 22 9F A1 02 A8 0D F0 CD F8 97 4C 9E A0 00 25 01 68 21 60 40 68 60 60 25 72 02 A9 20 46 0C F0 3B FE 9C A1 9C A0 0C F0,2.22181s,Vector SLP3,76 3A,,,
2.24914s,Vector SLP3,36 3B 43 FE 00 28 24 D0 9A A1 99 A0 0C F0 3D FE 18 B1 98 A1 02 A8 0D F0 B2 F8 86 4E 95 A0 02 A9 00 88 30 83 B5 76 06 F1 18 00 0C F0 22 FE 92 A0 00 68 70 61 92 A0 01 68 C4 F8 0B 10 41 68 C4 F8 0F 10 80 68 C4 F8 13 00 04 B0 BD E8 70 40 08 F0 AE BD 02 20 01 21 CD E9 00 01 02 46 0E 23 8A A1 02 A8 0D F0 8C F8 D8 E7 7B 48 00 68 C0 F3 80 20 70 47 78 48 01 68 41 F4 00 71 01 60 70 47 75 48 01 68,2.25367s,Vector SLP3,76 3B,,,
2.28006s,Vector SLP3,36 3C 21 F4 00 71 01 60 70 47 72 48 01 68 C1 F3 02 41 01 29 08 D0 01 68 21 F0 06 01 01 60 01 68 C1 F3 02 41 01 29 F6 D1 01 68 41 F4 00 11 01 60 01 68 41 F4 00 11 01 60 01 68 41 F0 06 01 01 60 01 68 41 F4 00 71 01 60 70 47 72 48 01 78 59 48 C2 78 11 43 C1 70 70 47 2D E9 F8 4F 56 4E 01 27 4F F0 00 08 30 89 B0 F5 C8 7F 2F BF 77 70 86 F8 01 80 40 1C 30 81 68 48 01 78 11 F0 01 0F 29 D0 21 F0,2.28453s,Vector SLP3,76 3C,,,
2.31094s,Vector SLP3,36 3D 01 01 01 70 A6 F8 08 80 08 F0 60 FE 04 B2 B4 F5 7F 7F 88 BF 00 24 13 D8 94 B1 20 46 0C F0 7F FE 03 21 0C F0 70 FE 0C F0 88 FE 04 B2 64 2C B8 BF 64 24 05 DB 41 F2 94 10 A0 42 B8 BF 41 F2 94 14 02 F0 51 FB 74 81 02 F0 56 FB 4F F4 FA 70 B0 81 F0 81 52 4D 28 78 10 F0 01 0F 00 F0 2D 81 20 F0 01 00 28 70 08 F0 0E FA 70 89 0C F0 61 FE 6F F0 02 01 0C F0 48 FE 0C F0 60 FE 00 B2 0C F0 4F FE,2.31539s,Vector SLP3,76 3D,,,
2.34276s,Vector SLP3,36 3E 0C F0 74 FE 46 4C 01 0A 20 70 60 78 61 F3 01 00 60 70 08 F0 0E FA 08 F0 F5 F9 FE F7 CE FA A1 78 60 F3 45 11 A1 70 08 F0 04 FA 08 F0 EB F9 FF F7 A8 F8 0C F0 3D FE 6F F0 02 01 0C F0 24 FE 0C F0 3C FE 00 B2 0C F0 2B FE 0C F0 50 FE 61 78 60 F3 87 01 61 70 FF F7 95 F8 0C F0 2A FE 6F F0 02 01 0C F0 11 FE 0C F0 29 FE 00 B2 0C F0 18 FE 0C F0 3D FE 81 09 A0 78 61 F3 03 00 A0 70 08 F0 D9 F9,2.34725s,Vector SLP3,76 3E,,,
2.37366s,Vector SLP3,36 3F 08 F0 C0 F9 DF F8 9C 90 99 F8 00 00 41 09 A0 78 61 F3 86 10 A0 70 08 F0 CC F9 01 F0 21 FF C0 09 0C F0 06 FE 20 49 0C F0 64 FD 0C F0 06 FE 0F FA 80 FA 3B E0 CC 00 00 18 19 09 00 18 D8 03 00 18 1C 05 00 18 E4 00 00 18 E0 00 00 18 27 05 00 18 3C 04 00 18 00 E0 01 48 25 30 2A 64 00 00 00 00 45 30 34 30 5F 43 35 57 00 00 00 00 44 4C 00 00 4E 4C 00 00 65 72 72 00 39 30 30 00 45 30 34 30,2.37811s,Vector SLP3,76 3F,,,
2.40555s,Vector SLP3,36 40 5F 43 35 57 5F 30 39 00 25 30 2A 64 5F 25 30 2A 64 00 00 00 00 40 00 50 21 04 00 18 25 04 00 18 DA 03 00 18 4E 01 00 18 00 00 40 C2 08 F0 6A F9 BA F1 FF 0F 88 BF 4F F0 FF 0A 84 F8 03 A0 08 F0 78 F9 08 F0 5F F9 99 F8 00 00 C1 09 A0 78 61 F3 C7 10 A0 70 08 F0 6D F9 00 F0 60 FB 32 30 0F FA 80 FA 08 F0 4F F9 BA F1 FE 0F 88 BF 4F F0 FE 0A 84 F8 04 A0 08 F0 5D F9 08 F0 44 F9 99 F8 00 00,2.40997s,Vector SLP3,76 40,,,
2.43613s,Vector SLP3,36 41 C1 08 60 79 61 F3 00 00 60 71 08 F0 52 F9 08 F0 39 F9 04 F0 26 FC 61 79 60 F3 41 01 61 71 08 F0 48 F9 08 F0 2F F9 B9 F8 00 00 41 0A 60 79 61 F3 82 00 60 71 08 F0 3D F9 08 F0 24 F9 B9 F8 00 00 C1 0A 60 79 61 F3 C3 00 60 71 08 F0 32 F9 08 F0 19 F9 04 F0 FF FB 61 79 60 F3 04 11 61 71 08 F0 28 F9 08 F0 0F F9 99 F8 00 00 01 09 60 79 61 F3 45 10 60 71 08 F0 1D F9 08 F0 04 F9 B9 F8 00 00,2.44084s,Vector SLP3,76 41,,,
2.46731s,Vector SLP3,36 42 01 0B 60 79 61 F3 86 10 60 71 08 F0 12 F9 08 F0 F9 F8 A0 79 20 F0 0F 00 40 1C A0 71 08 F0 09 F9 08 F0 F0 F8 A0 79 20 F0 F0 00 A0 71 E0 79 20 F0 0F 00 E0 71 08 F0 FD F8 28 78 10 F0 02 0F 78 D0 20 F0 02 00 28 70 08 F0 DD F8 09 F0 B2 FA EE 4C 00 F5 00 40 20 70 09 F0 AC FA 00 F5 00 40 00 0A 60 70 08 F0 E6 F8 08 F0 CD F8 FE F7 B9 F8 C0 09 A0 70 FE F7 B5 F8 C0 F3 C0 30 E0 70 08 F0 D9 F8,2.47170s,Vector SLP3,76 42,,,
2.49790s,Vector SLP3,36 43 08 F0 C0 F8 FE F7 B0 F8 C0 09 20 71 FE F7 AC F8 C0 F3 C0 30 60 71 08 F0 CC F8 08 F0 B3 F8 FE F7 93 F8 C0 09 A0 71 FE F7 8F F8 C0 F3 C0 30 E0 71 08 F0 BF F8 08 F0 A6 F8 04 F0 AE FB D3 4C 01 0A A0 78 61 F3 07 10 A0 70 04 F0 A6 FB 01 0B E0 78 61 F3 03 00 E0 70 08 F0 AC F8 08 F0 93 F8 FE F7 6C F9 E1 78 60 F3 04 11 E1 70 08 F0 A2 F8 08 F0 89 F8 DF F8 1C 93 99 F8 00 00 81 09 E0 78 61 F3,2.50256s,Vector SLP3,76 43,,,
2.52985s,Vector SLP3,36 44 45 10 E0 70 08 F0 95 F8 08 F0 7C F8 B9 F8 00 00 01 0B E0 78 61 F3 86 10 E0 70 08 F0 8A F8 08 F0 71 F8 04 F0 57 FB E1 78 60 F3 C7 11 E1 70 08 F0 80 F8 28 78 10 F0 04 0F 79 D0 20 F0 04 00 28 70 69 46 01 20 08 F0 B3 FD 08 F0 5C F8 B1 4C BD F8 00 00 20 70 01 0A 60 78 61 F3 01 00 60 70 08 F0 68 F8 08 F0 4F F8 01 F0 C1 FD 61 78 60 F3 87 01 61 70 01 F0 BB FD 81 09 A0 78 61 F3 01 00 A0 70,2.53441s,Vector SLP3,76 44,,,
2.56064s,Vector SLP3,36 45 08 F0 57 F8 08 F0 3E F8 01 F0 FC FA A1 78 60 F3 87 01 A1 70 01 F0 F6 FA 81 09 E0 78 61 F3 03 00 E0 70 08 F0 46 F8 08 F0 2D F8 FE F7 19 F9 E1 78 60 F3 87 11 E1 70 FE F7 13 F9 81 08 20 79 61 F3 05 00 20 71 08 F0 35 F8 08 F0 1C F8 FE F7 05 F9 21 79 60 F3 87 11 21 71 FE F7 FF F8 81 08 60 79 61 F3 05 00 60 71 08 F0 24 F8 08 F0 0B F8 FE F7 00 F9 61 79 60 F3 87 11 61 71 FE F7 FA F8 81 08,2.56528s,Vector SLP3,76 45,,,
2.59167s,Vector SLP3,36 46 A0 79 61 F3 05 00 A0 71 08 F0 13 F8 07 F0 FA FF FE F7 E0 F8 A1 79 60 F3 87 11 A1 71 FE F7 DA F8 81 08 E0 79 61 F3 05 00 E0 71 08 F0 02 F8 28 78 10 F0 08 0F 2A D0 20 F0 08 00 28 70 07 F0 E2 FF FE F7 DD F8 74 4C 20 70 07 F0 F3 FF 07 F0 DA FF 84 F8 01 80 07 F0 ED FF 07 F0 D4 FF FE F7 C6 F8 A0 70 07 F0 E6 FF 07 F0 CD FF FE F7 C5 F8 E0 70 07 F0 DF FF 69 46 02 20 08 F0 19 FD 07 F0 C2 FF,2.59614s,Vector SLP3,76 46,,,
2.62243s,Vector SLP3,36 47 BD F8 00 00 80 08 20 71 07 F0 D3 FF 28 78 10 F0 10 0F 0F D0 20 F0 10 00 28 70 07 F0 B3 FF 5F 4C 10 20 27 70 60 70 07 F0 C4 FF 07 F0 AB FF A7 70 07 F0 BF FF 28 78 10 F0 80 0F 7C D0 20 F0 80 00 28 70 FE F7 76 FE 40 F2 FC 75 58 B1 04 F0 94 FA 00 09 07 B2 07 F0 96 FF AF 42 88 BF 40 F2 FC 70 03 D9 03 E0 00 27 07 F0 8D FF 38 46 4C 4C AF 42 20 70 88 BF 40 F2 FC 77 39 0A 60 78 61 F3 01 00,2.62702s,Vector SLP3,76 47,,,
2.65314s,Vector SLP3,36 48 60 70 07 F0 96 FF FE F7 54 FE 50 B1 04 F0 8E FA 07 09 07 F0 77 FF AF 42 88 BF 40 F2 FC 70 03 D9 03 E0 00 27 07 F0 6E FF 38 46 61 78 AF 42 60 F3 C7 01 61 70 88 BF 40 F2 FC 77 79 09 A0 78 61 F3 05 00 A0 70 07 F0 75 FF FE F7 33 FE DF F8 D4 80 58 B1 B8 F9 00 00 00 09 07 B2 07 F0 53 FF AF 42 88 BF 40 F2 FC 70 03 D9 03 E0 00 27 07 F0 4A FF 38 46 A1 78 AF 42 60 F3 87 11 A1 70 8C BF 40 F2,2.65750s,Vector SLP3,76 48,,,
2.68422s,Vector SLP3,36 49 FC 70 38 46 4F EA 90 00 E0 70 88 BF 40 F2 FC 77 4F EA 97 21 20 79 61 F3 00 00 20 71 07 F0 49 FF FE F7 07 FE 68 B1 B8 F9 02 00 00 09 07 B2 07 F0 29 FF AF 42 00 E0 17 E0 88 BF 40 F2 FC 70 03 D9 03 E0 00 27 07 F0 1E FF 38 46 21 79 AF 42 60 F3 47 01 21 71 88 BF 40 F2 FC 77 F9 09 60 79 61 F3 03 00 60 71 07 F0 25 FF 08 F0 3E FB 30 82 08 F0 44 FB 70 82 BD E8 F8 8F 0B 49 08 82 70 47 0A 49,2.68875s,Vector SLP3,76 49,,,
2.71591s,Vector SLP3,36 4A 09 8A 01 80 70 47 00 00 03 04 00 18 E4 03 00 18 36 00 00 18 E8 03 00 18 F0 03 00 18 F5 03 00 18 0B 04 00 18 AC 00 00 18 CC 00 00 18 2D E9 F0 4F 76 4C 77 4D 97 B0 B4 F9 04 00 02 AB 05 22 05 F1 08 01 0C F0 D8 F9 83 46 B4 F9 00 00 01 AB 0C 22 05 F1 BC 01 0C F0 CF F9 82 46 B4 F9 02 00 04 AB 05 22 05 F1 14 01 0C F0 C6 F9 81 46 BD F8 04 00 AD F8 14 00 BD F8 10 00 AD F8 16 00 8D F8 18 A0,2.72060s,Vector SLP3,76 4A,,,
2.74692s,Vector SLP3,36 4B 8D F8 19 90 0D 23 05 F1 D6 02 05 A9 06 A8 00 95 0C F0 2F F9 80 46 BD F8 04 00 AD F8 1C 00 BD F8 10 00 AD F8 1E 00 8D F8 20 A0 8D F8 21 90 0D 23 05 F5 B9 72 07 A9 08 A8 00 95 0C F0 1A F9 07 46 BD F8 04 00 AD F8 24 00 BD F8 10 00 8D F8 28 A0 AD F8 26 00 8D F8 29 90 0D 23 05 F2 0E 22 09 A9 0A A8 00 95 0C F0 05 F9 06 46 BD F8 04 00 AD F8 2C 00 BD F8 10 00 AD F8 2E 00 8D F8 30 A0 8D F8,2.75147s,Vector SLP3,76 4B,,,
2.77871s,Vector SLP3,36 4C 31 90 0D 23 05 F2 AA 22 0B A9 0C A8 00 95 0C F0 F0 F8 04 46 BD F8 04 00 AD F8 34 00 BD F8 10 00 AD F8 36 00 8D F8 38 A0 8D F8 39 90 0D 23 05 F2 46 32 0D A9 0E A8 00 95 0C F0 DB F8 BB F1 05 0F 2B D2 DF E8 0B F0 03 1B 1F 23 27 00 BD F8 04 00 AD F8 3C 00 BD F8 10 00 AD F8 3E 00 8D F8 40 A0 8D F8 41 90 0D 23 05 F1 20 02 0F A9 10 A8 00 95 0C F0 00 F9 AD F8 04 00 40 46 10 E0 AD F8 04 80,2.78332s,Vector SLP3,76 4C,,,
2.80968s,Vector SLP3,36 4D 38 46 0C E0 AD F8 04 70 30 46 08 E0 AD F8 04 60 20 46 04 E0 AD F8 04 40 01 E0 AD F8 04 00 BD F9 04 10 40 1A B0 F5 00 4F AE BF 47 F6 FF 70 10 F5 00 4F 18 48 BD F9 08 20 50 43 C0 11 B0 F5 00 4F AE BF 47 F6 FF 70 10 F5 00 4F 12 48 41 F2 7B 42 50 43 00 13 B0 F5 00 4F AE BF 47 F6 FF 70 10 F5 00 4F 0C 48 41 F2 7B 42 51 43 01 EB 00 30 0A 49 C0 14 08 80 17 B0 BD E8 F0 8F 10 B5 03 48 0C F0,2.81419s,Vector SLP3,76 4D,,,
2.84056s,Vector SLP3,36 4E 11 FC 05 49 00 20 08 80 10 BD 00 00 EE 00 00 18 C4 33 01 11 00 80 FF FF EC 00 00 18 4A 48 B0 F9 02 00 70 47 48 48 B0 F9 06 00 70 47 46 48 B0 F9 04 00 70 47 44 48 B0 F9 0A 00 70 47 42 48 00 78 70 47 70 B5 01 F0 C4 F8 01 F0 DF F9 01 F0 9D F8 04 46 01 F0 D3 F9 05 46 04 F0 CE F8 01 F0 B5 F8 01 00 03 D1 3C 2C A8 BF 20 46 13 DA 28 46 32 2C 10 DD 79 B9 A4 F1 32 01 09 B2 01 FB 04 F2 C1 F1,2.84506s,Vector SLP3,76 4E,,,
2.87263s,Vector SLP3,36 4F 0A 01 01 FB 05 20 31 49 81 FB 00 10 81 10 A1 EB E0 70 00 B2 2C 49 02 04 48 80 88 81 88 80 4A 61 08 81 48 81 0A 61 C8 80 70 BD 2D E9 F0 41 01 F0 E8 F8 01 F0 D1 F9 01 F0 68 F8 05 46 01 F0 9E F9 07 46 04 F0 99 F8 FE F7 7A FC 01 F0 7E F8 06 46 01 F0 98 F9 50 EA 06 01 1B 4C 4F F0 00 00 18 BF 01 20 20 70 1E B9 3C 2D A8 BF 28 46 13 DA 38 46 32 2D 10 DD 7E B9 A5 F1 32 01 09 B2 01 FB 05 F2,2.87692s,Vector SLP3,76 4F,,,
2.90414s,Vector SLP3,36 50 C1 F1 0A 01 01 FB 07 20 10 49 81 FB 00 10 81 10 A1 EB E0 70 00 B2 60 80 11 30 00 B2 A0 81 03 22 0B 49 00 F0 78 FE 60 69 4F F4 00 42 00 14 A0 80 B4 F9 02 00 20 81 07 49 00 F0 6D FE 20 69 00 14 60 81 E0 80 BD E8 F0 81 F4 00 00 18 67 66 66 66 08 01 00 18 04 01 00 18 50 48 10 B5 01 88 21 F0 04 01 01 80 04 F0 39 F8 FD F7 2A FE 04 F0 3C F8 FD F7 00 FE BD E8 10 40 00 F0 BF BA 48 48 02 78,2.90878s,Vector SLP3,76 50,,,
2.93615s,Vector SLP3,36 51 46 48 01 2A 01 88 0C BF 41 F0 40 01 21 F0 40 01 01 80 70 47 10 B5 04 F0 42 F8 10 F0 02 0F 3F 48 01 88 14 BF 41 F0 80 01 21 F0 80 01 01 80 10 BD 70 B5 FF F7 43 FF 39 4C 01 28 20 88 0C BF 40 F0 01 00 20 F0 01 00 20 80 01 F0 CA FC 35 4D 01 28 0B D0 01 F0 C8 FC 01 28 07 D0 28 88 10 F4 80 5F 04 BF 20 88 20 F0 02 00 02 D0 20 88 40 F0 02 00 20 80 01 F0 45 FB 01 28 20 88 0C BF 40 F0 08 00,2.94064s,Vector SLP3,76 51,,,
2.96692s,Vector SLP3,36 52 20 F0 08 00 20 80 01 F0 40 FB 01 28 20 88 0C BF 40 F0 10 00 20 F0 10 00 20 80 03 F0 E2 FF 01 28 1A D0 03 F0 D7 FF 01 28 16 D0 FD F7 C6 FD 01 28 12 D0 03 F0 0E F8 78 B9 28 88 10 F4 00 6F 03 D0 FE F7 80 FB 01 28 07 D1 FD F7 9C FD 01 28 03 D0 00 F0 4D FA 01 28 03 D1 20 88 40 F0 04 00 20 80 FD F7 77 FC 01 28 10 D0 FD F7 6F FC 01 28 0C D0 FD F7 A2 FC 01 28 1C BF 20 88 20 F0 20 00 04 D0,2.97151s,Vector SLP3,76 52,,,
2.99864s,Vector SLP3,36 53 80 B2 20 F4 80 70 20 80 70 BD 20 88 40 F0 20 00 F6 E7 02 48 00 78 C0 F3 80 00 70 47 0C 01 00 18 7D 03 00 18 36 00 00 18 59 48 40 88 70 47 59 49 00 20 09 88 11 F4 80 6F 18 BF 01 20 70 47 54 48 00 78 70 47 54 48 00 78 10 F0 40 0F 08 BF 70 47 50 48 01 88 41 F0 40 01 01 80 70 47 4E 48 00 78 10 F0 80 0F 08 BF 70 47 4A 48 01 88 41 F0 80 01 01 80 70 47 70 47 70 B5 47 4D 46 4C 28 88 10 F0,3.00300s,Vector SLP3,76 53,,,
3.02971s,Vector SLP3,36 54 01 0F 03 D0 21 88 41 F0 01 01 21 80 21 88 10 F4 80 7F 14 BF 41 F4 80 71 21 F4 80 71 21 80 10 F0 20 0F 03 D0 21 88 41 F0 20 01 21 80 38 4E F1 88 00 29 18 BF 48 1E 04 D0 F0 80 00 04 00 0C 1C D1 12 E0 10 F0 04 0F 0F D0 20 88 40 F0 04 00 20 80 30 78 0A 28 3C BF 40 1C 30 70 30 48 31 78 00 EB 41 00 30 F8 02 0C E7 E7 20 88 10 F0 04 0F 04 D0 20 F0 04 00 20 80 FF F7 EF FE FE F7 1D FB 00 21,3.03424s,Vector SLP3,76 54,,,
3.06045s,Vector SLP3,36 55 B0 F5 16 7F 24 BF 20 78 10 F0 04 0F 08 BF 31 70 28 88 22 88 10 F0 08 0F 14 BF 42 F0 08 02 22 F0 08 02 22 80 10 F0 10 0F 92 B2 14 BF 42 F0 10 02 22 F0 10 02 22 80 10 F0 02 0F 90 B2 14 BF 40 F0 02 00 20 F0 02 00 20 80 80 B2 10 F0 A1 0F 04 D0 40 F4 80 60 20 80 71 80 70 BD 10 F0 04 0F 07 BF 10 F4 80 7F 10 F0 18 0F 71 80 40 F4 80 60 0D D1 10 F0 02 0F 04 D0 71 80 40 F4 80 60 20 80 70 BD,3.06510s,Vector SLP3,76 55,,,
3.09139s,Vector SLP3,36 56 FD F7 0C FB 70 80 20 88 20 F4 80 60 20 80 70 BD 0E 01 00 18 12 01 00 18 0C 01 00 18 A8 37 01 11 A9 49 00 20 08 81 08 70 48 70 48 81 88 81 08 82 88 70 C8 70 C8 81 08 71 48 71 A4 49 08 80 48 80 88 80 C8 80 08 81 A2 48 81 68 41 F4 E0 61 81 60 81 68 41 F0 07 01 81 60 01 6A 41 F4 40 71 01 62 81 68 41 F0 10 01 81 60 9A 48 81 6A 41 F4 A8 11 81 62 70 47 2D E9 F0 0F 93 48 01 25 84 46 42 78,3.09597s,Vector SLP3,76 56,,,
3.12218s,Vector SLP3,36 57 BC F9 0A 30 BC F9 0C 40 00 21 DF F8 48 C2 09 2A 2A D0 52 1C 42 70 C2 78 00 2A 7B D0 00 78 01 28 1C BF BD E8 F0 0F 70 47 98 00 00 F1 08 01 A1 42 A4 BF BD E8 F0 0F 70 47 08 38 40 42 A0 42 A4 BF BD E8 F0 0F 70 47 DC F8 28 00 10 F4 80 3F 04 BF BD E8 F0 0F 70 47 DC F8 28 00 20 F4 A8 10 CC F8 28 00 BD E8 F0 0F 70 47 DC F8 28 20 12 F4 80 3F 05 D0 DC F8 28 20 22 F4 A8 12 CC F8 28 20 73 4A,3.12683s,Vector SLP3,76 57,,,
3.15415s,Vector SLP3,36 58 13 81 04 82 41 81 81 81 DC F8 28 60 46 F4 A8 16 CC F8 28 60 94 46 90 F8 02 90 BC F9 02 80 BC F9 04 70 BC F9 06 60 B9 F1 04 0F 3C BF 09 F1 01 03 83 70 4F D3 6F F0 63 0C DF F8 9C A1 03 FB 0C FC 8A FB 0C 9C AC EB EC 7C DF F8 7C 91 0F FA 8C FC A0 F8 0E C0 99 F8 04 90 BC F5 61 7F 04 DA B9 F1 01 0F 08 BF 01 71 07 D0 40 F2 4C 4B DC 45 03 DD B9 F1 00 0F 08 BF 05 71 81 71 00 2B 0B DB 03 F1,3.15870s,Vector SLP3,76 58,,,
3.18593s,Vector SLP3,36 59 01 09 4C 45 C8 BF BC F5 96 7F 0D DD 85 71 01 81 11 81 1E E0 25 E0 C3 F1 01 09 4C 45 C4 BF CC F1 00 04 B4 F5 96 7F F1 DC 04 79 01 2C 08 BF A0 F8 08 C0 0E D0 B2 F9 00 C0 BC 19 C4 44 A4 44 63 44 6F F0 13 0C 03 FB 0C F3 8A FB 03 C3 A3 EB E3 73 03 81 05 70 A2 F8 00 80 57 80 96 80 13 89 D3 80 02 E0 C5 70 41 81 81 81 41 70 BD E8 F0 0F 70 47 35 49 00 20 08 70 37 48 81 6A 21 F4 A8 11 81 62,3.19055s,Vector SLP3,76 59,,,
3.21797s,Vector SLP3,36 5A 33 48 81 68 21 F0 07 01 81 60 81 68 21 F4 E0 61 81 60 70 47 2C 48 81 89 49 1C 81 81 42 79 00 2A 06 BF 00 21 41 81 01 2A 0B D0 27 49 02 2A B1 F9 0A 10 08 BF 49 1C 03 D0 03 2A 08 BF 49 1E 00 D1 41 81 01 21 41 71 70 47 1F 48 81 89 49 1C 81 81 42 79 00 2A 04 BF 00 21 41 81 0D D0 1A 49 01 2A B1 F9 0A 10 08 BF 49 1E 05 D0 02 2A 04 D0 03 2A 08 BF 49 1C 00 D1 41 81 02 21 41 71 70 47 12 48,3.22241s,Vector SLP3,76 5A,,,
3.24872s,Vector SLP3,36 5B 81 89 49 1C 81 81 42 79 00 2A 04 BF 00 21 41 81 0B D0 0D 49 01 2A B1 F9 0A 10 08 BF 49 1C 03 D0 02 2A 08 BF 49 1E 00 D1 41 81 03 21 41 71 70 47 05 48 B0 F9 08 00 70 47 03 48 00 78 70 47 02 49 00 20 08 70 70 47 00 00 16 01 00 18 34 05 00 18 00 80 01 48 00 60 00 50 56 55 55 55 6C 48 80 88 70 47 6B 48 C0 88 70 47 69 48 40 78 70 47 68 48 00 78 70 47 66 48 80 78 70 47 65 49 00 20 08 70,3.25328s,Vector SLP3,76 5B,,,
3.28071s,Vector SLP3,36 5C 70 47 2D E9 F0 47 FF F7 89 FC 4F F0 C8 08 4F F4 FA 77 00 28 CC BF C1 46 B9 46 FF F7 7F FC 00 28 D8 BF B8 46 FE F7 0E F9 DF F8 68 A1 00 25 58 4C 03 28 39 D0 65 82 A5 82 A4 F8 16 90 65 70 25 70 8A F8 00 50 00 F0 CA FC A0 80 00 F0 CA FC E0 80 05 F0 7F FB 01 28 A0 88 70 D0 B0 F5 FA 7F 38 BF A7 80 E0 88 B0 F5 FA 7F 38 BF E7 80 FF F7 5A FC A0 81 02 46 07 23 48 49 03 20 00 F0 1D FB 80 B2,3.28514s,Vector SLP3,76 5C,,,
3.31138s,Vector SLP3,36 5D 20 81 A1 88 00 F0 3F FB A0 80 07 23 B4 F9 0C 20 42 49 01 20 00 F0 10 FB 80 B2 60 81 E1 88 00 F0 32 FB E0 80 BD E8 F0 87 FE F7 EB F8 E0 81 FE F7 E5 F8 20 82 01 F0 DD F9 01 26 40 B1 E0 89 B0 F5 FA 6F 8C BF 8A F8 00 50 B0 F5 C8 6F 01 D2 8A F8 00 60 00 F0 F6 FC 23 28 C8 BF 4F F6 E8 50 05 DC 00 F0 EF FC 1E 28 B8 BF 00 20 01 DA FF F7 04 FB E1 89 64 29 03 D2 2A 48 00 78 09 28 11 D0 65 82,3.31600s,Vector SLP3,76 5D,,,
3.34206s,Vector SLP3,36 5E 62 8B 20 8A 02 F1 14 03 98 42 02 D8 14 3A 90 42 0E DA 4F F4 7A 72 A2 83 12 04 60 83 12 0C 18 D1 0D E0 60 8A 40 45 2E BF 26 70 40 1C 60 82 E7 E7 A2 8B 00 2A 18 BF 52 1E ED D1 ED E7 1F E0 32 38 81 42 06 DA 20 8B 32 28 2E BF A6 70 40 1C 20 83 01 E0 25 83 A5 70 41 F6 64 10 81 42 07 D9 E5 82 A0 8A 80 45 92 BF 66 70 40 1C A0 82 6A E7 A5 82 E0 8A 48 45 2E BF 65 70 40 1C E0 82 62 E7 00 28,3.34649s,Vector SLP3,76 5E,,,
3.37307s,Vector SLP3,36 5F 08 BF A7 80 E0 88 00 28 08 BF E7 80 BD E8 F0 87 28 01 00 18 13 02 00 18 C2 37 01 11 BC 37 01 11 2E 04 00 18 70 B5 4F 4D 4F 4C 29 88 20 88 11 F0 40 0F 14 BF 40 F0 01 00 20 F0 01 00 20 80 11 F0 20 0F 80 B2 14 BF 40 F0 02 00 20 F0 02 00 20 80 11 F0 80 0F 80 B2 14 BF 40 F0 04 00 20 F0 04 00 20 80 11 F0 01 0F 80 B2 14 BF 40 F0 08 00 20 F0 08 00 20 80 11 F0 02 0F 80 B2 14 BF 40 F0 10 00,3.37773s,Vector SLP3,76 5F,,,
3.40388s,Vector SLP3,36 60 20 F0 10 00 20 80 39 48 11 F0 08 0F 4F F0 00 03 1B D0 43 80 02 88 05 2A 21 BF 22 88 42 F0 20 02 42 F0 40 02 22 80 3C BF 52 1C 02 80 11 F0 10 0F 19 D0 C3 80 81 88 05 29 3C BF 49 1C 81 80 1F D3 20 88 40 F4 C0 70 20 80 1A E0 03 80 42 88 05 2A 21 BF 22 88 22 F0 20 02 42 F0 40 02 22 80 3C BF 52 1C 42 80 E2 E7 83 80 C1 88 05 29 3C BF 49 1C C1 80 05 D3 20 88 20 F0 80 00 40 F4 80 70 20 80,3.40860s,Vector SLP3,76 60,,,
3.43493s,Vector SLP3,36 61 FF F7 9D FC 00 28 1C BF 20 88 40 F4 00 70 1F D0 20 80 28 78 10 F0 04 0F 20 88 14 BF 40 F4 80 60 20 F4 80 60 20 80 FD F7 39 F8 20 88 10 F0 0F 0F 14 BF 40 F4 00 60 20 F4 00 60 20 80 80 B2 10 F4 2B 6F 14 BF 40 F4 80 50 20 F4 80 50 20 80 70 BD FF F7 75 FC 00 28 04 BF 20 88 20 F4 00 70 D8 D1 D6 E7 00 00 12 01 00 18 4E 01 00 18 46 01 00 18 2B 48 00 21 01 70 01 81 41 81 70 47 70 B5 FD F7,3.43946s,Vector SLP3,76 61,,,
3.46666s,Vector SLP3,36 62 A1 FF 00 25 26 4C 03 28 03 D0 25 70 25 81 65 81 70 BD FD F7 B6 FF 02 B2 08 23 22 49 05 20 00 F0 CB F9 60 80 FF F7 FE FA 02 46 08 23 1E 49 04 20 00 F0 C2 F9 A0 80 61 88 48 43 C0 F3 85 20 E0 80 20 78 A8 B1 FD F7 BB FF 00 28 B8 BF 70 BD FD F7 B6 FF E1 88 80 B2 88 42 84 BF 65 81 70 BD 25 81 60 89 B0 F5 16 7F 2E BF 25 70 40 1C 60 81 70 BD FD F7 A5 FF 00 28 B8 BF 70 BD A0 89 E1 88 88 42,3.47132s,Vector SLP3,76 62,,,
3.49869s,Vector SLP3,36 63 9C BF 25 81 70 BD 65 81 20 89 B0 F5 16 7F 27 BF 01 20 20 70 40 1C 20 81 70 BD 01 48 00 78 70 47 50 01 00 18 D4 37 01 11 F2 37 01 11 C1 48 50 F8 34 1F 21 F4 7F 41 01 60 01 68 21 F0 FF 01 01 60 41 69 21 F0 03 01 89 1C 41 61 C1 6F 21 F0 03 01 C1 67 41 6C 41 F0 01 01 41 64 81 6D 41 F0 FF 01 81 65 01 6F 41 F0 18 01 01 67 01 6F 21 F0 07 01 49 1C 01 67 81 6C 41 F0 01 01 81 64 C1 6C 21 F0,3.50317s,Vector SLP3,76 63,,,
3.52949s,Vector SLP3,36 64 FF 01 3A 31 C1 64 41 6E 21 F0 18 01 10 31 41 66 41 6E 21 F0 07 01 89 1C 41 66 01 68 21 F0 7F 41 01 F1 00 71 01 60 01 68 21 F4 7F 01 01 F5 7E 01 01 60 41 69 21 F0 0C 01 41 61 C1 6F 21 F0 0C 01 C1 67 41 6C 21 F0 02 01 41 64 81 6D 41 F4 7F 41 81 65 01 6F 21 F4 C0 51 01 F5 80 51 01 67 01 6F 21 F4 E0 61 01 F5 80 71 01 67 81 6C 21 F0 02 01 81 64 C1 6C 21 F4 7F 41 01 F5 44 51 C1 64 41 6E,3.53403s,Vector SLP3,76 64,,,
3.56048s,Vector SLP3,36 65 21 F4 C0 51 01 F5 00 61 41 66 41 6E 21 F4 E0 61 01 F5 80 71 41 66 41 68 21 F4 7F 41 41 60 41 68 21 F0 FF 01 FE 31 41 60 41 69 21 F0 30 01 41 61 C1 6F 21 F0 30 01 C1 67 41 6C 21 F0 04 01 41 64 81 6D 41 F4 7F 01 81 65 01 6F 21 F4 C0 11 01 F5 80 11 01 67 01 6F 21 F4 E0 21 01 F5 80 31 01 67 81 6C 21 F0 04 01 81 64 C1 6C 21 F4 7F 01 01 F5 54 11 C1 64 41 6E 21 F4 C0 11 01 F5 80 11 41 66,3.56489s,Vector SLP3,76 65,,,
3.59227s,Vector SLP3,36 66 41 6E 21 F4 E0 21 01 F5 80 31 41 66 41 68 21 F0 7F 41 A1 F1 80 61 41 60 41 68 21 F4 7F 01 01 F5 7E 01 41 60 41 69 21 F0 C0 01 41 61 C1 6F 21 F0 C0 01 C1 67 41 6C 21 F0 08 01 41 64 81 6D 41 F0 7F 41 81 65 01 6F 21 F0 C0 51 01 F1 80 51 01 67 01 6F 21 F0 E0 61 01 F1 80 71 01 67 81 6C 21 F0 08 01 81 64 C1 6C 21 F0 7F 41 01 F1 78 51 C1 64 41 6E 21 F0 C0 51 01 F1 80 51 41 66 41 6E 21 F0,3.59675s,Vector SLP3,76 66,,,
3.62297s,Vector SLP3,36 67 E0 61 01 F1 80 71 41 66 81 68 21 F4 7F 41 81 60 81 68 21 F0 FF 01 FE 31 81 60 41 69 21 F4 40 71 01 F5 00 71 41 61 C1 6F 21 F4 40 71 C1 67 41 6C 41 F0 10 01 41 64 C1 6D 21 F0 FF 01 C1 65 41 6F 21 F0 18 01 10 31 41 67 41 6F 21 F0 07 01 89 1C 41 67 81 6C 41 F0 10 01 81 64 01 6D 21 F0 FF 01 01 65 81 6E 21 F0 18 01 08 31 81 66 81 6E 21 F0 07 01 89 1C 81 66 81 68 21 F0 7F 41 81 60 81 68,3.62761s,Vector SLP3,76 67,,,
3.65404s,Vector SLP3,36 68 21 F4 7F 01 81 60 41 69 21 F4 40 61 01 F5 00 61 41 61 C1 6F 21 F4 40 61 C1 67 41 6C 41 F0 20 01 41 64 C1 6D 21 F4 7F 41 01 F5 3C 41 C1 65 41 6F 21 F4 C0 51 01 F5 80 51 41 67 41 6F 21 F4 E0 61 01 F5 00 71 41 67 81 6C 41 F0 20 01 81 64 01 6D 21 F4 7F 41 01 F5 1A 41 01 65 81 6E 21 F4 C0 51 01 F5 00 61 81 66 81 6E 21 F4 E0 61 01 F5 00 71 81 66 41 6D 21 F0 FF 01 49 1C 41 65 41 6D 21 F4,3.65847s,Vector SLP3,76 68,,,
3.68467s,Vector SLP3,36 69 7F 01 01 F5 53 01 41 65 41 6D 21 F0 7F 41 A1 F1 F8 51 41 65 50 F8 18 1C 21 F4 70 61 01 F5 00 61 40 F8 18 1C 41 6D 21 F0 7F 41 A1 F1 F8 51 41 65 70 47 00 00 00 C0 01 48 30 B4 00 24 A4 46 84 45 00 D2 94 B1 84 45 24 BF 40 1E 00 F0 FF 0C 0C EB 4C 00 31 F9 10 C0 01 EB 40 00 0C FB 02 F2 40 88 1A 41 10 44 30 BC 00 B2 70 47 0C EB 4C 05 01 EB 45 05 B5 F9 04 50 95 42 AE BF 01 24 0C F1 01 0C,3.68934s,Vector SLP3,76 69,,,
3.71582s,Vector SLP3,36 6A 0C F0 FF 0C DB E7 81 42 38 BF 08 46 70 47 81 42 88 BF 08 46 70 47 0B 68 A0 EB 23 40 00 FB 02 30 08 60 70 47 0B 68 A0 EB 13 40 00 FB 02 30 08 60 70 47 B6 B6 70 B5 A2 4C 20 78 20 F0 04 00 20 70 A0 4D 28 78 20 F0 04 00 28 70 9F 48 00 26 01 21 86 80 C6 80 46 70 01 70 86 70 C6 70 04 F0 F9 FF D0 B9 9A 48 01 68 C1 F3 02 41 01 29 08 D0 01 68 21 F0 06 01 01 60 01 68 C1 F3 02 41 01 29 F6 D1,3.72020s,Vector SLP3,76 6A,,,
3.74642s,Vector SLP3,36 6B 01 68 41 F4 00 11 01 60 01 68 41 F4 00 11 01 60 01 68 41 F0 06 01 01 60 20 7F 40 F0 40 00 20 77 20 7F 40 F0 80 00 20 77 20 79 20 F0 01 00 20 71 20 78 40 F0 01 00 20 70 20 78 20 F0 02 00 20 70 20 79 40 F0 10 00 20 71 20 79 20 F0 0E 00 80 1D 20 71 20 79 40 F0 20 00 20 71 26 76 4F F0 50 20 10 F8 BC 1F 21 F0 40 01 01 70 01 79 21 F0 30 01 01 71 29 7F 41 F0 40 01 29 77 29 7F 41 F0 80 01,3.75107s,Vector SLP3,76 6B,,,
3.77830s,Vector SLP3,36 6C 29 77 29 79 21 F0 01 01 29 71 29 78 41 F0 01 01 29 70 29 78 21 F0 02 01 29 70 29 79 41 F0 10 01 29 71 29 79 21 F0 0E 01 89 1D 29 71 29 79 21 F0 20 01 29 71 2E 76 01 78 21 F0 80 01 01 70 01 79 21 F0 C0 01 80 31 01 71 20 79 20 F0 80 00 20 71 28 79 20 F0 80 00 28 71 70 BD 59 49 08 79 20 F0 40 00 08 71 08 78 20 F0 04 00 08 70 00 22 0A 74 0A 75 08 7A 0A 72 08 7B 0A 73 52 48 03 79 23 F0,3.78292s,Vector SLP3,76 6C,,,
3.80911s,Vector SLP3,36 6D 40 03 03 71 03 78 23 F0 04 03 03 70 02 74 02 75 03 7A 02 72 03 7B 02 73 C0 23 0B 77 03 77 4A 4B 5A 70 01 22 02 76 0A 79 42 F0 40 02 0A 71 02 79 42 F0 40 02 02 71 0A 78 42 F0 08 02 0A 70 01 78 41 F0 08 01 01 70 70 47 DF F8 FC C0 9C F8 00 00 01 28 18 BF 70 47 00 B5 FF F7 BF FF 00 20 8C F8 00 00 00 BD 38 4A 10 B4 01 23 93 70 92 F8 01 C0 34 48 BC F1 01 0F 08 D0 01 7A 00 29 01 BF 01 7B,3.81379s,Vector SLP3,76 6D,,,
3.84111s,Vector SLP3,36 6E 00 29 53 70 10 BC 08 BF 70 47 4F F0 00 01 01 76 2B 49 0C 78 24 F0 08 04 0C 70 04 78 24 F0 08 04 04 70 0C 78 14 F0 80 0F 02 BF 04 78 14 F0 80 0F BC F1 01 0F 0E D1 90 F8 08 C0 04 7B 4C EA 04 2C A2 F8 06 C0 91 F8 08 C0 0C 7B 4C EA 04 2C A2 F8 04 C0 D3 70 4F F0 C0 0C 81 F8 1C C0 80 F8 1C C0 13 70 10 BC 70 47 17 48 00 22 02 76 14 49 0B 78 23 F0 08 03 0B 70 03 78 23 F0 08 03 03 70 C0 23,3.84564s,Vector SLP3,76 6E,,,
3.87186s,Vector SLP3,36 6F 0B 77 03 77 0B 79 23 F0 40 03 0B 71 0B 78 23 F0 04 03 0B 70 0A 74 0A 75 01 79 21 F0 40 01 01 71 01 78 21 F0 04 01 01 70 02 74 02 75 06 48 42 70 02 70 70 47 04 48 80 88 70 47 03 48 C0 88 70 47 00 40 00 48 00 50 00 48 5E 01 00 18 00 E0 01 48 24 48 40 88 70 47 23 48 00 78 70 47 21 48 80 88 70 47 20 48 C0 88 70 47 1E 48 40 78 70 47 70 B5 04 F0 AF FE 64 25 1B 4C 01 28 18 D0 0A F0 62 F9,3.87651s,Vector SLP3,76 6F,,,
3.90365s,Vector SLP3,36 70 28 B1 0A F0 5F F9 64 28 38 BF 65 80 02 D3 0A F0 59 F9 60 80 0A F0 5F F9 20 70 0A F0 5F F9 60 70 0A F0 53 F9 A0 80 0A F0 53 F9 E0 80 70 BD FE F7 25 F9 28 B1 FE F7 22 F9 64 28 38 BF 65 80 02 D3 FE F7 1C F9 60 80 00 20 20 70 FE F7 1A F9 00 EB 80 00 40 00 A0 80 FE F7 17 F9 00 EB 80 00 40 00 E3 E7 00 00 66 01 00 18 10 B5 04 F0 72 FE 01 28 03 D0 BD E8 10 40 06 F0 09 BD BD E8 10 40 04 F0,3.90837s,Vector SLP3,76 70,,,
3.93461s,Vector SLP3,36 71 67 BB B6 B6 94 48 80 89 70 47 93 48 B0 F9 06 00 70 47 92 4B 58 80 19 80 9A 80 70 47 70 B5 FD F7 F0 FB 04 46 FD F7 0B FC 8B 4D 8C 4A EB 88 54 80 10 80 93 80 FE F7 3A FE 89 48 B0 F9 00 00 68 81 70 BD 85 48 B0 F9 08 00 70 47 83 48 00 78 70 47 10 B5 84 49 00 20 07 F0 6A FA 7F 49 82 4A 88 70 92 6D 4F F0 01 0C 12 F0 00 6F 4F F0 32 02 4F F0 00 03 05 D0 0B 71 0A 82 4A 82 81 F8 01 C0 3E E0,3.93922s,Vector SLP3,76 71,,,
3.96643s,Vector SLP3,36 72 0C 78 02 2C 2C D0 4A 82 8C 89 B4 F5 6A 7F 09 D3 81 F8 01 C0 08 8A 00 28 1A BF 40 1E 08 82 81 F8 04 C0 2C E0 0A 82 4A 78 01 2A 18 BF 01 28 26 D0 B4 F5 6F 7F 24 BF 40 F2 BB 30 88 81 6B 48 8A 89 80 5C 32 38 C8 81 80 B2 C8 80 02 04 CA 61 08 81 4B 81 BD E8 10 40 4F F4 96 71 65 48 0B F0 3D B8 0A 82 81 F8 01 C0 88 89 B0 F5 6A 7F 28 BF 4A 82 05 D2 48 8A 00 28 1A BF 40 1E 48 82 0B 71 19 20,3.97108s,Vector SLP3,76 72,,,
3.99742s,Vector SLP3,36 73 E0 E7 70 B5 54 4C 00 25 04 F1 0C 01 65 70 28 46 07 F0 0D FA 32 21 01 22 A0 70 01 28 1B D0 E1 82 20 78 01 28 18 BF 21 83 20 D0 4F 4B 9B 6D 13 F0 00 6F 23 D0 25 71 21 82 61 82 62 70 E0 78 01 28 12 D0 20 79 01 28 06 BF 02 20 20 70 25 70 60 78 00 28 33 D0 51 E0 21 83 62 70 E0 8A 00 28 1A BF 40 1E E0 82 E2 70 E9 D1 22 70 F0 E7 62 70 23 8B 00 2B 1A BF 5B 1E 23 83 E5 70 D6 E7 02 28 0E D0,4.00195s,Vector SLP3,76 73,,,
4.02914s,Vector SLP3,36 74 61 82 A0 89 B0 F5 6A 7F 38 BF 21 82 D6 D3 62 70 20 8A 00 28 1A BF 40 1E 20 82 22 71 CE E7 21 82 62 70 A0 89 B0 F5 6A 7F 28 BF 61 82 C6 D2 60 8A 00 28 1A BF 40 1E 60 82 25 71 BF E7 A0 89 B0 F5 6F 7F 24 BF 40 F2 BB 30 A0 81 28 48 A1 89 4F F4 80 42 40 5C 27 49 32 38 E0 81 FF F7 5C FD E0 69 00 14 E0 80 10 F1 28 0F B8 BF 6F F0 27 00 03 DB 96 28 C8 BF 96 20 00 DD E0 80 FD F7 02 FB 06 46,4.03381s,Vector SLP3,76 74,,,
4.06119s,Vector SLP3,36 75 FD F7 1D FB 15 4A E3 88 56 80 10 80 93 80 FE F7 4D FD 13 48 DF F8 58 C0 00 88 60 81 E3 88 19 1A 21 81 A2 8A 02 EB 42 06 2C F8 16 00 0C EB 46 00 43 80 81 80 50 1C 80 B2 0F 49 A0 82 A1 FB 00 21 09 09 6F F0 18 02 51 43 10 EB 41 00 08 BF A5 82 70 BD 48 43 40 0C 70 47 70 01 00 18 EE 00 00 18 EC 00 00 18 7C 01 00 18 00 60 00 50 0A 38 01 11 D0 06 00 18 8C 01 00 18 1F 85 EB 51 5E 48 B0 F9,4.06567s,Vector SLP3,76 75,,,
4.09300s,Vector SLP3,36 76 06 00 70 47 5C 48 00 78 70 47 10 B5 5B 49 0D 20 07 F0 B1 F8 58 4C A0 70 00 F0 73 F8 60 78 01 28 1A BF A0 78 01 28 19 20 0F D0 60 89 40 F2 15 21 A0 F1 01 00 00 B2 00 FB 01 F0 4F EA E0 71 00 EB 11 60 4F F6 E0 61 01 EB 20 20 20 81 80 B2 E0 80 4F EA 00 40 A0 61 10 BD 70 B5 47 4C 00 26 04 F1 0A 01 66 70 0D 20 07 F0 86 F8 32 21 01 25 A0 70 01 28 31 D0 61 82 20 78 01 28 18 BF A1 82 36 D0,4.09754s,Vector SLP3,76 76,,,
4.12499s,Vector SLP3,36 77 00 F0 3F F8 E0 78 01 28 2F D0 20 79 01 28 08 BF 03 20 34 D0 60 79 01 28 0C BF 02 20 26 70 2E D0 60 78 00 28 18 BF 70 BD 60 89 40 F2 15 21 40 1E 00 B2 48 43 C1 17 00 EB 11 60 4F F6 E0 61 01 EB 20 20 00 B2 20 81 4F F4 80 42 2D 49 FF F7 A3 FC A0 69 00 14 E0 80 70 BD A1 82 65 70 60 8A 00 28 1A BF 40 1E 60 82 E5 70 CC D1 25 70 D8 E7 65 70 A0 8A 00 28 1A BF 40 1E A0 82 E6 70 C0 E7 20 70,4.12939s,Vector SLP3,76 77,,,
4.15556s,Vector SLP3,36 78 CE E7 1D 48 01 22 01 46 90 F8 00 C0 4B 89 32 21 BC F1 02 0F 18 BF BC F1 03 0F 19 D0 01 82 72 2B 08 D2 42 70 81 81 C1 89 00 29 1A BF 49 1E C1 81 42 71 70 47 DF 2B 98 BF C1 81 07 D9 42 70 C1 81 81 89 00 29 12 BF 49 1E 02 71 70 47 81 81 70 47 C1 81 81 81 42 70 A3 F1 72 02 6D 2A 84 BF 01 82 70 47 01 8A 00 29 1E BF 49 1E 01 82 70 47 00 21 01 71 41 71 70 47 00 00 90 01 00 18 9A 01 00 18,4.16025s,Vector SLP3,76 78,,,
4.18734s,Vector SLP3,36 79 A8 01 00 18 B8 48 10 F8 28 1F 41 F0 08 01 01 70 70 47 B5 48 10 F8 28 1F 01 F0 F7 01 01 70 70 47 2D E9 F0 41 4F F0 40 20 C0 6D B0 4D AE 4C AE 89 28 8B 78 B3 00 27 01 28 1C BF 2F 83 BD E8 F0 81 FD F7 D4 F9 07 F0 BE F8 FC F7 8F FD B0 F5 C8 4F 84 BF 94 F8 28 00 40 F0 08 00 09 D8 FC F7 85 FD B0 F5 A0 4F 3C BF 94 F8 28 00 00 F0 F7 00 01 D2 84 F8 28 00 B6 F5 00 4F 28 BF BD E8 F0 81 2F 83,4.19175s,Vector SLP3,76 79,,,
4.21837s,Vector SLP3,36 7A 94 F8 28 00 00 F0 F7 00 84 F8 28 00 BD E8 F0 41 FD F7 B0 B9 B6 F5 04 4F 98 BF BD E8 F0 81 94 F8 28 00 40 F0 08 00 84 F8 28 00 01 20 28 83 BD E8 F0 81 2D E9 F0 41 04 F0 0C FC 01 28 37 D0 4F F0 40 20 C0 6D 89 4D 88 4C AE 89 28 8B 98 B3 00 27 01 28 1C BF 2F 83 BD E8 F0 81 FD F7 87 F9 07 F0 71 F8 FC F7 42 FD B0 F5 C8 4F 84 BF 94 F8 28 00 40 F0 08 00 09 D8 FC F7 38 FD B0 F5 A0 4F 3C BF,4.22298s,Vector SLP3,76 7A,,,
4.24916s,Vector SLP3,36 7B 94 F8 28 00 00 F0 F7 00 01 D2 84 F8 28 00 B6 F5 00 4F 28 BF BD E8 F0 81 2F 83 94 F8 28 00 00 F0 F7 00 84 F8 28 00 BD E8 F0 41 FD F7 63 B9 BD E8 F0 41 FD F7 C0 BD B6 F5 04 4F 98 BF BD E8 F0 81 94 F8 28 00 40 F0 08 00 84 F8 28 00 01 20 28 83 BD E8 F0 81 65 48 80 89 70 47 64 48 40 89 70 47 62 48 C0 88 70 47 61 48 00 78 70 47 10 B5 60 49 08 20 06 F0 DC FF 5D 48 00 89 10 BD 5A 48 10 B5,4.25385s,Vector SLP3,76 7B,,,
4.28009s,Vector SLP3,36 7C 10 F8 28 1F 01 F0 F7 01 01 70 5A 49 01 20 06 F0 CE FF 56 49 01 28 48 70 1C BF 88 88 0A 28 98 BF 10 BD B0 F5 61 7F 28 BF 10 BD 4D F2 92 02 A0 FB 02 20 92 0A 42 EA 80 50 C8 80 10 BD 2D E9 F0 41 4C 49 01 20 06 F0 B3 FF 48 4C 00 26 01 22 60 70 03 25 A6 70 4F F4 7A 71 4F F0 02 0C 41 F2 70 73 01 28 10 D0 A1 82 20 78 01 28 18 BF E3 82 1C D0 41 48 80 6D 10 F0 00 6F 2A D0 63 82 21 82 E1 81,4.28472s,Vector SLP3,76 7C,,,
4.31091s,Vector SLP3,36 7D A2 70 BD E8 F0 81 E3 82 20 78 01 28 08 BF A1 82 05 D0 A0 8A 00 28 0E BF 22 70 40 1E A0 82 A2 70 20 78 01 28 E4 D1 BD E8 F0 81 E0 8A 00 28 1E BF 40 1E E0 82 BD E8 F0 81 A0 88 0A 28 38 BF 84 F8 00 C0 D5 D3 B0 F5 61 7F 8C BF 25 70 26 70 CF E7 A0 88 27 78 97 B1 21 82 E1 81 40 F2 7A 31 0A 38 88 42 88 BF 63 82 02 D9 A2 70 BD E8 F0 81 60 8A 00 28 1A BF 40 1E 60 82 26 70 F5 E7 63 82 0A 28,4.31558s,Vector SLP3,76 7D,,,
4.34193s,Vector SLP3,36 7E 08 D2 E1 81 20 8A 00 28 1A BF 40 1E 20 82 84 F8 00 C0 E9 E7 B0 F5 61 7F 07 D9 21 82 E0 89 00 28 1A BF 40 1E E0 81 25 70 DE E7 E1 81 21 82 A1 78 00 29 18 BF BD E8 F0 81 4D F2 92 01 A0 FB 01 10 89 0A 41 EA 80 50 80 B2 E0 80 4F F4 80 42 0B 49 FF F7 E8 FA E0 69 00 0C 60 81 02 F0 C9 FC 60 89 A0 81 BD E8 F0 81 00 00 00 80 02 48 AC 01 00 18 B4 01 00 18 B0 01 00 18 00 60 00 50 C8 01 00 18,4.34644s,Vector SLP3,76 7E,,,
4.37268s,Vector SLP3,36 7F B4 48 00 78 C0 F3 80 00 70 47 B2 49 00 20 09 78 11 F0 02 0F 18 BF 01 20 70 47 AE 48 00 78 C0 F3 C0 00 70 47 AB 48 00 78 C0 F3 00 10 70 47 AA 48 90 F8 34 00 C0 09 70 47 A6 48 80 78 70 47 A6 48 90 F8 34 00 4F F0 00 01 C2 09 A2 48 1C BF 01 22 82 70 01 D0 C1 81 70 47 C2 89 1E 2A 8C BF 81 70 51 1C F7 D9 70 47 70 B5 FF F7 FA FE 99 49 00 22 4F F4 80 43 0A 81 8A 80 4A 81 CA 80 8B 81 4A 70,4.37730s,Vector SLP3,76 7F,,,
4.40366s,Vector SLP3,36 80 0A 46 96 4C 13 78 23 F0 06 0C 01 23 82 F8 00 C0 B0 F5 02 4F 03 D2 25 88 15 F4 00 7F 06 D0 2C F0 02 0C 4B 70 4C F0 04 0C 82 F8 00 C0 B0 F5 78 5F 03 D9 20 88 10 F4 80 6F 06 D0 02 20 48 70 0C F0 FB 00 40 F0 02 00 10 70 8B 70 70 BD 70 B5 81 4C 65 78 FF F7 BF FE 20 83 94 F8 01 C0 7F 4B 00 22 21 46 BC F1 00 0F 06 D0 BC F1 01 0F 56 D0 BC F1 02 0F 69 D0 77 E0 91 F8 00 C0 B0 F5 02 4F 2C F0,4.40816s,Vector SLP3,76 80,,,
4.43539s,Vector SLP3,36 81 06 0C 81 F8 00 C0 04 D2 B3 F8 00 C0 1C F4 00 7F 21 D0 22 81 B4 F8 04 C0 B0 F5 7C 4F 0C F1 01 0C 1F FA 8C FC A4 F8 04 C0 38 BF E2 80 02 D3 E6 88 76 1C E6 80 BC F1 32 0F 08 D2 B4 F8 06 C0 BC F1 00 0F 04 BF 1B 88 13 F4 00 7F 4C D0 A2 80 4F F0 01 05 E2 80 47 E0 B0 F5 78 5F 02 D9 1C F4 80 6F 11 D0 A2 80 E2 80 23 89 5B 1C 9B B2 23 81 62 81 32 2B 02 D2 1C F4 80 6F 35 D0 4F F4 80 43 A3 81,4.44002s,Vector SLP3,76 81,,,
4.46728s,Vector SLP3,36 82 02 25 22 81 2F E0 22 81 A2 80 E2 80 62 89 44 F6 20 63 9A 42 3C BF 52 1C 62 81 24 E0 91 F8 00 C0 B0 F5 00 4F 4C F0 04 0C 81 F8 00 C0 03 D2 1B 88 13 F4 00 7F 01 D0 A2 80 15 E0 A3 88 5B 1C 9B B2 A3 80 32 2B 0F D3 1F E0 91 F8 00 C0 4C F0 02 0C 81 F8 00 C0 B4 F8 0C C0 60 45 03 D9 1B 88 13 F4 80 6F 0B D0 22 81 C8 22 65 70 B0 F5 9C 4F 10 D3 0B 78 43 F0 18 03 0B 70 62 82 29 E0 23 89 5B 1C,4.47187s,Vector SLP3,76 82,,,
4.49931s,Vector SLP3,36 83 9B B2 23 81 32 2B EE D3 22 81 A2 80 00 25 E2 80 E9 E7 44 F6 45 1C A0 F5 2F 73 63 45 0D D3 23 8A 00 2B 1C BF 5B 1E 23 82 12 D1 0B 78 23 F0 10 03 43 F0 08 03 0B 70 62 82 0A E0 63 8A 00 2B 1C BF 5B 1E 63 82 04 D1 0B 78 23 F0 18 03 0B 70 22 82 0B 78 13 F0 20 0F 0B D0 B0 F5 00 6F 1A D9 B4 F8 16 C0 BC F1 00 0F 10 D0 AC F1 01 03 E3 82 12 E0 B0 F5 00 6F 0E D8 B4 F8 16 C0 BC F1 00 0F F3 D1,4.50373s,Vector SLP3,76 83,,,
4.52977s,Vector SLP3,36 84 43 F0 20 03 0B 70 E2 82 05 E0 23 F0 20 03 0B 70 E2 82 00 E0 E2 82 0B 78 13 F0 40 0F 03 D0 B0 F5 F0 4F 0F D3 0C E0 B0 F5 F0 4F 09 D3 A0 8A 10 B1 40 1E A0 82 70 BD 43 F0 40 00 08 70 A2 82 70 BD A2 82 70 BD A0 8A 00 28 F2 D1 23 F0 40 00 08 70 A2 82 70 BD CC 01 00 18 00 40 00 50 36 00 00 18 38 48 C0 78 70 47 37 48 00 79 70 47 35 48 80 78 70 47 34 48 40 78 01 28 18 BF 00 20 70 47 00 20,4.53423s,Vector SLP3,76 84,,,
4.56080s,Vector SLP3,36 85 30 49 08 70 70 47 2D E9 F0 41 FE F7 4B FA 00 26 01 25 2C 4C 0A 28 A8 BF 65 70 04 DA FE F7 42 FA 05 28 D8 BF 66 70 FE F7 39 FA 14 27 A0 81 96 28 A4 BF 21 78 00 29 04 BF 27 81 25 70 9B 28 02 DB E7 80 02 21 21 70 21 78 61 71 00 29 04 BF A6 70 E6 70 03 D0 01 29 19 D0 02 29 24 D0 60 79 20 70 FE F7 28 FA A0 81 C8 28 A2 BF 25 71 67 81 BD E8 F0 81 C3 28 A4 BF 67 81 BD E8 F0 81 60 89 00 28,4.56547s,Vector SLP3,76 85,,,
4.59152s,Vector SLP3,36 86 1A BF 40 1E 60 81 26 71 BD E8 F0 81 91 28 A5 70 E6 70 A8 BF 27 81 E1 DA 20 89 00 28 1A BF 40 1E 20 81 66 71 DA E7 A5 70 E5 70 96 28 A8 BF E7 80 D4 DA E0 88 00 28 19 BF 40 1E E0 80 27 81 65 71 CC E7 00 00 E6 01 00 18 4F F0 E0 21 00 20 88 61 08 61 57 49 57 4A 01 23 48 70 0B 70 10 70 C8 70 4F F0 14 0C 82 F8 04 C0 10 76 C0 20 10 77 8B 70 70 47 4F 49 11 F8 10 30 01 2B 13 D0 4D 49 4F F0,4.59597s,Vector SLP3,76 86,,,
4.62259s,Vector SLP3,36 87 E0 22 03 2B 07 D0 00 28 04 BF 50 69 91 69 1B D0 01 28 11 D0 06 E0 00 28 04 BF 50 69 40 1C 09 D0 01 28 01 D0 00 20 70 47 08 7A 09 7B 40 EA 01 20 C0 F5 80 30 80 B2 70 47 08 7C 0A 7D 40 EA 02 20 0A 7A 09 7B 42 EA 01 21 40 1A F3 E7 38 4B 13 F8 10 20 02 2A 08 BF 70 47 D0 B1 01 28 18 BF 70 47 4F F6 FF 72 52 1A 33 49 91 F8 08 C0 62 F3 07 0C 81 F8 08 C0 4F EA 12 2C 0A 7B 6C F3 07 02 0A 73,4.62722s,Vector SLP3,76 87,,,
4.65335s,Vector SLP3,36 88 0A 78 42 F0 04 02 0A 70 02 21 03 F8 10 10 70 47 4F F0 E0 22 51 61 11 69 41 F0 01 01 11 61 F3 E7 23 4A 12 F8 10 10 01 29 1A BF 04 29 03 29 70 47 58 B1 01 28 18 BF 70 47 1E 49 0B 78 23 F0 04 03 0B 70 04 21 02 F8 10 10 70 47 4F F0 E0 21 0B 69 23 F0 01 03 0B 61 F4 E7 68 B1 01 28 18 BF 70 47 02 22 14 49 0A 76 C0 22 0A 77 11 4A 01 21 02 EB 40 00 41 70 70 47 4F F0 E0 21 0A 69 42 F0 02 02,4.65771s,Vector SLP3,76 88,,,
4.68434s,Vector SLP3,36 89 0A 61 F2 E7 00 21 58 B1 01 28 18 BF 70 47 09 4A 11 76 C0 23 13 77 06 4A 02 EB 40 00 41 70 70 47 4F F0 E0 22 13 69 23 F0 02 03 13 61 F3 E7 00 00 F4 01 00 18 00 50 00 48 02 F0 47 BB FF F7 39 BC 70 B5 02 F0 0C FE 02 F0 B6 FA 35 4C 60 78 01 28 08 BF 00 25 10 D1 A0 78 01 28 0F D0 20 79 01 28 10 D0 A0 79 01 28 11 D0 20 7A 01 28 12 D0 02 F0 1C FB 60 78 01 28 EE D0 00 20 70 BD 02 F0 A3 FC,4.68895s,Vector SLP3,76 89,,,
4.71513s,Vector SLP3,36 8A A5 70 F6 E7 02 F0 B2 FC 25 71 F2 E7 02 F0 03 FD A5 71 EE E7 02 F0 3B FD 25 72 EA E7 20 48 01 22 C1 78 49 1C CB B2 00 21 C3 70 05 2B 24 BF 82 70 C1 70 43 79 5B 1C DB B2 43 71 0A 2B 24 BF 02 71 41 71 C3 79 5B 1C DB B2 C3 71 64 2B 24 BF 82 71 C1 71 43 89 5B 1C 9B B2 43 81 B3 F5 7A 7F 24 BF 02 72 41 81 70 47 01 20 80 F3 10 88 0C 48 01 78 49 1C 01 70 70 47 0A 48 01 78 49 1E 49 B2 01 70,4.71981s,Vector SLP3,76 8A,,,
4.74621s,Vector SLP3,36 8B 00 29 C8 BF 70 47 00 21 01 70 81 F3 10 88 70 47 03 49 01 20 48 70 70 47 01 49 00 20 48 70 70 47 F8 01 00 18 FA 48 80 78 70 47 F9 48 40 78 70 47 F8 48 30 F8 30 1F 21 F0 07 01 20 F8 0E 19 C1 89 21 F0 08 01 C1 81 C1 89 41 F0 80 01 C1 81 40 F2 E2 41 41 80 41 89 21 F0 FF 01 34 31 41 81 41 89 41 F4 80 71 41 81 41 89 41 F4 00 71 41 81 41 89 41 F4 80 61 41 81 40 F2 71 21 20 F8 0E 1C 20 F8,4.75068s,Vector SLP3,76 8B,,,
4.77698s,Vector SLP3,36 8C 0A 1C 20 F8 06 1C C1 8E 21 F0 01 01 C1 86 C1 8E 21 F4 40 71 C1 86 C1 8F 21 F0 01 01 C1 87 C1 8F 21 F0 02 01 C1 87 C1 8F 21 F0 04 01 C1 87 C1 8F 21 F4 7C 51 C1 87 C1 8F 21 F4 80 41 C1 87 C1 8F 21 F4 00 41 C1 87 41 8F 21 F0 3F 01 41 87 41 8F 21 F4 7C 51 41 87 41 8F 21 F0 80 01 41 87 00 21 41 86 C2 8B 22 F0 0F 02 D2 1C C2 83 C2 8B 22 F0 F0 02 30 32 C2 83 C2 8B 22 F4 70 62 02 F5 40 72,4.78154s,Vector SLP3,76 8C,,,
4.80784s,Vector SLP3,36 8D C2 83 C2 8B 22 F4 E0 42 C2 83 C2 8B 22 F4 00 42 C2 83 C2 8D 22 F0 3F 02 C2 85 C2 8D 22 F0 80 02 C2 85 C2 8C 22 F0 03 02 C2 84 C2 8C 22 F0 0C 02 C2 84 C2 8C 22 F0 30 02 C2 84 C2 8C 22 F0 C0 02 C2 84 C2 8C 22 F4 40 72 C2 84 C2 8C 22 F4 40 62 C2 84 41 84 4F F4 28 52 A0 F8 5E 20 A0 F8 4A 10 A0 F8 52 10 30 F8 1E 1C 41 F0 40 01 20 F8 1E 1C C1 8C 21 F4 40 61 C1 84 30 F8 1E 1C 41 F0 04 01,4.81241s,Vector SLP3,76 8D,,,
4.83972s,Vector SLP3,36 8E 20 F8 1E 1C 30 F8 1E 1C 41 F0 02 01 20 F8 1E 1C 70 47 A0 49 10 F0 02 0F B1 F8 5C 20 14 BF 42 F0 01 02 22 F0 01 02 A1 F8 5C 20 B1 F8 5C 20 10 F0 01 0F 14 BF 42 F0 02 02 22 F0 02 02 A1 F8 5C 20 B1 F8 5C 20 10 F0 08 0F 14 BF 42 F0 04 02 22 F0 04 02 A1 F8 5C 20 B1 F8 5C 20 10 F0 04 0F 14 BF 42 F0 08 02 22 F0 08 02 A1 F8 5C 20 B1 F8 5C 20 10 F0 20 0F 14 BF 42 F0 10 02 22 F0 10 02 A1 F8,4.84427s,Vector SLP3,76 8E,,,
4.87077s,Vector SLP3,36 8F 5C 20 10 F0 10 0F B1 F8 5C 00 14 BF 40 F0 20 00 20 F0 20 00 A1 F8 5C 00 70 47 7E 48 30 F8 04 1F 41 F0 04 01 20 F8 02 1B C1 88 41 F0 80 01 C1 80 C1 8F 41 F0 80 01 C1 87 C1 88 41 F0 40 01 C1 80 C1 8F 41 F0 40 01 C1 87 70 47 72 48 30 F8 44 1F 21 F0 80 01 20 F8 38 19 01 88 41 F0 80 01 01 80 01 8F 21 F0 40 01 01 87 01 88 41 F0 40 01 01 80 70 47 10 B4 B0 F8 00 C0 BC F1 00 0F 08 BF 01 F1,4.87514s,Vector SLP3,76 8F,,,
4.90145s,Vector SLP3,36 90 01 0C 0D D0 0C FB 01 FC 54 88 A1 EB 1C 4C 64 45 38 BF 01 F1 01 0C 14 88 64 45 88 BF 4F F0 00 0C A3 F8 00 C0 B0 F8 02 C0 BC F1 00 0F 08 BF 01 F1 01 0C 0D D0 0C FB 01 FC 54 88 A1 EB 1C 4C 64 45 38 BF 01 F1 01 0C 14 88 64 45 88 BF 4F F0 00 0C A3 F8 02 C0 80 88 00 28 08 BF 48 1C 0B D0 48 43 B2 F8 02 C0 A1 EB 10 40 84 45 38 BF 48 1C 11 88 81 42 88 BF 00 20 98 80 10 BC 70 47 2D E9 F0 4F,4.90601s,Vector SLP3,76 90,,,
4.93303s,Vector SLP3,36 91 DD E9 09 67 DD E9 0B C8 04 88 00 2C 08 BF 02 F1 01 09 0C D0 54 43 A2 EB 14 49 5C 88 4C 45 38 BF 02 F1 01 09 1C 88 4C 45 88 BF 4F F0 00 09 DF F8 E8 A0 CA F8 00 90 44 88 00 2C 08 BF 55 1C 0A D0 54 43 A2 EB 14 45 5C 88 AC 42 38 BF 55 1C 1C 88 AC 42 88 BF 00 25 CA F8 04 50 80 88 00 28 08 BF 54 1C 0A D0 50 43 A2 EB 10 44 58 88 A0 42 38 BF 54 1C 18 88 A0 42 88 BF 00 24 27 48 DF F8 90 A0,4.93749s,Vector SLP3,76 91,,,
4.96433s,Vector SLP3,36 92 4F F0 00 0E 84 60 01 20 A9 45 2C D9 A1 45 1D D9 A5 42 8C F8 00 E0 0C D9 8C F8 01 00 4F F0 02 0B 8C F8 02 B0 4F F0 04 0B AA F8 1C B0 88 F8 00 E0 40 E0 4F F0 02 0B 8C F8 01 B0 8C F8 02 00 4F F0 03 0B AA F8 1C B0 88 F8 00 00 33 E0 4F F0 02 0B 8C F8 00 B0 8C F8 01 E0 8C F8 02 00 AA F8 1C B0 88 F8 00 E0 26 E0 A5 42 36 D9 A1 45 8C F8 00 00 14 D9 8C F8 01 E0 4F F0 02 0B 8C F8 02 B0 4F F0,4.96874s,Vector SLP3,76 92,,,
4.99488s,Vector SLP3,36 93 05 0B AA F8 1C B0 00 BF 88 F8 00 00 12 E0 00 00 04 02 00 18 00 C0 00 40 54 03 00 18 4F F0 02 0B 8C F8 01 B0 8C F8 02 E0 4F F0 06 0B AA F8 1C B0 88 F8 00 E0 9A F8 00 B0 BB F1 00 0F 17 D0 44 F6 0A 5B 59 45 45 D3 45 F2 F2 0B 8B 45 1D D9 BA F8 1C 10 04 29 19 D1 3C E0 4F F0 02 0B 8C F8 00 B0 8C F8 01 00 8C F8 02 E0 AA F8 1C 00 CC E7 45 F2 CE 6B 59 45 07 D8 45 F2 E6 2B 8B 45 2B D2 BA F8,4.99924s,Vector SLP3,76 93,,,
5.02586s,Vector SLP3,36 94 1C 10 04 29 27 D1 8A F8 00 00 9C F8 00 B0 9C F8 01 90 9C F8 02 A0 FE 48 50 F8 2A 40 50 F8 2B C0 04 F5 AC 71 8C 45 5B D2 50 F8 29 10 0C EB 04 02 B2 EB 41 0F 39 D2 A1 EB 0C 00 AC 30 40 08 00 F1 AC 02 22 44 8A 42 27 D2 0C EB 00 05 0B 1A 20 46 3F E0 8A F8 00 E0 AC 21 01 EB 52 01 31 80 53 08 73 80 6F F0 AB 03 03 EB 52 02 B2 80 C1 EB 49 01 39 80 71 88 C1 EB 45 01 79 80 B1 88 C1 EB 44 01,5.03048s,Vector SLP3,76 94,,,
5.05662s,Vector SLP3,36 95 B9 80 8C F8 00 E0 8C F8 01 00 02 20 8C F8 02 00 88 F8 00 E0 BD E8 F0 8F 62 18 10 1A AC 38 40 08 00 F1 AC 03 00 F5 AC 75 13 E0 60 1A AC 30 40 08 00 F1 AC 02 8B 18 63 45 03 D2 0B 18 65 46 20 1A 07 E0 0C EB 01 00 10 44 45 08 A5 F1 AC 03 A5 F5 AC 70 C5 EB 4C 0C C3 EB 41 01 C0 EB 44 04 3E E0 50 F8 29 10 01 F1 AC 00 84 45 1E D2 A1 EB 0C 00 AC 30 4F EA 50 0E 0C EB 0E 05 20 46 AA 42 28 BF,5.06135s,Vector SLP3,76 95,,,
5.08859s,Vector SLP3,36 96 A1 EB 0E 03 06 D2 5D 88 A2 F1 AC 03 AC 45 8C BF 55 1C 15 46 03 EB 02 0E BE EB 41 0F 34 BF 11 46 C3 EB 41 01 C5 EB 4C 0C 19 E0 04 F1 AC 00 81 42 12 D2 60 1A AC 30 40 08 65 46 84 42 27 BF 0B 18 20 1A AC 23 70 46 B3 EB 41 0F 8C BF 71 46 C3 EB 41 01 C0 EB 44 04 02 E0 65 46 0B 46 20 46 98 F8 00 20 6A B1 26 F8 1B C0 26 F8 19 10 26 F8 1A 40 27 F8 1B 50 27 F8 19 30 27 F8 1A 00 BD E8 F0 8F,5.09321s,Vector SLP3,76 96,,,
5.11938s,Vector SLP3,36 97 26 F8 1B 50 26 F8 19 30 26 F8 1A 00 27 F8 1B C0 27 F8 19 10 27 F8 1A 40 BD E8 F0 8F 2D E9 FF 4F 83 B0 B0 F8 00 C0 DD E9 11 63 DF F8 64 E2 0C FB 02 FC A2 EB 1C 4B DD F8 4C 80 10 9D CE F8 00 B0 B0 F8 02 C0 02 27 0C FB 02 FC A2 EB 1C 49 CE F8 04 90 80 88 01 24 50 43 A2 EB 10 4A 00 20 AE F5 A8 7C CE F8 08 A0 CB 45 31 D9 D3 45 14 D9 D1 45 18 70 08 D9 5C 70 9F 70 4F F0 04 09 AC F8 1C 90,5.12407s,Vector SLP3,76 97,,,
5.15136s,Vector SLP3,36 98 88 F8 00 00 10 E0 5F 70 9C 70 4F F0 03 09 AC F8 1C 90 88 F8 00 40 07 E0 1F 70 58 70 9C 70 AC F8 1C 70 00 BF 88 F8 00 00 9C F8 00 90 B9 F1 00 0F 27 D0 44 F6 0A 59 49 45 33 D3 45 F2 F2 09 89 45 36 D9 BC F8 1C 90 B9 F1 04 0F 31 D1 29 E0 D1 45 11 D9 D3 45 1C 70 9D BF 5F 70 98 70 4F F0 06 09 58 70 84 BF 9F 70 4F F0 05 09 AC F8 1C 90 D9 D9 88 F8 00 40 D8 E7 1F 70 5C 70 98 70 AC F8 1C 40,5.15593s,Vector SLP3,76 98,,,
5.18221s,Vector SLP3,36 99 F6 E7 45 F2 CE 69 49 45 08 D8 45 F2 E6 29 89 45 09 D2 BC F8 1C 90 B9 F1 04 0F 04 D1 8C F8 00 40 06 E0 8C F8 00 00 18 70 5C 70 9F 70 88 F8 00 00 93 F8 00 90 5F 78 9C F8 01 A0 9B 78 BA F1 00 0F 7E D0 00 BF 47 F2 33 34 A1 42 38 BF 8C F8 01 00 77 D3 9C F8 01 10 00 29 73 D0 AC F8 1E 00 5E F8 27 40 A2 F1 56 01 8C 42 84 BF 61 1A AC F8 1E 10 A2 F1 AC 01 5E F8 23 40 8C 42 06 D9 61 1A BC F8,5.18680s,Vector SLP3,76 99,,,
5.21418s,Vector SLP3,36 9A 1E 40 A1 42 88 BF AC F8 1E 10 5E F8 29 40 BC F8 1E 10 64 1A 4E F8 29 40 5E F8 27 40 01 F1 56 0A 54 45 8C BF 64 1A 56 24 4E F8 27 40 5E F8 23 40 8C 42 86 BF 61 1A 4E F8 23 10 4E F8 23 00 9C F8 00 40 A2 F1 AC 01 01 91 AC 39 00 91 00 2C 61 D0 9C F8 01 10 00 29 77 D0 DD F8 18 C0 5E F8 29 10 BC F8 02 C0 61 45 99 BF 94 46 C2 EB 41 0A 02 F1 01 0C E2 46 5E F8 27 10 02 91 AC 31 61 45 8C BF,5.21866s,Vector SLP3,76 9A,,,
5.24493s,Vector SLP3,36 9B AC F1 AC 04 02 9C 5E F8 23 B0 0B F1 AC 01 A1 42 98 BF 59 46 12 D9 AB EB 04 01 AC 31 49 08 01 F1 AC 0E A6 44 96 45 88 BF DD E9 00 14 06 D8 59 45 87 BF AC 24 01 46 0C 44 AB EB 01 01 02 9A 01 E0 0E E0 14 E0 DD F8 18 E0 C4 EB 42 02 00 92 BE F8 00 E0 C1 EB 4B 02 F3 45 3C BF 01 46 02 46 5E E0 B1 F5 00 4F 88 BF 8C F8 01 40 3F F6 6B AF 06 99 49 88 54 1A 1F FA 84 FA AC F8 1E A0 5E F8 27 40,5.24953s,Vector SLP3,76 9B,,,
5.27599s,Vector SLP3,36 9C 56 39 8C 42 82 BF 61 1A 51 45 AC F8 1E 10 6F E7 54 03 00 18 2A 80 01 98 68 80 00 98 A8 80 BE F8 00 00 C2 EB 40 00 30 80 68 88 BE F8 04 10 C0 EB 41 00 70 80 A8 88 BE F8 08 10 C0 EB 41 00 B0 80 07 B0 BD E8 F0 8F FF E7 06 98 5E F8 27 20 B0 F8 02 C0 5E F8 29 00 CC EB 40 0A 02 F1 AC 00 60 45 8C BF AC F1 AC 04 14 46 5E F8 23 00 00 F1 AC 01 A1 42 98 BF 01 46 0D D9 01 1B AC 31 49 08 01 F1,5.28040s,Vector SLP3,76 9C,,,
5.30668s,Vector SLP3,36 9D AC 0B A3 44 E3 45 87 BF AC F1 AC 04 AC F5 AC 71 0C 44 41 1A C4 EB 42 02 00 92 C1 EB 40 02 98 F8 00 00 78 B1 25 F8 19 A0 00 98 25 F8 17 00 25 F8 13 20 26 F8 19 C0 26 F8 17 40 26 F8 13 10 07 B0 BD E8 F0 8F 25 F8 19 C0 25 F8 17 40 25 F8 13 10 26 F8 19 A0 00 98 26 F8 17 00 26 F8 13 20 07 B0 BD E8 F0 8F FE 4A 0B 88 93 82 4B 88 13 83 89 88 91 83 90 84 90 88 40 F0 40 00 90 80 70 47 F8 49,5.31127s,Vector SLP3,76 9D,,,
5.33766s,Vector SLP3,36 9E 02 88 8A 82 42 88 0A 83 80 88 88 83 88 88 40 F0 40 00 88 80 70 47 F2 4A 0B 88 93 82 4B 88 13 83 89 88 91 83 90 84 90 88 40 F0 40 00 90 80 70 47 EB 48 30 F8 5C 1F 41 F0 3F 01 01 80 E9 49 01 20 88 70 70 47 E7 49 00 20 88 70 E5 48 30 F8 5C 1F 21 F0 3F 01 01 80 70 47 70 B4 B2 F9 00 C0 04 88 1C F5 80 7F 3A BF 1F FA 84 FC AC F1 1A 0C 04 F1 1A 0C 0F FA 8C FC 00 26 4F F6 FF 75 00 2C 18 BF,5.34213s,Vector SLP3,76 9E,,,
5.36949s,Vector SLP3,36 9F BC F1 00 0F D8 BF 1D 80 0D DD 8C 42 0A D2 8C 45 08 DA A1 EB 0C 0C CC EB 0C 4C BC FB F1 FC A3 F8 00 C0 00 E0 1E 80 B2 F9 02 C0 1C F5 80 7F B0 F8 02 C0 34 BF AC F1 1A 0C 0C F1 1A 0C 0F FA 8C FC 44 88 00 2C 18 BF BC F1 00 0F D8 BF 5D 80 0D DD 8C 42 0A D2 8C 45 08 DA A1 EB 0C 0C CC EB 0C 4C BC FB F1 FC A3 F8 02 C0 00 E0 5E 80 B2 F9 04 20 12 F5 80 7F 82 88 34 BF 1A 3A 1A 32 12 B2 80 88,5.37399s,Vector SLP3,76 9F,,,
5.40096s,Vector SLP3,36 A0 00 28 18 BF 00 2A DE BF 9D 80 70 BC 70 47 88 42 09 D2 8A 42 07 DA 88 1A C0 EB 00 40 B0 FB F1 F0 98 80 70 BC 70 47 9E 80 70 BC 70 47 00 2B 08 BF 70 47 10 B4 13 78 DF F8 B0 C2 31 F8 13 40 A8 49 84 42 08 D9 36 20 A1 F8 58 00 50 78 15 30 CC F8 00 00 10 BC 70 47 46 20 00 EB 83 00 A1 F8 58 00 50 78 15 30 CC F8 00 00 10 BC 70 47 2D E9 F0 0F 9C 4C DD E9 09 C8 DD E9 0D 56 DD E9 0B A7 DD F8,5.40547s,Vector SLP3,76 A0,,,
5.43195s,Vector SLP3,36 A1 3C B0 DD F8 20 90 BC F1 00 0F 1C BF 4F EA 09 4C C4 F8 FC C0 D4 F8 FC 90 03 FB 0A F3 1B 14 41 F2 5F 4A 4F EA 29 4C 03 FB 0A F3 AB F8 00 C0 09 EB 43 03 C4 F8 FC 30 49 F2 A4 03 58 43 00 0D B0 F5 00 6F 09 D3 A0 F2 FC 70 80 B2 44 F6 C1 43 58 43 86 4B 00 0C 33 F8 10 00 4F F6 FF 73 03 EA 40 10 05 2F 08 BF 4F F0 00 0C 02 D0 02 2F 08 BF C4 46 40 F6 31 03 5A 43 D2 13 45 F2 7D 13 53 43 0C F1,5.43632s,Vector SLP3,76 A1,,,
5.46275s,Vector SLP3,36 A2 40 02 02 EB A3 32 11 44 79 4B 89 B2 DF F8 E4 C1 01 22 CC 09 1A 70 3C F9 14 40 04 FB 00 F7 4F F6 FE 74 04 EA E7 37 2F 80 A1 F5 AA 47 55 3F C7 F3 C8 17 5A 70 3C F9 17 70 A1 F5 2A 41 47 43 04 EA E7 37 AB 39 6F 80 C1 F3 C8 11 9A 70 3C F9 11 10 48 43 04 EA E0 30 A8 80 45 F2 82 30 30 80 BD E8 F0 0F 70 47 2D E9 F0 01 48 43 DD E9 06 25 C0 F3 CF 33 05 9F 08 9E B3 F5 0C 4F 32 BF 13 80 4F F4,5.46720s,Vector SLP3,76 A2,,,
5.49376s,Vector SLP3,36 A3 0C 40 10 80 10 88 4B F2 05 51 48 43 80 0C 00 21 40 42 00 28 60 DC 00 BF 4F EA 81 01 0A B2 4F F0 00 01 D8 BF 08 46 4F EA 80 00 0F FA 80 FC BC F1 00 0F BA BF CC F1 00 00 81 B2 1F FA 8C F1 00 2A BA BF 50 42 80 B2 90 B2 81 42 99 BF 4F F0 01 08 0C 46 4F F0 00 08 04 46 88 BF 08 46 21 04 44 1C A4 B2 B1 FB F4 F1 8C B2 43 49 B8 F1 00 0F 4F EA 54 28 11 BF 31 F8 18 10 31 F9 18 10 C1 F5 80 41,5.49844s,Vector SLP3,76 A3,,,
5.52465s,Vector SLP3,36 A4 89 B2 4F F6 FF 78 BC F1 00 0F 1D DB 00 2A B8 BF C1 F5 00 41 00 DA 89 B2 DF F8 E0 C0 62 0A 3C F8 12 20 50 43 C0 F3 CF 30 38 80 98 42 28 BF A5 F8 00 80 03 D2 00 04 B0 FB F3 F0 28 80 A1 F5 80 40 30 80 BD E8 F0 01 70 47 00 2A AC BF A8 EB 01 01 01 F5 00 41 E0 DA DE E7 01 46 9D E7 28 49 B1 F9 00 30 B1 F9 04 20 B1 F9 02 10 00 2B 0A DB 00 29 A8 BF 51 42 04 DA 00 2A AE BF 49 42 03 80 70 47,5.52930s,Vector SLP3,76 A4,,,
5.55659s,Vector SLP3,36 A5 01 80 70 47 00 29 BC BF 02 80 70 47 00 2A A4 BF 59 42 01 80 F4 DB 70 47 F0 B4 1A 4B B3 F9 00 40 B3 F9 04 60 A2 1B 12 B2 B2 F5 9A 7F A8 BF 40 F2 33 12 04 DA 12 F5 9A 7F D8 BF 6F F4 99 72 DF F8 24 C0 87 78 BC F8 20 C0 0C FB 02 F2 55 12 0C 4A 22 F8 17 50 B3 F9 02 50 73 1B 1B B2 14 E0 00 00 00 C0 00 40 04 02 00 18 00 60 00 48 62 4B 01 11 A6 02 00 18 62 44 01 11 C6 3B 01 11 C6 3C 01 11,5.56117s,Vector SLP3,76 A5,,,
5.58738s,Vector SLP3,36 A6 10 03 00 18 0A 03 00 18 B3 F5 9A 7F A8 BF 40 F2 33 13 04 DA 13 F5 9A 7F D8 BF 6F F4 99 73 0C FB 03 F3 06 78 5B 12 22 F8 16 30 2B 1B 1B B2 B3 F5 9A 7F A8 BF 40 F2 33 13 04 DA 13 F5 9A 7F D8 BF 6F F4 99 73 0C FB 03 F3 40 78 5B 12 22 F8 10 30 10 88 08 80 50 88 48 80 90 88 88 80 F0 BC 70 47 00 28 08 BF 70 47 4F F0 40 20 01 6C C1 F3 8D 02 F9 49 0A 80 C0 6E C0 F3 8D 00 48 80 70 47 2D E9,5.59203s,Vector SLP3,76 A6,,,
5.61840s,Vector SLP3,36 A7 F0 4F F6 4C F6 4E 89 B0 E1 79 04 F5 89 70 00 25 19 B3 E5 71 A5 70 B6 F8 5C 10 21 F0 3F 01 A6 F8 5C 10 B6 F8 44 10 21 F0 80 01 A6 F8 44 10 B1 89 41 F0 80 01 B1 81 B6 F8 44 10 21 F0 40 01 A6 F8 44 10 B1 89 41 F0 40 01 B1 81 05 80 45 80 85 80 E5 85 25 86 65 87 A4 F8 56 50 A1 79 01 27 A9 B1 B4 F8 56 10 06 29 2E BF A5 71 49 1C A4 F8 56 10 89 B2 01 29 08 BF 25 85 08 D0 05 29 06 D1 B6 F8,5.62289s,Vector SLP3,76 A7,,,
5.64916s,Vector SLP3,36 A8 5C 10 41 F0 3F 01 A6 F8 5C 10 A7 70 21 8D D5 4A C1 F1 01 01 89 B2 02 F1 0C 03 21 85 B3 F8 00 80 B3 F8 02 C0 9B 88 01 29 01 D0 E1 B1 30 E0 DF F8 38 93 B9 F8 00 A0 C2 44 4F EA 5A 0A A2 F8 00 A0 B9 F8 02 A0 E2 44 4F EA 5A 0A A2 F8 02 A0 B9 F8 04 90 99 44 4F EA 59 09 A2 F8 04 90 B4 F8 46 20 A4 F8 4C 20 14 E0 B4 F8 50 90 A4 F8 52 90 DF F8 FC 92 B2 F8 00 A0 A9 F8 00 A0 B2 F8 02 A0 A9 F8,5.65374s,Vector SLP3,76 A8,,,
5.67993s,Vector SLP3,36 A9 02 A0 92 88 A9 F8 04 20 B4 F8 4C 20 A4 F8 48 20 A6 F8 14 80 A6 F8 18 C0 B3 83 B2 88 42 F0 40 02 B2 80 B4 F8 56 20 06 2A 28 BF 00 29 73 D1 62 7B A9 49 4A B1 4F F0 40 22 13 6C C3 F3 8D 03 0B 80 D2 6E C2 F3 8D 02 4A 80 A2 78 00 2A 6D D0 B1 F9 00 80 B1 F9 04 A0 A8 EB 0A 02 12 B2 B2 F5 9A 7F A8 BF 40 F2 33 12 04 DA 12 F5 9A 7F D8 BF 6F F4 99 72 B4 F8 20 C0 9E 4B 0C FB 02 F2 4F EA 62 29,5.68460s,Vector SLP3,76 A9,,,
5.71094s,Vector SLP3,36 AA 93 F8 02 B0 03 F1 6D 02 22 F8 1B 90 B1 F9 02 90 AA EB 09 01 09 B2 B1 F5 9A 7F A8 BF 40 F2 33 11 04 DA 11 F5 9A 7F D8 BF 6F F4 99 71 0C FB 01 F1 93 F8 00 A0 49 12 22 F8 1A 10 A9 EB 08 01 09 B2 B1 F5 9A 7F A8 BF 40 F2 33 11 04 DA 11 F5 9A 7F D8 BF 6F F4 99 71 0C FB 01 F1 5B 78 49 12 22 F8 13 10 B2 F9 00 C0 A0 F8 00 C0 B2 F9 02 30 43 80 B2 F9 04 10 81 80 7F 48 BC F1 00 0F 0C DB 00 2B,5.71546s,Vector SLP3,76 AA,,,
5.74276s,Vector SLP3,36 AB A8 BF 49 42 05 DA 00 29 AC BF 59 42 A0 F8 00 C0 0F DB 01 80 0D E0 2E E0 00 2B FA DB 00 29 B2 BF 03 80 CC F1 00 01 01 80 03 E0 05 80 45 80 85 80 E5 85 FA F7 95 FE B4 F9 2E 10 88 42 07 DA A5 70 B6 F8 5C 00 20 F0 3F 00 A6 F8 5C 00 27 72 20 7C 05 28 10 D1 68 4B A3 F1 08 02 02 F1 30 01 88 1F 8D E8 0F 00 00 F1 AE 03 B4 F9 8A 20 B4 F8 44 10 A0 8D FF F7 B7 FD E0 7C C8 B1 20 7C 05 28 05 D0,5.74732s,Vector SLP3,76 AB,,,
5.77486s,Vector SLP3,36 AC 20 8F 60 87 B4 F8 40 00 A4 F8 42 00 A0 8E 60 86 B4 F8 96 00 A4 F8 94 00 B4 F8 92 00 A4 F8 90 00 E0 7E A0 76 B4 F8 8E 00 A4 F8 8C 00 E5 74 53 48 22 7C A0 F1 0C 01 00 F1 D4 07 CD E9 06 10 CD E9 04 27 B4 F9 90 00 B4 F8 4E 30 B4 F9 8C 20 A1 7E 8D E8 0F 00 B4 F9 94 30 B4 F9 32 20 B4 F9 42 10 60 8F FF F7 03 FD 06 F0 78 F8 C1 1E 44 48 08 29 12 D2 DF E8 01 F0 04 04 09 09 11 11 14 0E 7D 80,5.77917s,Vector SLP3,76 AC,,,
5.80622s,Vector SLP3,36 AD BD 80 00 88 38 80 0A E0 7D 80 00 88 B8 80 3D 80 05 E0 E0 7B 01 28 02 D1 3D 80 7D 80 BD 80 B4 F8 56 00 05 28 24 BF 20 8D 01 28 1C BF 09 B0 BD E8 F0 8F B4 F8 46 20 20 7B 32 49 00 28 04 BF 09 B0 BD E8 F0 8F 30 48 03 78 31 F8 13 C0 2F 49 94 45 08 D9 36 22 A6 F8 58 20 40 78 15 30 08 60 09 B0 BD E8 F0 8F 46 22 02 EB 83 02 A6 F8 58 20 40 78 15 30 08 60 09 B0 BD E8 F0 8F 13 43 17 4A 0B D1,5.81066s,Vector SLP3,76 AD,,,
5.83758s,Vector SLP3,36 AE 89 78 30 F8 11 00 AC 28 06 D3 01 20 14 49 D0 70 3A 20 A1 F8 58 00 70 47 00 20 D0 70 70 47 00 2A 18 BF 70 47 8A 78 30 F8 12 C0 0D 4B 17 48 BC F1 00 0F 09 D0 4F F0 26 0C 0C EB 82 02 A3 F8 58 20 49 78 10 31 01 60 70 47 3A 22 A3 F8 58 20 49 78 10 31 01 60 70 47 00 00 0A 03 00 18 04 02 00 18 00 C0 00 40 40 03 00 18 46 03 00 18 34 03 00 18 A3 02 00 18 32 02 00 18 46 02 00 18 54 02 00 18,5.84189s,Vector SLP3,76 AE,,,
5.86810s,Vector SLP3,36 AF 3A 04 00 18 4C 03 00 18 A0 02 00 18 00 60 00 48 08 43 18 BF 70 47 FE 48 C0 78 00 28 08 BF 70 47 4F F0 40 20 C0 6E FB 49 C0 F3 8D 00 88 80 70 47 00 28 18 BF 70 47 4F F0 40 20 C1 6E C1 F3 8D 02 F4 49 0A 80 00 6C C0 F3 8D 00 48 80 70 47 F0 B5 EF 4C 84 B0 20 46 B4 F8 56 30 00 7B 05 2B 26 D3 B4 F8 28 C0 4F F0 40 21 04 F5 83 72 BC F1 01 0F 08 D0 BC F1 00 0F 04 BF 94 F8 0D C0 50 EA 0C 0C,5.87276s,Vector SLP3,76 AF,,,
5.89886s,Vector SLP3,36 B0 0C D0 14 E0 98 B9 D1 F8 6C C0 CC F3 8D 0C A2 F8 00 C0 09 6C C1 F3 8D 01 51 80 08 E0 94 F8 03 C0 BC F1 00 0F 03 D0 C9 6E C1 F3 8D 01 91 80 21 7D 00 26 81 B1 B4 F8 5C 10 A4 F8 46 10 B4 F8 5E 10 D5 4A A4 F8 4E 10 11 1D B2 F8 00 C0 A1 F8 00 C0 52 88 4A 80 26 75 D1 4D E9 1C 2A 78 0A 70 6A 78 4A 70 AA 78 8A 70 60 73 00 2B 04 BF 04 B0 F0 BD CB 48 00 F5 9E 71 00 F5 9B 77 CD E9 02 50 CD E9,5.90325s,Vector SLP3,76 B0,,,
5.92984s,Vector SLP3,36 B1 00 71 00 F1 9E 03 B4 F8 46 20 61 8F 00 F5 8C 70 FF F7 84 F9 C3 48 B4 F8 46 10 3A 88 82 82 7A 88 02 83 BA 88 82 83 81 84 81 88 41 F0 40 01 81 80 B4 F8 56 10 04 29 3C BF 04 B0 F0 BD 22 8D 3A 21 5A B1 01 2A 1C BF 04 B0 F0 BD B7 4A 23 7B 94 F8 0D C0 53 EA 0C 03 22 D1 16 E0 23 7B B2 4A 00 2B 1C BF 04 B0 F0 BD AB 78 32 F8 13 C0 AF 4A BC F1 00 0F 1C BF 26 21 01 EB 83 01 A0 F8 58 10 68 78,5.93449s,Vector SLP3,76 B1,,,
5.96073s,Vector SLP3,36 B2 10 30 10 60 04 B0 F0 BD AB 78 32 F8 13 20 AC 2A 05 D3 01 22 E2 70 A0 F8 58 10 04 B0 F0 BD E6 70 04 B0 F0 BD 9F 48 10 B5 B0 F8 68 10 11 F0 80 0F 81 89 05 D0 41 F0 80 01 81 81 FF F7 48 FF 04 E0 41 F0 40 01 81 81 FF F7 1A FD BD E8 10 40 FE F7 A7 B9 8F 48 00 79 70 47 8D 4B 4F F0 40 22 18 84 D0 68 20 F0 FF 00 80 1C D0 60 90 68 20 F0 07 00 40 1C 90 60 8D 49 08 68 20 F0 40 00 08 60 08 68,5.96536s,Vector SLP3,76 B2,,,
5.99168s,Vector SLP3,36 B3 20 F0 30 00 08 60 08 68 20 F0 07 00 08 60 23 20 48 60 08 69 20 F0 C0 00 40 30 08 61 08 69 20 F0 03 00 40 1C 08 61 7F 48 B0 F8 30 C0 2C F4 E0 6C A0 F8 30 C0 B0 F8 30 C0 2C F4 00 6C A0 F8 30 C0 4F F0 7B 0C A0 F8 28 C0 B0 F8 58 C0 2C F0 02 0C A0 F8 58 C0 B0 F8 58 C0 2C F4 40 6C A0 F8 58 C0 B0 F8 58 C0 2C F0 1C 0C A0 F8 58 C0 B0 F8 58 C0 2C F0 60 0C A0 F8 58 C0 B0 F8 5C C0 4C F4 00 4C,5.99622s,Vector SLP3,76 B3,,,
6.02350s,Vector SLP3,36 B4 A0 F8 5C C0 4F F0 7A 0C A0 F8 20 C0 B0 F8 48 C0 2C F4 40 5C 0C F5 80 5C A0 F8 48 C0 B0 F8 04 C0 4C F4 80 4C A0 F8 04 C0 61 48 D0 F8 0C C0 2C F4 80 7C C0 F8 0C C0 D0 F8 0C C0 2C F0 1E 0C 0C F1 02 0C C0 F8 0C C0 D0 F8 0C C0 4C F0 01 0C C0 F8 0C C0 90 6A 20 F4 7F 40 00 F5 70 60 90 62 D0 68 20 F4 E0 20 00 F5 80 30 D0 60 90 68 20 F4 E0 20 00 F5 C0 20 90 60 C8 68 40 F0 01 00 C8 60 C8 68,6.02808s,Vector SLP3,76 B4,,,
6.05439s,Vector SLP3,36 B5 40 F0 40 00 C8 60 00 20 98 75 A3 F8 7A 00 A3 F8 7C 00 A3 F8 7E 00 70 47 70 47 3E 48 4F F4 CD 71 01 80 41 80 81 80 70 47 39 48 0A 21 41 84 81 84 C1 84 00 21 01 71 37 49 4F F4 CD 70 88 80 70 47 10 B5 FE F7 50 FD 33 48 84 88 FE F7 54 FD 30 48 0A 21 02 79 7A B1 81 84 A4 F2 37 12 41 84 C7 2A 24 BF C1 84 10 BD C1 8C 00 29 19 BF 49 1E C1 84 00 21 01 71 10 BD C1 84 B4 F5 9B 7F 09 D8 41 84,6.05894s,Vector SLP3,76 B5,,,
6.08612s,Vector SLP3,36 B6 81 8C 00 29 1B BF 49 1E 81 84 01 21 10 BD 01 71 10 BD B4 F5 FF 7F 81 84 05 D3 41 8C 00 29 14 BF 49 1E 02 21 F3 D0 41 84 10 BD 70 B4 B1 F8 84 C0 0C 68 01 EB 4C 03 0C F1 01 0C 9D 88 64 1B 04 44 0C 60 A1 F8 84 C0 98 80 B1 F8 84 30 00 20 93 42 28 BF A1 F8 84 00 91 F8 10 31 00 2B 04 BF 01 20 81 F8 10 01 30 D0 81 F8 10 01 0B 68 B1 F8 0C C1 B3 FB F2 F3 01 EB 4C 04 D1 F8 88 50 B4 F8 8C 60,6.09079s,Vector SLP3,76 B6,,,
6.11723s,Vector SLP3,36 B7 9B B2 AD 1B 1D 44 0C F1 01 0C C1 F8 88 50 11 E0 04 02 00 18 0A 03 00 18 AA 02 00 18 A0 02 00 18 10 02 00 18 00 C0 00 40 46 03 00 18 00 60 00 48 00 80 01 48 A1 F8 0C C1 A4 F8 8C 30 B1 F8 0C 31 93 42 28 BF A1 F8 0C 01 D1 F8 88 00 70 BC B0 FB F2 F0 80 B2 70 47 FF 49 30 B4 01 F5 86 72 8D 7D B2 F9 00 40 00 22 4F F0 01 0C 00 2D 5A D0 0B 46 01 2D B3 F8 7C 30 66 D0 02 2D 02 BF A1 F8 7E 20,6.12164s,Vector SLP3,76 B7,,,
6.14795s,Vector SLP3,36 B8 A1 F8 7A 30 A1 F8 7C 20 81 F8 16 20 F2 48 B1 F8 7A 10 40 23 B0 F8 84 50 04 68 00 EB 45 05 AD 88 64 1B 0C 44 04 60 B0 F8 84 40 00 EB 44 05 64 1C A0 F8 84 40 A9 80 B0 F8 84 10 40 29 28 BF A0 F8 84 20 90 F8 10 11 00 29 08 BF 80 F8 10 C1 22 D0 80 F8 10 21 01 68 B0 F8 0C 41 B1 FB F3 F1 00 EB 44 04 D0 F8 88 C0 B4 F8 8C 40 89 B2 AC EB 04 0C 8C 44 C0 F8 88 C0 B0 F8 0C C1 00 EB 4C 04 0C F1,6.15251s,Vector SLP3,76 B8,,,
6.17959s,Vector SLP3,36 B9 01 0C A0 F8 0C C1 A4 F8 8C 10 B0 F8 0C 11 40 29 28 BF A0 F8 0C 21 D0 F8 88 00 30 BC B0 FB F3 F0 00 B2 70 47 80 2C 88 BF 81 F8 16 C0 AE D8 B1 F8 7E 00 43 1C A1 F8 7E 30 64 28 84 BF A1 F8 7E 20 A1 F8 7A 20 A2 E7 A1 F8 7E 20 98 42 C8 BF A1 F8 7C 00 9B DC 14 F1 80 0F 3C BF 02 20 88 75 95 E7 70 47 2D E9 FF 4F 83 B0 BC 49 DD E9 13 64 DD E9 21 9B DD F8 5C C0 DD F8 70 A0 DD F8 40 80 12 9F,6.18399s,Vector SLP3,76 B9,,,
6.21077s,Vector SLP3,36 BA 1F 9A 05 2C 0C BF 01 25 00 25 01 95 B4 4D D5 F8 00 E0 24 35 15 F8 0E 50 0D B9 01 9D 35 B9 01 2C 04 D0 02 2C 04 D1 B6 F5 A7 7F 01 DC 01 25 00 E0 00 25 8A F8 00 50 DF F8 9C A2 00 2D 1C BF 35 04 CA F8 C0 50 A3 4D D5 F8 C0 50 8D 42 DE BF A5 49 A9 42 29 46 0D 14 BC F1 00 0F 19 BF 4F F0 00 0C E2 46 B3 F9 00 C0 B3 F9 02 A0 01 2C 04 BF 00 23 13 80 06 D0 02 2C 08 BF 16 80 02 D0 15 80 05 2C,6.21523s,Vector SLP3,76 BA,,,
6.24234s,Vector SLP3,36 BB 7E D0 11 9B 45 F6 2D 2E 23 F0 01 03 0C FB 0E FE 03 EB 2E 43 B2 F9 00 E0 5B 10 03 FB 0E F3 08 FB 0A FE DB 13 4E F3 CF 3E 0E EB 03 13 43 F3 0F 13 4F EA C3 0E 45 F2 D4 03 CD F8 00 E0 9E 45 A8 BF 45 F2 D4 03 0B DA 88 4B 73 45 03 DA 0F FA 8E F3 00 2B 04 DA C3 F1 00 0E A9 F8 00 E0 01 E0 A9 F8 00 30 45 F6 2D 2E 0A FB 0E FA B2 F9 00 20 4F EA 2A 4A 0A FB 02 F2 0C FB 08 FC D2 13 4C F3 CF 3C,6.24671s,Vector SLP3,76 BB,,,
6.27330s,Vector SLP3,36 BC AC EB C2 02 42 F3 CF 02 4F EA 82 0C 45 F2 D4 02 94 45 A8 BF 45 F2 D4 02 0C DA 73 4A E2 46 62 45 03 DA 0F FA 8A F2 00 2A 04 DA C2 F1 00 0C 1F FA 8C FC 01 E0 1F FA 82 FC B9 F8 00 A0 D6 46 E2 45 05 D8 4F F0 01 0A CD F8 08 A0 F2 46 05 E0 4F F0 00 0A CD F8 08 A0 E2 46 F4 46 0C F1 01 0E 4F EA 0A 4A 1F FA 8E FE BA FB FE FA DF F8 80 E1 CA F3 C8 1A CD F8 00 A0 3E F8 1A A0 0A FB 0C FC 00 E0,6.27794s,Vector SLP3,76 BC,,,
6.30509s,Vector SLP3,36 BD 4F E0 4F EA DC 3C A9 F8 00 C0 DD E9 04 AC 0C FB 0A FC CC F3 CF 3A BA F5 0C 4F 32 BF AB F8 00 A0 4F F4 0C 4C AB F8 00 C0 BB F8 00 C0 B9 F8 00 90 CC 45 28 BF CC 46 D4 45 2E BF 4F F6 FF 7C 4F EA 0C 4C BC FB FA FC DD F8 60 90 A9 F8 00 C0 DD F8 08 90 DF F8 1C C1 B9 F1 00 0F DD F8 00 90 11 BF 3C F8 19 C0 3C F9 19 C0 CC F5 80 4C 1F FA 8C FC 00 2B 0C DB 00 2A B8 BF CC F5 00 42 02 DA 00 BF,6.30980s,Vector SLP3,76 BD,,,
6.33711s,Vector SLP3,36 BE 1F FA 82 FC 19 9A AC F5 80 43 13 80 12 E0 00 2A A6 BF 4F F6 FF 72 A2 EB 0C 0C 0C F5 00 42 F1 DA EE E7 00 22 A9 F8 00 20 AB F8 00 20 18 9B 1A 80 19 9B 1A 80 27 4A D2 F8 D4 B0 1D 9A 4F EA 2B 4A A2 F8 00 A0 02 88 B7 F9 00 30 B0 F8 02 90 5A 43 B7 F9 02 30 B0 F8 04 C0 09 FB 03 2E CD F8 00 C0 B7 F9 04 20 4F EA 59 09 0C FB 02 EC CA EB 2C 4C 4F EA 6C 0C 4C F6 CC 4A 0C FB 0A FC 0B EB EC 0A,6.34166s,Vector SLP3,76 BE,,,
6.36796s,Vector SLP3,36 BF DF F8 50 C0 CC F8 D4 A0 DD F8 90 C0 4C F6 11 1A BC F8 00 C0 0C FB 0A FC DF F8 58 A0 4F EA 1C 4C 0C FB 0A FC DF F8 2C A0 4F EA 2C 4C 0C EB 8C 0C AA F8 80 C0 DD F8 00 C0 4F EA 5C 0A B7 F9 00 C0 4A F6 AA 27 0C FB 07 FC 0B 4F 4F EA 2C 4C 5F 43 14 E0 00 00 04 02 00 18 FC 07 00 18 00 00 D0 75 E0 02 00 18 00 00 30 8A 2C AF FF FF E2 4B 01 11 E2 4F 01 11 F2 45 01 00 55 D5 FF FF 0C EB E7 3C,6.37252s,Vector SLP3,76 BF,,,
6.39866s,Vector SLP3,36 C0 FE 4F 00 88 57 43 0C EB E7 3C 49 F2 CE 37 7B 43 FB 4F 1B 14 7A 43 03 EB E2 32 40 08 45 F2 55 53 58 43 03 0C F5 48 0F FA 8C FC 09 FB 00 F0 03 EB 20 43 F2 48 12 B2 0A FB 00 F0 03 EB 20 40 03 B2 05 98 58 43 40 14 0C FB 08 F3 A0 EB E3 43 50 42 68 43 C7 13 45 F6 2D 20 78 43 A3 EB 60 40 07 B2 44 F6 E7 10 E6 4B 09 FB 00 F0 00 14 0A FB 03 F3 00 EB 23 40 03 B2 05 98 58 43 02 FB 08 F3 40 14,6.40338s,Vector SLP3,76 C0,,,
6.42965s,Vector SLP3,36 C1 A0 EB E3 40 05 FB 0C F3 DB 13 45 F6 2D 28 03 FB 08 F3 A0 EB 63 40 0F FA 80 F8 B8 F1 00 0F BA BF C8 F1 00 00 80 B2 1F FA 88 F0 00 2F BA BF 7B 42 9B B2 BB B2 98 42 9D BF 4F F0 01 0A 81 46 18 46 4F F0 00 0A 88 BF 99 46 40 1C 80 B2 4F EA 09 49 B9 FB F0 F3 B9 FB F0 F0 DF F8 28 93 9B B2 C0 F3 07 20 BA F1 00 0F 11 BF 39 F8 10 00 18 0A 39 F9 10 00 C0 F5 80 40 08 BF 80 B2 B8 F1 00 0F 66 DB,6.43424s,Vector SLP3,76 C1,,,
6.46142s,Vector SLP3,36 C2 00 2F B8 BF C0 F5 00 40 00 DA 80 B2 00 2D AC BF BD 4B 4F F4 80 43 03 44 1B 98 03 80 BB 48 B0 F9 80 70 DB 1B A0 F8 82 30 25 9B 1B 78 00 2B 1C BF 1B 9B 1F 80 1B 9B 1F 88 15 9B FB 1A 1B B2 47 F6 FD 77 BB 42 C8 BF 47 F6 FD 73 03 DC B0 4F 9F 42 C8 BF 3B 46 40 F6 91 47 7B 43 1B 13 4F F4 48 47 7B 43 1F 14 44 F2 89 13 7B 43 9B 13 4F F4 48 48 03 FB 08 F3 01 EB 63 21 C0 F8 C0 10 A5 49 03 2C,6.46610s,Vector SLP3,76 C2,,,
6.49240s,Vector SLP3,36 C3 C1 F1 00 08 18 BF C0 F8 D0 80 29 D0 D0 F8 D0 10 44 F2 89 13 B3 EB E1 3F CC BF 4F F0 01 08 4F F0 00 08 01 F1 82 41 01 F5 09 01 C0 F8 D0 10 40 F2 8C 63 99 49 AB 42 C4 BF 16 9B B3 F5 B4 5F 02 DD B8 F1 00 0F 14 D0 00 23 C0 F8 CC 30 19 E0 00 2F A6 BF 4F F6 FF 73 18 1A 00 F5 00 40 96 DA 94 E7 D0 F8 D0 30 8B 42 DC BF 41 46 98 45 D0 DC CD E7 D0 F8 CC 30 8B 42 C8 BF 0B 46 02 DC 00 2B B8 BF,6.49697s,Vector SLP3,76 C3,,,
6.52424s,Vector SLP3,36 C4 00 23 03 F5 02 29 09 F5 89 59 C0 F8 CC 90 D1 2D 02 DA B8 F1 00 0F 03 D0 00 21 C0 F8 C8 10 08 E0 D0 F8 C8 90 49 45 04 DB B9 F1 00 0F B4 BF 00 21 49 46 01 F5 02 29 09 F5 89 59 C0 F8 C8 90 B8 F1 00 0F 04 D0 00 21 C0 F8 C4 10 C1 75 24 E0 D0 F8 C4 90 07 EB C7 0A 4F EA 29 48 0A EB 07 1A C8 EB 2A 1A 4F EA 6A 0A 4A F2 D6 3B 0A FB 0B FA 09 EB AA 19 08 F5 7A 68 C0 F8 C4 90 B8 F5 FA 5F 09 D8,6.52882s,Vector SLP3,76 C4,,,
6.55614s,Vector SLP3,36 C5 4F F4 00 58 B8 EB 21 4F C8 BF B8 EB 23 4F 01 DD C1 7D 01 B1 01 21 C1 75 D0 F8 D8 30 02 2C 18 BF 00 23 44 F2 89 11 71 43 89 13 41 F2 5F 44 61 43 03 EB C1 01 C0 F8 D8 10 58 49 01 9E 01 F1 24 08 0C 68 04 2C 08 F8 04 60 34 BF 64 1C 00 24 0C 60 42 F6 41 51 79 43 49 13 01 EB 05 11 0C 11 1A 99 1B 14 0C 80 1E 99 0B 80 C1 7D 20 98 01 70 23 98 A0 F8 00 C0 23 98 42 80 07 B0 BD E8 F0 8F 43 49,6.56068s,Vector SLP3,76 C5,,,
6.58707s,Vector SLP3,36 C6 00 20 01 F5 80 72 A1 F8 80 00 A1 F8 82 00 C1 F8 DC 00 C1 F8 D4 00 C1 F8 C0 00 C1 F8 D0 00 C1 F8 CC 00 C1 F8 C8 00 C1 F8 C4 00 10 60 10 71 C8 75 3B 48 C1 F8 D8 00 70 47 DF F8 D0 C0 30 B4 BC F8 84 40 60 43 80 B2 31 28 34 BF 01 24 00 24 45 1C 6C 43 AC F8 84 40 DF F8 CC C0 3C F8 10 C0 A1 F8 00 C0 31 49 31 F8 10 10 11 80 30 49 31 F8 10 10 19 80 2F 49 31 F8 10 00 58 80 30 BC 70 47 23 49,6.59155s,Vector SLP3,76 C6,,,
6.61788s,Vector SLP3,36 C7 00 20 A1 F8 84 00 70 47 2D E9 FF 4F 88 B0 1F 48 DD E9 1E 15 DD E9 19 A9 15 9C DD F8 84 C0 4F F0 78 56 02 2C 05 D0 01 22 02 92 00 22 C0 F8 EC 20 0A E0 00 22 02 92 D0 F8 EC 20 B2 F1 78 5F 04 DC 00 2A B8 BF 00 26 00 DB 16 46 46 F3 CF 38 C8 F3 8F 27 A8 EB 87 22 12 B2 16 4B 07 92 C2 F5 80 6E 33 F9 17 B0 0F FA 8E FE 0B FB 0E FB CD F8 18 E0 07 F1 01 0E 1F FA 8E FE 1E E0 00 00 55 D5 FF FF,6.62241s,Vector SLP3,76 C7,,,
6.64954s,Vector SLP3,36 C8 19 B6 FF FF 62 49 01 11 00 C0 FF FF 04 02 00 18 03 80 FF FF 00 00 CD 20 00 00 33 23 E0 02 00 18 09 51 BE 28 C6 3D 01 11 F8 3E 01 11 92 3E 01 11 2C 3E 01 11 DE 3F 01 11 CD F8 14 E0 33 F9 1E 30 03 FB 02 B2 42 F3 4C 32 AC F8 00 20 B1 F9 02 20 00 2A BA BF 52 42 92 B2 4A 88 B1 F9 00 30 00 2B BA BF 59 42 89 B2 09 88 8A 42 92 BF 13 46 0B 46 11 46 1A 04 4B 1C 9B B2 B2 FB F3 F2 FF 4B C2 F3,6.65426s,Vector SLP3,76 C8,,,
6.68135s,Vector SLP3,36 C9 46 22 33 F8 12 20 51 43 C1 F3 8F 31 4F EA 51 0C 03 2C 07 BF 01 24 00 21 00 24 01 21 8E 46 A9 EB 0A 01 49 10 03 91 C9 0F 01 91 F6 49 F4 4B 00 2C B1 F9 86 10 1A 46 4F EA 41 39 04 BF 11 46 C0 F8 E8 30 0E D0 01 99 21 B1 01 7E 00 29 08 BF C0 F8 E8 90 D0 F8 E8 10 8B 42 04 DB 00 29 B8 BF 00 22 00 DB 0A 46 DD F8 74 A0 42 F3 4F 31 AA EB 0C 0A 4F EA 6A 0A 4F EA DA 7B CD F8 00 A0 00 2C 08 BF,6.68573s,Vector SLP3,76 C9,,,
6.71235s,Vector SLP3,36 CA C0 F8 E4 30 12 D0 BB F1 00 0F 06 D0 90 F8 19 A0 BA F1 00 0F 08 BF C0 F8 E4 90 D0 F8 E4 90 4B 45 04 DB B9 F1 00 0F B4 BF 00 23 4B 46 43 F3 4F 39 BE F1 00 0F 1A BF 4F F0 00 0A C0 F8 F8 A0 D0 F8 F8 A0 CD F8 10 A0 DD F8 88 E0 4F EA 2A 4A AE F8 00 A0 1E BF 4F F0 00 0A C0 F8 F8 A0 C0 F8 F4 A0 0E D1 00 BF AC EB 0A 0A 4F EA 6A 0A 42 F6 F6 0E 0A FB 0E FE DD F8 10 A0 0A EB AE 0A C0 F8 F8 A0,6.71697s,Vector SLP3,76 CA,,,
6.74315s,Vector SLP3,36 CB C0 48 DD F8 8C E0 D0 F8 F4 A0 4F EA 2A 40 AE F8 00 00 06 D0 DF F8 EC C2 4F F0 00 00 CC F8 F4 00 0C E0 AC EB 00 00 4F EA 60 00 4C F6 CE 4C 00 FB 0C FC B4 48 0A EB AC 0C C0 F8 F4 C0 49 45 C8 BF 49 46 4F EA 21 2C 00 2C 00 F0 BE 80 DD E9 08 10 89 00 09 B2 01 EB 81 01 AB 4C C9 10 61 43 4F F0 00 0A 09 14 08 1A 4F EA 60 0E 0A 98 CC F1 00 04 00 FB 0E F0 00 14 14 F1 13 0F B8 BF 6F F0 12 04,6.74782s,Vector SLP3,76 CB,,,
6.77408s,Vector SLP3,36 CC 60 45 CC BF 60 46 A0 42 B8 BF 20 46 24 99 09 78 00 29 14 BF 1A 21 06 21 BA F1 00 0F 18 BF 8C 46 AC EB 00 0C DF F8 5C 92 4F EA CC 4C D9 F8 F0 90 E1 45 09 DC BA F1 00 0F 18 BF 0C 46 21 1A 4F EA C1 4C E1 45 A8 BF CC 46 C0 01 00 EB 2C 30 40 00 01 B2 8C 48 00 29 A0 F8 86 10 BA BF 4C 42 24 B2 0C 46 41 F2 7A 49 4C 45 A8 BF 41 F2 7A 44 4F F4 C8 29 04 FB 09 F4 24 0C C4 EB 84 14 C4 F3 80 39,6.77868s,Vector SLP3,76 CC,,,
6.80492s,Vector SLP3,36 CD 09 EB D4 34 DF F8 04 92 A4 B2 DF F8 04 A2 39 F9 14 40 14 F5 A0 6F B4 BF 54 46 A4 03 D0 F8 E0 90 A1 45 CC BF C0 F8 E0 40 19 F1 A0 7F B8 BF C0 F8 E0 A0 02 9C 00 2C 4C D0 D0 F8 E0 40 44 F3 8F 3A BA F1 00 0F AE BF 1F FA 8A F4 CA F1 00 04 A4 B2 4F F4 C8 57 B4 F5 C8 5F 2E BF A1 46 B9 46 27 46 3C 04 09 F1 01 07 BF B2 B4 FB F7 F4 69 4F C4 F3 C8 14 37 F8 14 40 18 9F 04 FB 09 F4 C4 F3 8F 34,6.80954s,Vector SLP3,76 CD,,,
6.83688s,Vector SLP3,36 CE 7F 08 64 08 C7 EB 07 17 3F 09 0C BF 4F F0 01 09 4F F0 00 09 4F 44 3F B2 49 02 91 FB F7 F1 B1 F5 00 4F AE BF 47 F6 FF 71 11 F5 00 4F 5A 49 09 B2 A1 42 05 DC 64 42 24 B2 A1 42 A8 BF 69 80 00 DA 6C 80 A5 F8 00 A0 21 E0 00 20 4F F0 01 0A 01 46 48 E7 52 4C 34 F9 17 90 DD E9 06 71 09 FB 07 F9 05 9F 34 F9 17 40 04 FB 01 91 4D 4C 41 F3 8F 21 4C 43 E7 13 1C 9C 7C 43 A4 13 2C 80 47 F6 A3 34,6.84139s,Vector SLP3,76 CE,,,
6.86762s,Vector SLP3,36 CF 61 43 CC 13 1C 99 61 43 89 13 69 80 4A F2 D7 31 0E FB 01 F1 0C 14 0B 99 49 08 61 43 0C EB 81 01 C0 F8 F0 10 DD E9 16 C1 A1 EB 0C 01 89 10 4A F2 D7 3C 01 FB 0C F1 C9 13 4F F4 C8 4C 01 FB 0C F1 D0 F8 E0 C0 0C EB 61 01 C0 F8 E0 10 03 99 4A F2 D7 3C 01 FB 0C F1 C9 13 49 01 02 EB 61 01 C0 F8 E8 10 00 99 41 F2 D7 32 01 FB 0C F1 09 14 03 EB 41 11 C0 F8 E4 10 1B 99 49 08 51 43 06 EB 81 01,6.87225s,Vector SLP3,76 CF,,,
6.89854s,Vector SLP3,36 D0 C0 F8 EC 10 01 99 01 76 80 F8 19 B0 B8 F5 F8 4F AC BF 01 21 00 21 20 98 01 70 0C B0 BD E8 F0 8F 18 48 00 21 C0 F8 EC 10 C0 F8 F0 10 C0 F8 F8 10 C0 F8 F4 10 C0 F8 E0 10 C0 F8 E8 10 C0 F8 E4 10 01 76 41 76 41 F2 7A 41 A0 F8 86 10 70 47 41 F2 19 0C A0 F5 20 60 00 FB 0C F0 00 13 47 F2 C9 6C 00 FB 0C F0 00 14 0C EB 40 00 40 08 00 9A 18 80 4F F4 79 60 0B 4B A1 F5 20 61 15 E0 62 48 01 11,6.90311s,Vector SLP3,76 D0,,,
6.93053s,Vector SLP3,36 D1 00 40 8F 02 04 02 00 18 F0 AC 01 00 5E 3F 01 11 00 00 C0 FE 62 40 01 11 00 80 FF FF 20 40 01 11 DF DE FF FF AE D8 FF FF 59 43 89 13 41 43 00 EB 21 40 40 08 10 80 70 47 70 47 FE 49 00 20 A1 F8 A2 00 81 F8 A4 00 C1 F8 FC 00 70 47 F9 48 B0 F9 36 00 70 47 F7 48 00 7A 70 47 F6 49 00 20 08 72 70 47 F4 48 80 7A 70 47 F2 49 00 20 88 72 70 47 F0 48 B0 F9 60 00 70 47 EE 48 B0 F9 62 00 70 47,6.93496s,Vector SLP3,76 D1,,,
6.96133s,Vector SLP3,36 D2 EC 48 B0 F8 68 00 70 47 EA 48 B0 F8 6E 00 70 47 E8 48 B0 F8 9A 00 70 47 E6 48 00 8F 70 47 E5 48 80 7C 70 47 E3 49 02 20 88 74 70 47 E1 48 00 8E 80 B2 70 47 10 B5 00 20 00 F0 02 FC 04 F0 F8 F9 00 20 04 F0 3B F9 00 20 04 F0 36 F9 00 20 00 F0 04 FC FB F7 93 FF FC F7 35 F8 BD E8 10 40 F9 F7 23 BF 10 B5 00 20 FD F7 EF FC 00 20 04 F0 58 F9 00 20 00 F0 B3 FF FC F7 19 FC 06 F0 C1 FA 04 F0,6.96582s,Vector SLP3,76 D2,,,
6.99322s,Vector SLP3,36 D3 BF FC CD 49 88 1E F9 F7 63 FC CC 48 F9 F7 3E FC 04 F0 69 FA FD F7 0C FE C6 4C B4 F8 70 00 FE F7 DB FF 00 F0 AB FC 00 F0 65 FF A0 74 FB F7 72 FF FC F7 14 F8 00 20 01 F0 31 F9 01 20 01 F0 BD FD 01 F0 58 FE 40 23 BD E8 10 40 1A 46 BC 49 BD 48 01 F0 77 BA 00 F0 44 BF 10 B5 FB F7 A7 FE B5 4C C0 01 A4 F8 58 00 FB F7 9D FE C0 01 00 B2 A4 F8 5A 00 B4 F9 58 10 41 F2 19 0C A1 F5 20 61 01 FB,6.99767s,Vector SLP3,76 D3,,,
7.02490s,Vector SLP3,36 D4 0C F1 09 13 47 F2 C9 6C 01 FB 0C F1 09 14 04 F1 98 03 0C EB 41 01 49 08 9A 1C 19 80 AA 4B A0 F5 20 60 58 43 4F F4 79 61 80 13 48 43 01 EB 20 40 40 08 10 80 10 BD 70 B5 A4 48 00 78 20 B9 A4 48 01 68 41 F0 01 01 01 60 00 20 00 F0 BD FE 41 F2 88 31 00 20 FD F7 BA FC 00 20 FD F7 FD FC 00 20 01 F0 2F F9 04 F0 8D F9 FB F7 6B FE FB F7 9D FE 90 4C 00 20 A4 F8 84 00 FC F7 07 FF 05 46 FA F7,7.02953s,Vector SLP3,76 D4,,,
7.05685s,Vector SLP3,36 D5 1E FB 06 46 FA F7 FD FA 2A 46 31 46 FC F7 01 FF FB F7 33 FE FB F7 4A FE C0 01 A4 F8 58 00 FB F7 41 FE C0 01 00 B2 A4 F8 5A 00 B4 F9 58 10 41 F2 19 0C A1 F5 20 61 01 FB 0C F1 09 13 47 F2 C9 6C 01 FB 0C F1 09 14 04 F1 98 03 0C EB 41 01 49 08 9A 1C 19 80 7C 4B A0 F5 20 60 58 43 4F F4 79 61 80 13 48 43 01 EB 20 40 40 08 10 80 FD F7 C7 FB F9 F7 FE FB FC F7 FC FA FD F7 3D FD 32 20 01 F0,7.06139s,Vector SLP3,76 D5,,,
7.08863s,Vector SLP3,36 D6 15 FA 01 28 0E D0 00 20 01 F0 17 FD B4 F9 74 10 B4 F8 72 00 FD F7 72 F9 FD F7 65 FA BD E8 70 40 06 F0 85 BF 02 F0 7B FC F8 E7 62 48 10 B5 D0 F8 60 11 49 1C C0 F8 60 11 06 F0 18 FB 01 28 18 BF 10 BD BD E8 10 40 01 F0 26 BD 70 B5 98 B0 04 F0 B3 FD 58 4C 00 25 E5 74 FA F7 96 FA 10 B3 FA F7 71 FA 60 74 5B 48 04 F1 AE 01 02 88 0A 80 40 88 48 80 FA F7 AC FA A4 F8 88 00 FA F7 9A FA 60 71,7.09325s,Vector SLP3,76 D6,,,
7.11936s,Vector SLP3,36 D7 FA F7 90 FA E0 71 FA F7 90 FA FA F7 A7 FA A0 87 FA F7 A8 FA E0 87 FA F7 96 FA A4 F8 76 00 FA F7 9A FA E0 72 FD F7 4A F9 FD F7 1A F9 A0 85 04 F0 9E FD 60 75 FD F7 D7 FC 47 48 86 1D 01 88 31 80 41 88 71 80 80 88 B0 80 B4 F8 52 00 A4 F8 54 00 06 F1 18 00 81 1D 02 88 0A 80 42 88 4A 80 80 88 88 80 B4 F8 48 00 A4 F8 4A 00 FD F7 C4 FC 06 F1 12 03 A3 F1 12 02 B4 F8 4A 10 02 F1 1E 00 FE F7,7.12374s,Vector SLP3,76 D7,,,
7.15044s,Vector SLP3,36 D8 AB F9 F9 F7 57 FC 60 72 60 7D C0 B1 4F F6 FE 70 A4 F8 78 00 04 F0 30 FC B4 F8 78 10 08 1A A4 F8 78 00 04 F0 46 FD B4 F8 78 10 08 44 A4 F8 78 00 FA F7 D4 FF B4 F8 78 10 08 44 A4 F8 78 00 60 79 00 28 76 D0 25 4B 0D F1 48 0C 03 F1 69 02 02 F1 40 01 A1 F1 4C 00 8C E8 0F 00 83 1F A0 F1 5E 02 A0 F1 38 01 0D F1 38 0C 22 30 8C E8 0F 00 A0 F1 2E 03 A0 F1 73 02 01 1D 0D F1 28 0C 08 30 8C E8,7.15497s,Vector SLP3,76 D8,,,
7.18119s,Vector SLP3,36 D9 0F 00 A0 F1 56 03 B4 F9 76 00 0D F1 18 0C 16 AA 61 7A 8C E8 0F 00 B4 F9 54 00 61 7C B4 F9 88 20 CD E9 04 10 CD E9 02 62 B4 F8 9A 10 B4 F8 98 00 6E 33 15 E0 04 02 00 18 78 02 00 18 74 02 00 18 7A 05 00 18 BA 05 00 18 AE D8 FF FF 69 03 00 18 74 03 00 18 AC 00 00 18 16 03 00 18 13 02 00 18 CD E9 00 01 A2 8D B4 F8 44 10 03 F1 7C 00 FE F7 F8 FF 60 7C 05 28 1D D0 60 78 00 28 0C BF B4 F9,7.18583s,Vector SLP3,76 D9,,,
7.21319s,Vector SLP3,36 DA 3E 00 B4 F9 3C 00 00 28 09 DB 4F F6 FF 72 BD F8 58 10 13 1A 8B 42 D8 BF 22 87 16 DD 06 E0 BD F8 58 10 42 42 8A 42 A8 BF 25 87 0E DA 08 44 20 87 0B E0 10 E0 BD F8 58 00 20 87 B4 F8 64 00 A4 F8 66 00 B4 F8 6A 00 A4 F8 6C 00 B4 F9 60 00 00 28 B8 BF A4 F8 60 50 FA F7 97 F9 28 B3 60 7C 20 74 B4 F8 88 00 A4 F8 8A 00 FA F7 95 F9 A0 71 FA F7 95 F9 A0 79 B0 B1 93 48 30 F8 04 1F 41 F0 04 01,7.21768s,Vector SLP3,76 DA,,,
7.24393s,Vector SLP3,36 DB 20 F8 02 1B C1 88 41 F0 80 01 C1 80 C1 8F 41 F0 80 01 C1 87 C1 88 41 F0 40 01 C1 80 C1 8F 41 F0 40 01 C1 87 FA F7 73 F9 01 26 E6 74 60 8D 03 28 3C BF 40 1C 60 85 24 D3 65 85 00 F0 1B FD 25 75 E0 7A B4 F8 84 10 48 43 80 B2 31 28 34 BF 01 21 00 21 42 1C 51 43 A4 F8 84 10 7B 49 7B 4A 31 F8 10 10 11 80 7A 49 92 1E 31 F8 10 10 11 80 79 49 31 F8 10 20 78 49 0A 80 78 4A 32 F8 10 00 48 80,7.24854s,Vector SLP3,76 DB,,,
7.27494s,Vector SLP3,36 DC 26 75 94 F8 2A 00 10 F0 01 0F 04 BF 18 B0 70 BD 73 48 01 88 49 1E 01 80 D4 F8 B4 00 40 1C C4 F8 B4 00 01 F0 96 FB 00 28 18 BF 01 F0 55 F8 FD F7 75 FB F9 F7 E9 FC FA F7 05 F9 03 28 08 BF F9 F7 0A FD 18 B0 70 BD 10 B5 01 F0 83 FB 01 28 02 D1 01 F0 8E FB 28 B1 02 F0 1D FB BD E8 10 40 06 F0 C4 B9 01 F0 98 F9 02 F0 DA FA F6 E7 10 B5 FC F7 99 F8 01 F0 6E FB 00 28 08 BF 06 F0 41 FF FC F7,7.27939s,Vector SLP3,76 DC,,,
7.30679s,Vector SLP3,36 DD B6 FC F9 F7 4E F9 FD F7 6E FB 56 48 00 F1 0C 01 02 88 0A 80 42 88 4A 80 80 88 88 80 FD F7 6B FB F9 F7 2D FA FD F7 D2 F8 FD F7 89 F8 F9 F7 31 FE FB F7 A7 FF FB F7 FC FC FB F7 9D FD FD F7 53 FB 49 4C B4 F8 60 00 A4 F8 62 00 04 F1 B8 00 01 1D 02 88 0A 80 40 88 48 80 FD F7 4D FB FD F7 43 FB A0 8E E0 86 B4 F8 66 00 A4 F8 68 00 B4 F8 6C 00 A4 F8 6E 00 FD F7 3F FB FA F7 3F F9 00 F0 7A F8,7.31125s,Vector SLP3,76 DD,,,
7.33763s,Vector SLP3,36 DE 78 20 00 F0 68 FC 04 F0 AA FA B4 F9 2E 00 FE F7 62 FE 20 86 10 BD 10 B5 04 F0 C1 FA F9 F7 5A FD FD F7 B1 F9 FB F7 41 FC FC F7 E8 F8 FB F7 FE FB 2D 4C C0 01 A4 F8 58 00 FB F7 F4 FB C0 01 00 B2 A4 F8 5A 00 B4 F9 58 10 41 F2 19 0C A1 F5 20 61 01 FB 0C F1 09 13 47 F2 C9 6C 01 FB 0C F1 09 14 04 F1 98 03 0C EB 41 01 49 08 9A 1C 19 80 1F 4B A0 F5 20 60 58 43 4F F4 79 61 80 13 48 43 01 EB,7.34211s,Vector SLP3,76 DE,,,
7.36946s,Vector SLP3,36 DF 20 40 40 08 10 80 BD E8 10 40 FA F7 EA B8 16 48 D0 F8 5C 11 49 1C C0 F8 5C 11 70 47 12 49 00 20 88 70 08 48 30 F8 5C 1F 21 F0 3F 01 01 80 00 F0 87 BA 0D 48 D0 F8 B4 00 70 47 0D 49 09 88 01 80 70 47 00 00 00 C0 00 40 C6 3D 01 11 62 02 00 18 F8 3E 01 11 92 3E 01 11 AA 02 00 18 2C 3E 01 11 6C 04 00 18 16 03 00 18 04 02 00 18 AE D8 FF FF 28 03 00 18 70 B5 4A 4C 32 25 21 46 20 78 CA 68,7.37396s,Vector SLP3,76 DF,,,
7.40104s,Vector SLP3,36 E0 49 78 33 28 2C D0 13 DC 11 28 08 BF 12 20 0D D0 12 28 08 BF 31 20 09 D0 31 28 1B D0 32 28 18 BF 70 BD 00 2A 16 BF 01 29 33 20 70 BD 20 70 70 BD 3B 49 4F F0 00 06 44 28 C9 78 1B D0 49 28 1F D0 4D 28 2A D0 4E 28 0C BF 90 29 70 BD BD E8 70 40 00 F0 D3 B9 A0 68 00 28 18 BF 70 BD 25 70 70 BD 0A B1 00 29 FA D0 20 69 00 28 16 BF 01 29 44 20 70 BD DB E7 A6 70 50 29 14 BF 4D 20 49 20 D5 E7,7.40542s,Vector SLP3,76 E0,,,
7.43209s,Vector SLP3,36 E1 00 20 FF F7 8B FF A0 78 20 B9 50 20 20 70 03 20 00 F0 C2 F9 25 70 66 70 70 BD 4E 20 20 70 A0 78 01 28 04 BF 90 20 E0 70 BD E8 70 40 FD F7 74 BA 10 B5 FF F7 56 FC FF F7 8D FC BD E8 10 40 99 E7 10 B5 FF F7 37 FC 00 F0 6A F9 15 49 08 71 50 20 C8 70 FF F7 8F FF BD E8 10 40 FD F7 59 BA 10 B5 0F 4C 11 20 20 70 FF F7 25 FC 00 F0 58 F9 20 71 50 20 E0 70 FF F7 7E FF FD F7 4A FA FF F7 31 FC,7.43666s,Vector SLP3,76 E1,,,
7.46393s,Vector SLP3,36 E2 FF F7 68 FC BD E8 10 40 74 E7 05 48 01 21 81 70 00 78 50 28 18 BF 70 47 00 20 00 F0 7D B9 00 00 68 03 00 18 01 20 80 F3 10 88 4F F0 50 21 00 20 01 F8 24 0F 08 73 08 74 FE 49 FD 48 08 60 70 47 70 47 4F F0 50 21 00 20 81 F8 B4 00 70 47 4F F0 50 21 80 20 81 F8 B4 00 70 47 10 B4 00 21 4F F0 50 20 C0 22 80 F8 AC 20 90 F8 AC 20 22 F0 03 02 80 F8 AC 20 90 F8 B0 20 22 F0 10 02 80 F8 B0 20,7.46851s,Vector SLP3,76 E2,,,
7.49466s,Vector SLP3,36 E3 90 F8 70 20 22 F0 C0 02 80 32 80 F8 70 20 08 22 80 F8 44 20 90 F8 B0 30 23 F0 03 03 5B 1C 80 F8 B0 30 90 F8 44 30 23 F0 F0 03 20 33 80 F8 44 30 00 23 80 F8 48 30 01 23 DF F8 7C C3 04 E0 49 1C 89 B2 B1 F5 7A 6F 07 D2 90 F8 B0 40 14 F0 08 0F F5 D1 B1 F5 7A 6F 02 D3 8C F8 00 30 05 E0 90 F8 44 10 21 F0 04 01 80 F8 44 10 90 F8 44 10 41 F0 02 01 80 F8 44 10 00 21 04 E0 49 1C 89 B2 B1 F5,7.49937s,Vector SLP3,76 E3,,,
7.52569s,Vector SLP3,36 E4 7A 7F 07 D2 90 F8 44 40 14 F0 01 0F F5 D0 B1 F5 7A 7F 35 D3 8C F8 01 30 80 F8 44 20 90 F8 B0 10 21 F0 03 01 89 1C 80 F8 B0 10 90 F8 44 10 21 F0 F0 01 60 31 80 F8 44 10 90 F8 48 10 21 F0 30 01 80 F8 48 10 90 F8 44 10 21 F0 04 01 80 F8 44 10 90 F8 44 10 41 F0 02 01 80 F8 44 10 00 21 04 E0 49 1C 89 B2 B1 F5 7A 7F 07 D2 90 F8 44 20 12 F0 01 0F F5 D0 B1 F5 7A 7F 08 D3 8C F8 02 30 05 E0,7.53023s,Vector SLP3,76 E4,,,
7.55649s,Vector SLP3,36 E5 90 F8 44 10 21 F0 08 01 80 F8 44 10 90 F8 70 10 21 F0 C0 01 80 F8 70 10 90 F8 4C 10 21 F0 01 01 80 F8 4C 10 90 F8 58 10 21 F0 03 01 49 1C 80 F8 58 10 90 F8 5C 10 21 F0 1F 01 13 31 80 F8 5C 10 90 F8 54 10 41 F0 30 01 80 F8 54 10 90 F8 6C 10 21 F0 0C 01 80 F8 6C 10 90 F8 54 10 41 F0 04 01 80 F8 54 10 90 F8 54 10 41 F0 02 01 80 F8 54 10 80 21 80 F8 B4 10 10 BC 00 20 70 47 8F 49 00 20,7.56109s,Vector SLP3,76 E5,,,
7.58839s,Vector SLP3,36 E6 08 60 4F F0 E0 20 D0 F8 1C 12 21 F0 7F 41 C0 F8 1C 12 8B 4A 4F F0 80 41 11 60 4F F0 50 21 FF 22 01 F8 24 2B 11 F8 1F 39 43 F0 02 03 CB 77 CB 7F 43 F0 80 03 CB 77 01 F8 05 2C D0 F8 00 21 42 F0 04 02 C0 F8 00 21 D0 F8 00 21 42 F0 10 02 C0 F8 00 21 D0 F8 00 21 42 F4 80 62 C0 F8 00 21 D0 F8 00 21 42 F4 00 62 C0 F8 00 21 D0 F8 00 21 42 F4 80 42 C0 F8 00 21 73 4B 4F F4 A0 02 1A 60 10 22,7.59294s,Vector SLP3,76 E6,,,
7.61919s,Vector SLP3,36 E7 1B 1D 1A 60 DA 04 1B 1D 1A 60 1B 1D 4F F4 40 12 1A 60 42 17 C0 F8 80 22 80 20 C8 75 70 47 6A 49 08 20 0A 7C 12 F0 40 0F 18 BF 01 20 0A 7C 12 F0 80 0F 18 BF 00 20 0A 7C 12 F0 20 0F 18 BF 02 20 0A 7C 12 F0 10 0F 18 BF 03 20 0A 7C 12 F0 04 0F 18 BF 05 20 0A 7C 12 F0 02 0F 18 BF 06 20 0A 7C 12 F0 01 0F 18 BF 07 20 0A 7D 12 F0 01 0F 18 BF 04 20 00 22 0A 74 0A 75 70 47 FD F7 B4 F8 53 48,7.62380s,Vector SLP3,76 E7,,,
7.65026s,Vector SLP3,36 E8 41 6B 21 F0 3F 01 C9 1C 41 63 41 6B 21 F0 3F 01 C9 1C 41 63 00 BF FD E7 38 B5 4F F0 50 24 00 28 3E D0 01 28 04 BF 94 F8 40 00 40 F0 08 00 44 D0 02 28 04 BF 94 F8 40 00 40 F0 04 00 3D D0 03 28 18 BF 38 BD FD F7 8F F8 41 48 01 68 C1 F3 02 41 01 29 08 D0 01 68 21 F0 06 01 01 60 01 68 C1 F3 02 41 01 29 F6 D1 01 68 41 F4 00 11 01 60 00 20 FC F7 7F FF AD F8 00 00 00 20 FC F7 7A FF BD F8,7.65466s,Vector SLP3,76 E8,,,
7.68105s,Vector SLP3,36 E9 00 10 40 1A 80 B2 B0 F5 7A 7F F5 D3 2E 48 01 78 90 F8 84 00 02 20 84 F8 40 00 20 BF 20 BF FE E7 94 F8 40 00 20 F0 08 00 84 F8 40 00 94 F8 40 00 20 F0 04 00 84 F8 40 00 38 BD 84 F8 40 00 38 BD 38 B5 21 4C 94 F8 2C 00 40 F0 30 00 84 F8 2C 00 94 F8 2C 00 40 F0 0F 00 84 F8 2C 00 94 F8 20 00 20 F0 04 00 84 F8 20 00 94 F8 AC 00 20 F0 01 00 84 F8 AC 00 94 F8 50 00 20 F0 80 00 84 F8 50 00,7.68552s,Vector SLP3,76 E9,,,
7.71282s,Vector SLP3,36 EA 00 20 FC F7 36 FF AD F8 00 00 00 20 FC F7 31 FF BD F8 00 10 40 1A 80 B2 B0 F5 7A 7F F5 D3 94 F8 AC 00 40 F0 02 00 84 F8 AC 00 05 20 12 E0 00 00 00 40 00 11 08 ED 00 E0 7C 03 00 18 18 ED 00 E0 20 ED 00 E0 00 E4 00 E0 00 40 00 50 00 60 00 50 00 E0 01 48 84 F8 34 00 94 F8 34 00 40 F0 11 00 84 F8 34 00 38 BD B6 B6 70 47 70 47 10 B5 87 4C A0 6A 10 F4 80 3F 1C BF A0 69 10 F4 80 3F 05 D0,7.71737s,Vector SLP3,76 EA,,,
7.74384s,Vector SLP3,36 EB 60 69 40 F4 80 30 60 61 FB F7 C4 FB A0 6A 10 F4 80 2F 1C BF A0 69 10 F4 80 2F 05 D0 60 69 40 F4 80 20 60 61 FB F7 D0 FB A0 6A 10 F4 80 1F 1C BF A0 69 10 F4 80 1F 05 D0 60 69 40 F4 80 10 60 61 FB F7 DD FB A0 6A 10 F4 00 3F 1C BF A0 69 10 F4 00 3F 05 D0 60 69 40 F4 00 30 60 61 FB F7 9A FB A0 6A 10 F4 00 2F 1C BF A0 69 10 F4 00 2F 05 D0 60 69 40 F4 00 20 60 61 FB F7 A6 FB A0 6A 10 F4,7.74822s,Vector SLP3,76 EB,,,
7.77530s,Vector SLP3,36 EC 00 1F 1A BF A0 69 10 F4 00 1F 10 BD 60 69 40 F4 00 10 60 61 BD E8 10 40 FB F7 B1 BB 70 47 4F F0 50 20 01 7C 11 F0 01 0F 08 BF 70 47 90 F8 90 11 41 F0 01 01 80 F8 90 11 FE F7 74 B9 70 47 70 47 70 47 70 47 70 47 70 B5 4F F0 50 25 95 F8 30 00 4F 4C 10 F0 80 0F 1C BF 20 78 10 F0 02 0F 03 D0 02 20 20 72 00 F0 58 FD 95 F8 30 00 10 F0 40 0F 1A BF 20 78 10 F0 01 0F 70 BD BD E8 70 40 FC F7,7.77970s,Vector SLP3,76 EC,,,
7.80636s,Vector SLP3,36 ED F3 B8 10 B5 4F F0 50 20 90 F8 34 00 10 F0 80 0F 08 D0 40 48 01 78 11 F0 02 0F 03 D0 02 21 01 72 00 F0 79 FB 3C 4C 20 7E 10 F0 02 0F 1C BF 20 78 10 F0 80 0F 03 D0 80 20 20 77 FC F7 FF FE 20 7E 10 F0 01 0F 1A BF 20 78 10 F0 40 0F 10 BD 40 20 20 77 BD E8 10 40 FC F7 05 B8 10 B5 2B 4C E0 6D 10 F4 80 1F 1C BF A0 6D 10 F4 80 1F 05 D0 60 6D 40 F4 80 10 60 65 F9 F7 C6 FB E0 6D 10 F4 00 2F,7.81093s,Vector SLP3,76 ED,,,
7.83718s,Vector SLP3,36 EE 1C BF A0 6D 10 F4 00 2F 05 D0 60 6D 40 F4 00 20 60 65 F9 F7 D9 FB E0 6D 10 F4 80 2F 1C BF A0 6D 10 F4 80 2F 05 D0 60 6D 40 F4 80 20 60 65 F9 F7 EC FB E0 6D 10 F4 00 3F 1A BF A0 6D 10 F4 00 3F 10 BD 60 6D 40 F4 00 30 60 65 BD E8 10 40 F9 F7 FD BB 10 B5 4F F0 50 24 20 7E 10 F0 02 0F 08 D0 20 78 40 F0 02 00 20 70 F9 F7 86 FB 0B 49 01 20 08 70 20 7E 10 F0 80 0F 08 BF 10 BD 20 78 40 F0,7.84178s,Vector SLP3,76 EE,,,
7.86909s,Vector SLP3,36 EF 80 00 20 70 BD E8 10 40 F9 F7 01 BC 00 60 00 50 00 00 02 48 00 20 02 48 00 50 00 48 7F 03 00 18 07 48 80 47 07 48 00 47 FE E7 FE E7 FE E7 FE E7 FE E7 FE E7 FE E7 FE E7 FE E7 FE E7 00 46 70 47 A5 B0 00 11 81 40 00 11 23 49 08 20 48 80 23 49 43 20 48 63 70 47 41 F2 88 31 88 42 88 BF 70 47 1D 49 30 28 23 BF 4F F6 3F 02 50 43 40 0D 00 20 48 80 70 47 18 48 01 88 4A 00 92 1C 92 B2 21 2A,7.87364s,Vector SLP3,76 EF,,,
7.89995s,Vector SLP3,36 F0 98 BF 49 1C 0C D9 41 88 00 29 08 BF 70 47 13 4A 53 6B 23 F0 3F 03 DB 1C 53 63 49 1E 41 80 00 21 01 80 70 47 02 00 4F F0 01 00 08 BF 70 47 0B 49 01 2A 08 D0 02 2A 18 BF 70 47 48 6B 20 F0 3F 00 48 63 00 20 70 47 48 6B 20 F0 3F 00 C0 1C 48 63 01 49 00 20 08 80 F4 E7 80 03 00 18 00 60 00 50 03 48 90 F8 D4 12 41 F0 01 01 80 F8 D4 12 70 47 00 40 00 50 70 B5 4F F0 50 26 00 25 96 F8 E0 00,7.90450s,Vector SLP3,76 F0,,,
7.93064s,Vector SLP3,36 F1 2C 46 10 F0 04 0F 04 D1 0F 49 01 24 00 20 09 68 88 47 96 F8 E0 00 10 F0 08 0F 04 D1 0B 49 01 25 00 20 09 68 88 47 0A 48 00 68 80 47 06 46 1C B1 08 49 00 20 09 68 88 47 1D B1 07 49 00 20 09 68 88 47 30 46 70 BD 00 00 E0 54 01 11 D4 54 01 11 CC 54 01 11 E4 54 01 11 DC 54 01 11 70 47 2D E9 F0 47 DF F8 24 83 DF F8 24 93 17 46 0E 46 05 46 05 F0 7F 00 C0 F1 80 04 25 F0 7F 0A A7 42 38 BF,7.93536s,Vector SLP3,76 F1,,,
7.96262s,Vector SLP3,36 F2 FC B2 3F 1B FC F7 2F FE 02 20 FF F7 8B FF D8 F8 00 10 50 46 88 47 A4 B1 6B 1E A6 F1 01 0C 14 F0 01 0F 03 D0 1C F8 01 0F 03 F8 01 0F 60 08 08 D0 9C F8 01 10 59 70 1C F8 02 1F 03 F8 02 1F 40 1E F6 D1 D9 F8 00 10 00 20 88 47 82 46 01 20 FF F7 69 FF FC F7 10 FE 25 44 26 44 00 2F C8 D1 50 46 BD E8 F0 87 2D E9 F0 47 DF F8 9C 82 DF F8 9C 92 17 46 0E 46 05 46 00 BF 05 F0 7F 00 C0 F1 80 04,7.96722s,Vector SLP3,76 F2,,,
7.99350s,Vector SLP3,36 F3 25 F0 7F 0A A7 42 38 BF FC B2 3F 1B FC F7 EB FD 00 20 FF F7 47 FF D8 F8 00 10 50 46 88 47 A4 B1 6B 1E A6 F1 01 0C 14 F0 01 0F 03 D0 1C F8 01 0F 03 F8 01 0F 60 08 08 D0 9C F8 01 10 59 70 1C F8 02 1F 03 F8 02 1F 40 1E F6 D1 D9 F8 00 10 00 20 88 47 82 46 00 20 FF F7 25 FF FC F7 CC FD 25 44 26 44 00 2F C8 D1 50 46 BD E8 F0 87 84 46 00 20 13 04 1B 0C 16 D0 49 1E AC F1 01 02 13 F0 01 0F,7.99808s,Vector SLP3,76 F3,,,
8.02445s,Vector SLP3,36 F4 03 D0 12 F8 01 CF 01 F8 01 CF 5B 08 0A D0 00 BF 92 F8 01 C0 81 F8 01 C0 12 F8 02 CF 01 F8 02 CF 5B 1E F5 D1 4F F0 50 21 0A 7E 12 F0 20 0F 08 BF 70 47 08 78 40 F0 20 00 08 70 01 20 70 47 10 B5 04 46 80 29 06 D0 B1 F5 80 5F 18 BF 01 24 15 D0 20 46 10 BD FC F7 87 FD 02 20 FF F7 E3 FE 6C 4A 00 21 20 46 12 68 90 47 08 B1 01 24 00 E0 00 24 01 20 FF F7 D7 FE FC F7 7E FD E9 E7 FC F7 73 FD,8.02895s,Vector SLP3,76 F4,,,
8.05619s,Vector SLP3,36 F5 02 20 FF F7 CF FE 63 49 20 46 09 68 88 47 00 28 ED D0 EA E7 10 B5 04 46 80 29 06 D0 B1 F5 80 5F 18 BF 01 24 15 D0 20 46 10 BD FC F7 5C FD 00 20 FF F7 B8 FE 56 4A 00 21 20 46 12 68 90 47 00 28 14 BF 01 24 00 24 00 20 FF F7 AC FE FC F7 53 FD E9 E7 FC F7 48 FD 02 20 FF F7 A4 FE 4D 49 20 46 09 68 88 47 00 28 14 BF 01 24 00 24 01 20 FF F7 99 FE FC F7 40 FD D6 E7 2D E9 F0 47 17 46 0E 46,8.06081s,Vector SLP3,76 F5,,,
8.08723s,Vector SLP3,36 F6 05 46 FC F7 30 FD 00 20 FF F7 8C FE 40 4A 00 21 28 46 12 68 90 47 00 28 14 BF 01 24 00 24 00 20 FF F7 80 FE FC F7 27 FD 20 00 06 BF DF F8 D8 80 DF F8 D8 90 BD E8 F0 87 25 F0 7F 0A 05 F0 7F 00 C0 F1 80 04 A7 42 38 BF FC B2 3F 1B FC F7 0B FD 00 20 FF F7 67 FE D8 F8 00 10 50 46 88 47 A4 B1 6B 1E A6 F1 01 0C 14 F0 01 0F 03 D0 1C F8 01 0F 03 F8 01 0F 60 08 08 D0 9C F8 01 10 59 70 1C F8,8.09168s,Vector SLP3,76 F6,,,
8.11796s,Vector SLP3,36 F7 02 1F 03 F8 02 1F 40 1E F6 D1 D9 F8 00 10 00 20 88 47 82 46 00 20 FF F7 45 FE FC F7 EC FC 25 44 26 44 00 2F C8 D1 50 46 BD E8 F0 87 2D E9 F0 47 88 46 01 46 00 20 15 46 04 46 4A 0B 20 D1 7F 2D 1E D8 17 22 02 EA 11 22 01 F0 7F 07 00 2D 86 BF 56 1C DF F8 44 90 BD E8 F0 87 00 BF 38 19 C1 B2 D9 F8 00 30 08 EB 04 02 30 46 98 47 00 28 18 BF BD E8 F0 87 21 1D CC B2 AC 42 EF D3 BD E8 F0 87,8.12254s,Vector SLP3,76 F7,,,
8.14999s,Vector SLP3,36 F8 01 20 BD E8 F0 87 00 00 B8 54 01 11 BC 54 01 11 C0 54 01 11 C8 54 01 11 C4 54 01 11 4F F0 50 21 40 22 28 B3 01 28 18 BF 70 47 91 F8 34 00 20 F0 C0 00 81 F8 34 00 4F 48 02 70 91 F8 98 00 20 F0 01 00 81 F8 98 00 D5 20 81 F8 9C 00 91 F8 A0 00 00 20 81 F8 A0 00 91 F8 98 00 20 F0 0E 00 81 F8 98 00 91 F8 98 00 40 F0 01 00 81 F8 98 00 70 47 91 F8 30 00 20 F0 C0 00 81 F8 30 00 3E 48 02 70,8.15439s,Vector SLP3,76 F8,,,
8.18164s,Vector SLP3,36 F9 91 F8 88 00 20 F0 01 00 81 F8 88 00 47 20 81 F8 8C 00 91 F8 90 00 10 20 81 F8 90 00 91 F8 88 00 20 F0 0E 00 81 F8 88 00 91 F8 88 00 40 F0 01 00 81 F8 88 00 91 F8 B8 00 40 F0 40 00 81 F8 B8 00 70 47 4F F0 50 21 B0 B1 01 28 18 BF 70 47 02 22 28 48 02 72 91 F8 34 20 42 F0 80 02 81 F8 34 20 02 78 42 F0 10 02 02 70 91 F8 98 00 40 F0 01 00 81 F8 98 00 70 47 20 48 03 22 02 72 91 F8 30 20,8.18624s,Vector SLP3,76 F9,,,
8.21344s,Vector SLP3,36 FA 42 F0 80 02 81 F8 30 20 91 F8 30 20 42 F0 40 02 81 F8 30 20 02 78 42 F0 10 02 02 70 91 F8 88 00 40 F0 01 00 81 F8 88 00 70 47 4F F0 50 21 90 B1 01 28 18 BF 70 47 91 F8 98 00 20 F0 01 00 81 F8 98 00 91 F8 34 00 20 F0 C0 00 81 F8 34 00 09 49 02 20 08 72 70 47 91 F8 88 00 20 F0 01 00 81 F8 88 00 91 F8 30 00 20 F0 C0 00 81 F8 30 00 03 20 01 49 EE E7 00 20 02 48 00 00 02 48 0F 48 41 78,8.21810s,Vector SLP3,76 FA,,,
8.24434s,Vector SLP3,36 FB 00 29 18 BF 70 47 01 21 41 70 01 70 0C 48 0D 49 00 78 08 71 70 47 0A 4A 10 78 00 F0 0F 03 07 48 01 78 8B 42 03 D8 00 21 01 70 41 70 70 47 05 4B 52 5C 1A 71 49 1C 01 70 70 47 00 00 84 03 00 18 4E 05 00 18 00 20 02 48 FB 4A 30 B4 55 69 00 21 08 46 95 F8 00 C0 BC F1 03 0F 3C BF 30 BC 70 47 AC F1 01 02 00 2A 10 DD 68 1E 1C F0 01 0F 08 BF 10 F8 01 1F 43 78 52 10 07 D0 00 BF 10 F8 02 4F,8.24897s,Vector SLP3,76 FB,,,
8.27513s,Vector SLP3,36 FC 59 40 43 78 61 40 52 1E F8 D1 BC F1 01 00 5C BF 28 5C 41 40 00 29 0C BF 01 20 00 20 30 BC 70 47 E5 48 30 B4 01 69 00 22 11 F8 01 39 5A 54 00 69 01 78 4B 1E 19 04 09 0C 04 BF 30 BC 70 47 01 21 9B B2 01 2B AE BF 43 1E 30 BC 70 47 90 F8 00 C0 85 5C 52 1C 1C F8 03 40 49 1C 6C 40 0C F8 03 40 90 F8 00 C0 92 B2 AC F1 01 0C 1F FA 8C FC 8C 45 EC DA 30 BC 70 47 D0 49 0A 78 00 2A 08 BF 70 47,8.27983s,Vector SLP3,76 FC,,,
8.30618s,Vector SLP3,36 FD 12 F0 01 0F 48 69 4F F0 00 02 A0 F1 01 00 18 BF 00 F8 01 2F 09 78 49 08 08 BF 70 47 42 70 00 F8 02 2F 49 1E FA D1 70 47 C3 48 03 21 00 69 01 70 01 21 41 70 70 47 04 22 02 70 02 22 42 70 81 70 70 47 DF F8 F4 C2 CC F8 10 00 8C F8 01 20 CC F8 14 10 8C F8 00 30 70 47 10 B5 FC F7 44 FB B6 4C 60 89 40 1C 60 81 E0 88 40 F2 DC 51 40 1C 80 B2 E0 80 88 42 03 D9 00 20 E0 80 01 F0 8A FA AF 48,8.31069s,Vector SLP3,76 FD,,,
8.33788s,Vector SLP3,36 FE 01 78 11 F0 02 0F 04 BF 01 78 11 F0 01 0F 09 D0 61 79 49 1C 61 71 00 78 10 F0 40 0F 02 D0 A0 89 40 1C A0 81 BD E8 10 40 FC F7 25 BB A2 49 01 F1 08 02 10 B1 4B 89 83 42 03 D2 13 78 13 F0 02 0F F7 D0 10 78 10 F0 02 0F 14 BF 01 20 02 20 70 47 2D E9 F0 47 00 F0 14 FB 07 46 00 F0 18 FB 96 4C 00 26 4F F0 01 09 04 F1 08 05 00 28 55 D1 E0 78 70 B1 60 69 E2 78 01 78 91 42 4E D9 61 79 0F 29,8.34254s,Vector SLP3,76 FE,,,
8.36987s,Vector SLP3,36 FF 4B D8 E1 78 47 54 E0 78 40 1C E0 70 66 71 2E E0 28 78 20 F0 10 00 28 70 28 78 20 F0 20 00 28 70 28 78 10 F0 01 0F 11 D0 05 2F 04 BF 28 78 10 F0 80 0F 05 D1 E1 78 60 69 47 54 84 F8 03 90 E5 E7 E6 70 66 71 28 78 20 F0 80 00 0F E0 00 2F F7 D0 20 78 87 42 9C BF 28 78 10 F0 80 0F F0 D1 E1 78 60 69 47 54 84 F8 03 90 66 71 00 E0 28 70 61 69 E2 78 08 78 90 42 02 D1 E0 78 03 28 03 D2 28 78,8.37439s,Vector SLP3,76 FF,,,
8.40165s,Vector SLP3,36 00 10 F0 20 0F 35 D0 A6 81 28 78 40 F0 40 00 28 70 28 78 10 F0 20 0F 06 D0 29 E0 E6 70 66 71 28 78 40 F0 20 00 E2 E7 0F 78 00 20 03 2F 1B D3 7B 1E 00 2B 13 DD 4A 1E 17 F0 01 0F 08 BF 12 F8 01 0F 92 F8 01 C0 5B 10 09 D0 12 F8 02 8F 80 EA 0C 00 92 F8 01 C0 80 EA 08 00 5B 1E F5 D1 7A 1E 5C BF 8A 5C 50 40 C8 B1 28 78 40 F0 10 00 28 70 84 F8 02 90 28 78 10 F0 01 0F 08 BF BD E8 F0 87 A0 78,8.40626s,Vector SLP3,76 00,,,
8.43355s,Vector SLP3,36 01 01 28 18 BF BD E8 F0 87 28 78 10 F0 10 0F 04 BF 28 78 10 F0 20 0F 36 D1 05 E0 28 78 20 F0 10 00 28 70 E6 80 E3 E7 08 78 05 28 04 BF E2 78 90 42 29 D1 88 78 C0 28 05 D0 87 28 04 BF C8 78 65 28 03 D0 20 E0 C8 78 42 28 1D D1 28 78 40 F0 02 00 28 70 28 78 20 F0 01 00 28 70 20 69 03 21 01 70 80 F8 01 90 FF F7 9C FE 00 F0 5F FA 26 71 21 79 20 69 40 5C 00 F0 41 FA 20 79 40 1C 20 71 00 F0,8.43811s,Vector SLP3,76 01,,,
8.46546s,Vector SLP3,36 02 6C FA 05 20 A0 70 E6 70 66 71 28 78 20 F0 40 00 28 70 A6 70 BD E8 F0 87 70 B5 27 4D 28 69 2A 79 01 78 91 42 2F D1 05 F1 08 06 30 78 20 F0 40 00 30 70 00 24 EC 70 6C 71 30 78 10 F0 04 0F 18 D0 00 F0 1E FA 00 F0 25 FA 29 78 71 B1 68 69 40 1E 11 F0 01 0F 18 BF 00 F8 01 4F 29 78 49 08 04 D0 44 70 00 F8 02 4F 49 1E FA D1 30 78 40 F0 80 00 30 70 00 F0 2A FA 30 78 10 F0 02 0F 18 BF 00 F0,8.46996s,Vector SLP3,76 02,,,
8.49733s,Vector SLP3,36 03 1C FA AC 70 70 BD 29 79 40 5C 00 F0 F6 F9 28 79 40 1C 28 71 70 BD 09 4B 18 78 10 F0 02 0F 08 BF 70 47 2D E9 F0 41 04 4C A2 78 21 46 00 26 48 69 09 69 06 2A 71 D2 03 E0 88 03 00 18 90 03 00 18 DF E8 02 F0 3D 03 76 88 9A 3D 1A 78 4F F0 04 05 12 F0 20 0F 4F F0 02 07 07 D0 00 F0 E6 F9 20 69 03 21 05 70 47 70 81 70 28 E0 1A 78 12 F0 10 0F 06 D0 00 F0 DA F9 20 69 05 70 47 70 87 70 1D E0,8.50181s,Vector SLP3,76 03,,,
8.52922s,Vector SLP3,36 04 02 78 94 F8 03 C0 62 45 4D D1 42 78 40 2A 3B D0 0A DC 4F F0 03 0C 4F F0 01 08 10 2A 11 D0 21 2A 24 D0 3A 2A 27 D0 05 E0 41 2A 30 D0 56 2A 35 D0 60 2A 2F D0 0D 70 01 20 4F 70 88 70 A5 70 BD E8 F0 81 82 78 C0 2A 05 D0 87 2A 04 BF C0 78 65 28 0C D0 02 E0 C0 78 42 28 08 D0 E6 70 66 71 18 78 20 F0 40 00 18 70 A6 70 BD E8 F0 81 81 F8 00 C0 81 F8 01 80 E2 E7 58 78 40 F0 02 00 58 70 81 F8,8.53366s,Vector SLP3,76 04,,,
8.55979s,Vector SLP3,36 05 00 C0 BA 20 48 70 D9 E7 01 F0 13 F9 D6 E7 01 F0 36 F9 D3 E7 00 F0 F6 F9 45 E0 47 E0 01 F0 27 F8 A0 70 BD E8 F0 81 0D 70 03 20 4F 70 88 70 C5 E7 42 78 60 2A 04 BF 1F 4A 00 F0 96 FF 60 69 41 78 56 29 18 BF BD E8 F0 81 1A 4A 21 69 BD E8 F0 41 01 F0 94 B8 42 78 60 2A 04 BF 16 4A 01 F0 06 F8 60 69 41 78 56 29 18 BF BD E8 F0 81 11 4A 21 69 BD E8 F0 41 01 F0 8C B8 08 78 B8 B1 A0 89 02 28,8.56415s,Vector SLP3,76 05,,,
8.59060s,Vector SLP3,36 06 38 BF BD E8 F0 81 FF F7 8B FD 00 F0 4E F9 26 71 21 79 20 69 40 5C 00 F0 30 F9 20 79 40 1C 20 71 00 F0 5B F9 05 20 A0 70 BD E8 F0 81 A6 70 BD E8 F0 81 00 00 8A 03 00 18 10 B5 F8 F7 A3 F8 F7 4A 11 88 C1 F3 80 33 40 EA 43 03 90 78 00 F0 01 02 43 EA 82 02 C0 F3 80 03 42 EA C3 02 CB 0B 42 EA 03 12 C0 F3 40 03 42 EA 43 12 C0 F3 C0 03 42 EA 83 12 C1 F3 C0 21 42 EA C1 11 C0 F3 00 10 41 EA,8.59500s,Vector SLP3,76 06,,,
8.62166s,Vector SLP3,36 07 00 24 FA F7 34 FD 44 EA 40 24 FA F7 2D FD 44 EA 80 20 84 B2 FB F7 27 FD 00 28 18 BF 01 20 44 EA C0 24 F8 F7 52 FE 44 EA 00 34 FA F7 23 FD 44 EA 40 34 03 F0 4B F8 44 EA 80 30 80 B2 10 BD 70 B5 F8 F7 85 F8 D5 4E 04 46 30 88 C0 F3 00 25 FB F7 47 FF 45 EA 40 05 FB F7 46 FF 31 88 45 EA 80 00 C1 F3 80 22 40 EA C2 00 C1 F3 C0 01 40 EA 01 10 04 F0 01 01 40 EA 41 10 C4 F3 40 01 40 EA 81 10,8.62623s,Vector SLP3,76 07,,,
8.65238s,Vector SLP3,36 08 C4 F3 80 01 40 EA C1 10 C4 F3 C0 01 40 EA 01 20 C4 F3 00 11 40 EA 41 20 C4 F3 40 11 40 EA 81 20 C4 F3 80 11 40 EA C1 20 C4 F3 C0 11 40 EA 01 30 C4 F3 00 21 40 EA 41 34 FE F7 71 FA 00 F0 01 00 44 EA 80 30 70 BD 10 B5 FE F7 4B FA 04 46 FE F7 41 FA 44 EA 40 04 F8 F7 30 F8 44 EA 80 04 FD F7 78 FA 00 28 18 BF 01 20 44 EA C0 04 F7 F7 F1 FE 44 EA 00 14 F7 F7 E9 FE 44 EA 40 11 A7 48 00 88,8.65708s,Vector SLP3,76 08,,,
8.68344s,Vector SLP3,36 09 C0 F3 40 22 41 EA 82 11 C0 F3 00 12 41 EA C2 11 C0 F3 40 12 41 EA 02 21 C0 F3 80 12 41 EA 42 21 C0 F3 C0 12 41 EA 82 21 C0 F3 80 02 41 EA 02 31 C0 F3 40 02 41 EA 42 31 C0 F3 40 32 41 EA 82 31 C0 F3 00 30 41 EA C0 30 10 BD 95 48 00 88 C0 F3 00 21 00 F0 01 02 41 EA 42 01 C0 F3 80 12 41 EA 82 01 90 4A 12 78 41 EA C2 01 C0 F3 40 12 41 EA 02 11 C0 F3 40 02 41 EA 42 11 C0 F3 C0 02 41 EA,8.68794s,Vector SLP3,76 09,,,
8.71413s,Vector SLP3,36 0A C2 11 C0 F3 00 12 41 EA 02 21 C0 F3 80 00 41 EA 40 20 85 49 09 88 C1 F3 C0 21 40 EA 01 30 83 49 09 78 40 EA 41 30 82 49 09 78 40 EA 81 30 81 49 09 78 40 EA C1 30 80 B2 70 47 7F 49 0A 78 60 F3 00 02 0A 70 70 47 7C 49 0A 78 60 F3 45 12 0A 70 70 47 79 48 00 78 00 F0 01 00 70 47 76 48 00 78 C0 F3 80 10 70 47 74 48 00 78 C0 F3 80 00 70 47 71 48 00 78 C0 F3 40 10 70 47 70 49 08 71 70 47,8.71880s,Vector SLP3,76 0A,,,
8.74620s,Vector SLP3,36 0B 6E 48 01 7A 41 F0 01 01 01 72 00 79 70 47 00 20 70 47 00 20 70 47 10 B5 FB F7 E5 FF FC F7 D2 FC BD E8 10 40 FE F7 29 BF 70 47 4F F0 50 20 10 F8 30 1F 21 F0 40 01 01 70 70 47 4F F0 50 20 10 F8 30 1F 41 F0 40 01 01 70 70 47 4F F0 50 20 10 F8 30 1F 21 F0 80 01 01 70 70 47 4F F0 50 20 10 F8 30 1F 41 F0 80 01 01 70 70 47 2D E9 F0 41 17 46 0D 46 04 46 01 26 F8 F7 5C FD 18 B1 50 48 00 78,8.75065s,Vector SLP3,76 0B,,,
8.77688s,Vector SLP3,36 0C 07 28 14 D1 4F F0 50 20 90 F8 E0 00 10 F0 02 0F 0D D0 4C 48 A0 42 0A D8 60 19 4B 49 40 1E 88 42 05 D8 2A 46 39 46 20 46 FF F7 59 F9 06 46 30 46 BD E8 F0 81 70 B5 45 F2 AE 62 10 1A 84 B2 71 B1 01 29 1C BF 04 20 70 BD 20 46 40 49 09 68 88 47 3F 49 05 46 20 46 09 68 88 47 28 43 70 BD 3D 49 20 46 09 68 88 47 3C 49 05 46 20 46 09 68 88 47 28 43 70 BD 4F F0 50 20 10 F8 B8 1F 21 F0 40 01,8.78151s,Vector SLP3,76 0C,,,
8.80769s,Vector SLP3,36 0D 01 70 70 47 2D E9 F0 4F 05 46 00 20 AA 78 DF F8 CC C0 05 26 E0 27 32 4B 8F B0 0C 46 4F F0 02 0B 4F F0 03 0A 4F F0 01 09 80 46 F1 2A 00 F0 39 83 2E DC 4F F0 11 00 A0 2A 00 F0 B5 82 14 DC 4F F0 04 0A 12 2A 02 BF 26 70 67 70 12 20 59 D0 05 DC 10 2A 53 D0 11 2A 57 D0 00 F0 9B BB 13 2A 7C D0 82 2A 7B D0 00 F0 95 BB A4 2A 00 F0 B4 84 07 DC A1 2A 00 F0 EB 82 A3 2A 00 F0 7D 84 00 F0 89 BB,8.81237s,Vector SLP3,76 0D,,,
8.83972s,Vector SLP3,36 0E AE 2A 00 F0 F1 82 AF 2A 00 F0 00 83 00 F0 81 BB F2 3A 0A 2A 80 F0 7D 83 24 E0 00 00 5C 00 00 18 0C 01 00 18 7C 03 00 18 4E 01 00 18 7D 03 00 18 7F 03 00 18 7E 03 00 18 A1 03 00 18 00 00 02 48 2E 04 00 18 FC EC 01 11 FF EF 01 11 D0 54 01 11 D4 54 01 11 D8 54 01 11 DC 54 01 11 00 EF 01 11 0C EF 01 11 DF E8 12 F0 B6 03 5B 03 B6 03 BC 04 80 04 F8 04 06 05 11 05 B2 04 F0 04 26 70 67 70,8.84422s,Vector SLP3,76 0E,,,
8.87056s,Vector SLP3,36 0F 10 20 88 70 00 F0 E6 BC 26 70 67 70 A0 70 F7 48 00 78 10 F0 44 0F 2F D1 F5 48 01 78 01 29 2B D0 80 F8 00 B0 B5 F8 03 C0 69 79 AA 79 B5 F9 07 30 95 F8 09 E0 95 F8 0A B0 B5 F9 0B 70 B5 F9 0D 60 ED 7B BC F1 00 0F 08 BF 80 F8 00 80 60 46 CD E9 00 EB 02 97 CD E9 03 65 01 E0 11 E0 40 E0 F9 F7 78 F9 00 28 04 BF 84 F8 03 90 11 20 34 D0 00 BF 84 F8 03 A0 00 F0 AE BC 84 F8 03 B0 00 F0 AA BC,8.87508s,Vector SLP3,76 0F,,,
8.90154s,Vector SLP3,36 10 26 70 67 70 13 20 A0 70 D8 48 00 78 10 F0 44 0F 40 F0 1E 84 DF F8 58 C3 9C F8 00 00 02 28 00 F0 17 84 8C F8 00 90 B5 F8 03 00 6E 79 AA 79 B5 F9 07 30 69 7A AF 7A ED 7A 00 28 08 BF 8C F8 00 80 02 95 CD E9 00 17 31 46 F9 F7 7C F9 00 28 04 BF 84 F8 03 90 13 20 CB D1 F8 F7 4F FC 00 F0 7A BC D5 F8 03 00 A9 79 00 BA 4F F0 00 0A 20 F0 FF 00 02 26 4F F0 01 09 40 EA 01 0B 55 46 AD F8 00 80,8.90593s,Vector SLP3,76 10,,,
8.93314s,Vector SLP3,36 11 1B EA 09 0F 54 D0 BA F1 20 0F 51 D2 DF E8 0A F0 10 15 18 1D 20 2B 28 30 33 3B 3E 41 60 63 66 69 6C 6F 72 28 75 C8 FC FB FA F9 F8 F7 F6 F5 F4 F3 FB F7 96 FA AD F8 00 00 2F E0 FE F7 1D F8 01 E0 F8 F7 DF FB AD F8 00 00 27 E0 69 46 02 20 0C E0 A6 48 00 78 10 F0 04 0F 02 D0 F9 F7 1E F8 F1 E7 AD F8 00 80 19 E0 69 46 01 20 02 F0 60 FA 14 E0 FA F7 C8 FF E6 E7 9D 48 00 78 10 F0 04 0F EF D0,8.93778s,Vector SLP3,76 11,,,
8.96427s,Vector SLP3,36 12 F9 F7 11 F8 DE E7 FB F7 71 FA DB E7 F9 F7 06 FF D8 E7 69 46 0B 20 02 F0 AE F9 BD F8 00 00 71 1C C9 B2 02 0A 62 54 49 1C CE B2 A0 55 68 1C C5 B2 0A F1 01 00 5F EA 49 09 00 F0 FF 0A 01 D0 05 2D 9C D3 B0 1C 20 70 67 70 82 20 A0 70 00 F0 02 BC FD F7 E2 FF B6 E7 87 48 00 88 B3 E7 85 48 40 88 B0 E7 FD F7 E3 FF AD E7 F9 F7 E0 FE AA E7 F9 F7 D9 FE A7 E7 F9 F7 DE FE A4 E7 F7 F7 83 FD 7E 4A,8.96864s,Vector SLP3,76 12,,,
8.99581s,Vector SLP3,36 13 11 88 C1 F3 80 33 40 EA 43 03 90 78 00 F0 01 02 43 EA 82 02 C0 F3 80 03 42 EA C3 02 CB 0B 42 EA 03 12 C0 F3 40 03 42 EA 43 12 C0 F3 C0 03 42 EA 83 12 C1 F3 C0 21 42 EA C1 11 C0 F3 00 10 41 EA 00 20 01 90 FA F7 13 FA 01 46 01 98 40 EA 41 20 01 90 FA F7 09 FA 01 46 01 98 40 EA 81 20 80 B2 01 90 FB F7 00 FA 00 28 14 BF 01 21 00 21 01 98 40 EA C1 20 01 90 F8 F7 28 FB 01 46 01 98 40 EA,9.00049s,Vector SLP3,76 13,,,
9.02764s,Vector SLP3,36 14 01 30 01 90 FA F7 F6 F9 01 46 01 98 40 EA 41 30 01 90 02 F0 1B FD 01 46 01 98 40 EA 81 30 51 E7 F7 F7 55 FD 08 90 54 48 00 88 C0 F3 00 20 01 90 FB F7 16 FC 01 46 01 98 40 EA 41 00 01 90 FB F7 12 FC 01 46 01 98 40 EA 81 01 4B 48 00 88 C0 F3 80 22 41 EA C2 01 C0 F3 C0 00 41 EA 00 11 08 98 00 F0 01 02 41 EA 42 11 C0 F3 40 02 41 EA 82 11 C0 F3 80 02 09 E0 D3 E0 CF E0 CB E0 C7 E0 C3 E0,9.03235s,Vector SLP3,76 14,,,
9.05869s,Vector SLP3,36 15 BF E0 B5 E0 B1 E0 79 E0 22 E0 41 EA C2 11 C0 F3 C0 02 41 EA 02 21 C0 F3 00 12 41 EA 42 21 C0 F3 40 12 41 EA 82 21 C0 F3 80 12 41 EA C2 21 C0 F3 C0 12 41 EA 02 31 C0 F3 00 20 41 EA 40 30 01 90 FD F7 2D FF 00 F0 01 01 01 98 40 EA 81 30 F9 E6 FD F7 07 FF 01 90 FD F7 FD FE 01 46 01 98 40 EA 41 00 01 90 F7 F7 E9 FC 01 46 01 98 40 EA 81 00 01 90 FC F7 2E FF 00 28 14 BF 01 21 00 21 01 98,9.06322s,Vector SLP3,76 15,,,
9.08947s,Vector SLP3,36 16 40 EA C1 00 01 90 F7 F7 A4 FB 01 46 01 98 40 EA 01 10 01 90 F7 F7 99 FB 01 46 01 98 40 EA 41 11 15 48 00 88 C0 F3 40 22 41 EA 82 11 C0 F3 00 12 41 EA C2 11 C0 F3 40 12 41 EA 02 21 C0 F3 80 12 41 EA 42 21 C0 F3 C0 12 41 EA 82 21 C0 F3 80 02 41 EA 02 31 C0 F3 40 02 41 EA 42 31 C0 F3 40 32 41 EA 82 31 00 0B 41 EA C0 30 AB E6 A1 03 00 18 A0 03 00 18 AC 00 00 18 5C 00 00 18 FE 48 00 88,9.09408s,Vector SLP3,76 16,,,
9.12041s,Vector SLP3,36 17 C0 F3 00 21 00 F0 01 02 41 EA 42 01 C0 F3 80 12 41 EA 82 01 F9 4A 12 78 41 EA C2 01 C0 F3 40 12 41 EA 02 11 C0 F3 40 02 41 EA 42 11 C0 F3 C0 02 41 EA C2 11 C0 F3 00 12 41 EA 02 21 C0 F3 80 00 41 EA 40 20 EE 49 09 88 C1 F3 C0 21 40 EA 01 30 EC 49 09 78 40 EA 41 30 EB 49 09 78 40 EA 81 30 EA 49 09 78 40 EA C1 30 6C E6 69 46 05 20 01 E0 69 46 06 20 02 F0 DB F8 70 1C C6 B2 BD F8 00 00,9.12495s,Vector SLP3,76 17,,,
9.15115s,Vector SLP3,36 18 93 E6 69 46 07 20 F5 E7 69 46 08 20 F2 E7 69 46 09 20 EF E7 69 46 0A 20 EC E7 69 46 0C 20 E9 E7 69 46 0D 20 E6 E7 DA 49 09 68 08 91 20 70 67 70 D8 4F A0 20 A0 70 38 78 10 F0 04 0F 03 D0 F8 F7 07 FA 01 28 06 D0 26 70 38 78 10 F0 04 0F 3F F4 D3 AD CD E5 02 F0 E5 F8 29 79 95 F8 03 C0 68 79 AA 79 C8 29 88 BF C8 21 C8 28 88 BF C8 20 C8 2A 88 BF C8 22 C1 EB 01 43 C7 49 C0 EB 00 40 A1 FB,9.15581s,Vector SLP3,76 18,,,
9.18214s,Vector SLP3,36 19 03 53 9B 09 AD F8 04 30 A1 FB 00 30 80 09 AD F8 06 00 C2 EB 02 40 A1 FB 00 10 80 09 AD F8 08 00 60 46 FB F7 36 FD 06 AB 08 AA 40 F2 E2 41 01 A8 FB F7 9F FD 06 A9 40 F2 E2 40 FC F7 2C F9 84 F8 03 90 20 1D F8 F7 72 FE 00 F0 44 BA 26 70 67 70 A1 20 A0 70 AF 48 00 78 10 F0 04 0F 00 F0 B8 81 E8 78 F8 F7 3E FE 0D E0 26 70 67 70 AE 20 A0 70 A8 48 00 78 10 F0 04 0F 00 F0 AA 81 29 79 E8 78,9.18667s,Vector SLP3,76 19,,,
9.21384s,Vector SLP3,36 1A F8 F7 3D FE 84 F8 03 90 00 F0 24 BA 26 70 67 70 AF 20 A0 70 81 F8 03 90 E8 78 F8 F7 07 FE 00 F0 19 BA E9 78 05 29 74 D2 26 70 67 70 F1 21 A1 70 29 79 8D F8 28 10 69 79 8D F8 29 10 A9 79 8D F8 2E 10 E9 79 8D F8 2F 10 29 79 8D F8 2A 10 69 79 8D F8 2B 10 A9 79 8D F8 30 10 E9 79 8D F8 31 10 29 79 8D F8 2C 10 69 79 8D F8 2D 10 A9 79 8D F8 32 10 E9 79 8D F8 33 10 EA 78 05 2A 0D D2 DF E8,9.21853s,Vector SLP3,76 1A,,,
9.24489s,Vector SLP3,36 1B 02 F0 03 05 07 09 0B 00 60 46 06 E0 18 46 04 E0 82 48 02 E0 82 48 00 E0 82 48 4F F0 0C 08 06 46 0A AF F8 F7 86 F9 20 B1 7F 48 00 78 07 28 7F F4 23 AD 4F F0 50 20 90 F8 E0 00 10 F0 02 0F 3F F4 1B AD 7A 48 B0 42 3F F6 17 AD 79 49 06 F1 0B 00 88 42 3F F6 11 AD 42 46 39 46 30 46 FE F7 7F FD 00 28 7F F4 09 AD 84 F8 03 90 E8 78 01 28 18 BF 03 28 40 F0 AF 81 6F 49 A1 F1 02 00 F7 F7 28 FA,9.24940s,Vector SLP3,76 1B,,,
9.27673s,Vector SLP3,36 1C 6D 48 B0 F9 06 10 80 88 FA F7 F8 FF 00 F0 A2 B9 FF E7 80 21 20 46 FF F7 4E F8 00 F0 9B B9 67 70 F3 20 A0 70 E8 78 03 28 29 D0 14 DC 18 B1 01 28 25 D0 02 28 ED D1 10 20 20 70 E8 78 00 28 18 BF DF F8 58 C1 0C 22 E1 1C 60 46 FE F7 CF FD 00 28 00 F0 80 81 0E E0 04 28 1F D0 FE 28 27 D0 FF 28 D7 D1 04 22 E1 1C 90 02 FE F7 A0 FE 00 28 08 BF 08 20 2D D0 26 70 84 F8 03 A0 00 F0 6B B9 10 20,9.28126s,Vector SLP3,76 1C,,,
9.30826s,Vector SLP3,36 1D 20 70 E8 78 01 28 18 BF 45 4B 0C 22 E1 1C 18 46 FE F7 AC FD 00 28 6D D0 EC E7 10 20 20 70 41 48 0C 22 E1 1C FE F7 A2 FD 00 28 E3 D1 52 E1 08 22 E1 1C 42 48 FE F7 9A FD 00 28 DB D1 04 22 04 F1 0B 01 3F 48 FE F7 92 FD 00 28 08 BF 10 20 D1 D1 20 70 3F E1 E9 78 4A 1E 02 2A 9C BF 2A 79 80 2A 97 D2 01 29 08 BF 37 48 06 D0 02 29 08 BF 36 48 02 D0 03 29 08 BF 35 48 13 18 A9 78 C2 F1 80 00,9.31273s,Vector SLP3,76 1D,,,
9.33959s,Vector SLP3,36 1E C0 B2 F2 29 12 D0 6A 79 20 2A 88 BF 20 22 82 42 88 BF 02 46 10 1D 20 70 67 70 F4 20 A0 70 E1 1C 18 46 FE F7 63 FD 00 28 24 D0 A3 E7 26 70 67 70 F2 21 A1 70 29 78 89 1F 01 F0 FF 08 B8 F1 20 0F 88 BF 4F F0 20 08 80 45 88 BF 80 46 1E 46 6D 1D F8 F7 AF F8 20 B1 14 48 00 78 07 28 7F F4 4C AC 4F F0 50 20 90 F8 E0 00 10 F0 02 0F 3F F4 44 AC 0E 48 2D E0 EE E0 00 00 0C 01 00 18 7C 03 00 18,9.34397s,Vector SLP3,76 1E,,,
9.37009s,Vector SLP3,36 1F 4E 01 00 18 7D 03 00 18 7F 03 00 18 7E 03 00 18 E4 53 01 11 A1 03 00 18 1F 85 EB 51 18 EF 01 11 24 EF 01 11 30 EF 01 11 2E 04 00 18 FC EC 01 11 FF EF 01 11 A6 03 00 18 A0 03 00 18 F8 EC 01 11 FC EF 01 11 80 ED 01 11 00 EE 01 11 80 EE 01 11 B0 42 3F F6 11 AC 06 EB 08 00 41 1E F7 48 81 42 3F F6 0A AC 42 46 29 46 30 46 FE F7 78 FC 00 28 7F F4 02 AC 86 E6 26 70 67 70 A3 20 A0 70 F0 48,9.37446s,Vector SLP3,76 1F,,,
9.40109s,Vector SLP3,36 20 00 78 10 F0 04 0F 23 D0 EE 48 10 F8 20 1F 69 F3 04 11 01 70 01 79 68 F3 04 11 01 71 01 7E 68 F3 04 11 01 76 01 7F 68 F3 04 11 01 77 90 F8 24 10 68 F3 04 11 80 F8 24 10 10 F8 18 2C 01 21 61 F3 04 12 00 F8 18 2C E0 48 FF 21 81 70 02 26 C7 E0 81 F8 03 B0 7E E0 26 70 67 70 A4 20 88 70 F7 F7 51 FA F7 F7 55 FA F1 E7 26 70 67 70 F6 20 A0 70 68 79 45 F2 AE 62 60 F3 07 01 28 79 60 F3 0F 21,9.40570s,Vector SLP3,76 20,,,
9.43183s,Vector SLP3,36 21 E8 78 51 1A 8E B2 20 B1 01 28 18 BF 04 20 0B D0 1A E0 CE 49 30 46 09 68 88 47 CD 49 05 46 30 46 09 68 88 47 28 43 09 E0 CA 49 30 46 09 68 88 47 C9 49 05 46 30 46 09 68 88 47 28 43 00 28 3F F4 21 AE 01 28 3F F4 94 AB E0 70 43 E0 26 70 67 70 FA 20 A0 70 4F F0 50 20 90 F8 E0 00 C8 70 39 E0 BE A0 00 68 02 90 26 70 67 70 F5 20 A0 70 E8 78 04 26 02 28 05 D0 00 28 18 BF 81 F8 03 A0 05 D0,9.43618s,Vector SLP3,76 21,,,
9.46289s,Vector SLP3,36 22 6E E0 8D F8 08 80 FE 20 8D F8 09 00 B4 4D 4F F0 04 08 02 AF F7 F7 CD FF 18 B1 B2 48 00 78 07 28 0F D1 4F F0 50 20 90 F8 E0 00 10 F0 02 0F 08 D0 28 46 42 46 39 46 FE F7 D2 FB 10 B9 84 F8 03 90 4E E0 84 F8 03 B0 4B E0 26 70 67 70 FB 20 A0 70 81 F8 03 B0 04 26 43 E0 67 70 F7 20 A0 70 0A 22 E1 1C A1 48 FE F7 42 FC 01 28 3F F4 83 AE 0E 20 20 70 EF E7 67 70 F8 20 A0 70 0A 22 E1 1C 9B 48,9.46742s,Vector SLP3,76 22,,,
9.49467s,Vector SLP3,36 23 FE F7 34 FC 01 28 F2 D1 74 E6 26 70 67 70 F9 20 A0 70 E9 78 28 79 04 26 08 44 40 1C 10 F0 FF 0F 1C D1 D9 B1 0C 29 19 D8 DF F8 44 82 02 27 ED 1C F7 F7 7F FF 18 B1 8B 48 00 78 07 28 C1 D1 4F F0 50 20 90 F8 E0 00 10 F0 02 0F BA D0 3A 46 29 46 40 46 FE F7 84 FB 00 28 B3 D1 AF E7 84 F8 03 A0 0F B0 30 46 BD E8 F0 8F 2D E9 F0 41 80 78 04 26 01 25 14 46 0F 46 4F F0 02 08 A3 28 0C D0 A4 28,9.49927s,Vector SLP3,76 23,,,
9.52563s,Vector SLP3,36 24 18 BF BD E8 F0 81 F7 F7 5F F9 02 28 08 BF FD 70 69 D0 F7 F7 7D F9 42 E0 6B 49 00 23 69 48 8A 78 4F F0 05 0C FF 2A 30 D0 90 F8 10 80 C8 F3 C0 08 98 EA 02 02 8A 70 0C BF 87 F8 03 C0 FD 70 01 21 02 7A 61 F3 04 12 02 72 90 F8 20 10 63 F3 04 11 80 F8 20 10 90 F8 24 10 63 F3 04 11 80 F8 24 10 90 F8 38 10 65 F3 04 11 80 F8 38 10 90 F8 3C 10 63 F3 04 11 80 F8 3C 10 90 F8 44 10 63 F3 04 11,9.53013s,Vector SLP3,76 24,,,
9.55648s,Vector SLP3,36 25 80 F8 44 10 26 70 BD E8 F0 81 02 7C C2 F3 C0 02 8A 70 42 B1 02 7A 00 21 61 F3 04 12 02 72 84 F8 00 80 BD E8 F0 81 90 F8 20 10 63 F3 04 11 80 F8 20 10 90 F8 24 10 63 F3 04 11 80 F8 24 10 90 F8 38 10 65 F3 04 11 80 F8 38 10 90 F8 3C 10 63 F3 04 11 80 F8 3C 10 90 F8 44 10 63 F3 04 11 80 F8 44 10 87 F8 03 C0 26 70 BD E8 F0 81 70 47 2D E9 F0 41 82 78 32 48 04 27 D6 26 00 78 0C 46 3D 46,9.56099s,Vector SLP3,76 25,,,
9.58817s,Vector SLP3,36 26 09 2A 4B D0 08 DC 04 2A 08 BF 02 27 0F D0 05 2A 34 D0 08 2A 3B D0 06 E0 36 49 0A 2A 11 D0 0B 2A 1B D0 A0 2A 06 D0 25 70 03 20 66 70 A0 70 38 46 BD E8 F0 81 FB F7 17 F9 FB F7 04 FE FE F7 5D F8 F5 E7 10 F0 04 0F 14 D0 C8 68 40 F4 80 70 C8 60 25 70 01 20 66 70 A0 70 E9 E7 10 F0 04 0F 08 D0 C8 68 20 F4 80 70 C8 60 25 70 01 20 66 70 A0 70 DD E7 25 70 02 20 66 70 A0 70 D8 E7 FB F7 E2 FD,9.59285s,Vector SLP3,76 26,,,
9.61918s,Vector SLP3,36 27 1D 48 02 27 01 68 21 F0 01 01 01 60 CF E7 01 F0 53 FD 25 70 01 20 66 70 A0 70 C8 E7 10 F0 04 0F 06 D0 01 F0 4F FD 25 70 01 20 66 70 A0 70 BE E7 25 70 02 20 66 70 88 70 B9 E7 00 00 FF EF 01 11 A1 03 00 18 00 80 02 48 A0 03 00 18 D8 54 01 11 DC 54 01 11 D0 54 01 11 D4 54 01 11 FF FF FF FF FC EC 01 11 2E 04 00 18 F0 00 00 11 E8 EC 01 11 FC EF 01 11 00 80 01 48 74 03 00 18 10 B5 80 78,9.62371s,Vector SLP3,76 27,,,
9.66295s,Vector SLP3,36 28 04 28 18 BF 10 BD FB F7 AE F8 FB F7 9B FD FE E7 70 47 3F 48 01 78 41 F0 20 01 01 70 70 47 70 B5 3B 4D 3C 4C 28 78 61 78 C0 F3 80 00 C1 F3 40 01 88 42 17 D0 60 78 10 F0 02 0F 0E D0 F7 F7 39 FE 20 B1 60 78 20 F0 02 00 60 70 0B E0 28 78 40 F0 40 00 28 70 F8 F7 22 FA 04 E0 F8 F7 44 FA 00 20 FB F7 57 F9 20 78 10 F0 01 0F 0C D1 28 78 22 78 00 F0 01 01 C2 F3 40 02 91 42 04 D0 20 F0 01 00,9.66751s,Vector SLP3,76 28,,,
9.69457s,Vector SLP3,36 29 40 F0 20 00 28 70 60 78 41 08 28 78 61 F3 82 00 28 70 70 BD 1E 48 00 78 10 F0 20 0F 08 BF 70 47 10 B5 FB F7 60 F8 FB F7 4D FD BD E8 10 40 FD F7 A4 BF F8 B5 0C 46 04 21 21 70 C0 21 61 70 80 78 8D F8 00 00 14 4F 01 26 6D 46 F7 F7 F2 FD 18 B1 12 48 00 78 07 28 0F D1 4F F0 50 20 90 F8 E0 00 10 F0 02 0F 08 D0 38 46 32 46 29 46 FE F7 F7 F9 00 28 08 BF 01 20 00 D0 02 20 A0 70 F8 BD 04 20,9.69900s,Vector SLP3,76 29,,,
9.72571s,Vector SLP3,36 2A 08 70 C1 20 48 70 04 48 00 78 88 70 70 47 00 00 A1 03 00 18 90 03 00 18 80 ED 01 11 2E 04 00 18 2D E9 F0 47 F8 4E 30 78 53 28 1C BF 21 20 F8 F7 6A FB 00 27 77 70 F7 70 77 71 F7 81 37 82 02 20 B0 71 F0 71 F1 48 0A 22 F2 49 07 70 F0 48 07 72 F1 48 00 F0 52 FF F1 4D DF F8 C4 83 DF F8 C4 93 00 24 00 BF 55 F8 24 00 30 B1 18 F8 04 10 0A 09 59 F8 24 10 00 F0 41 FF 64 1C 02 2C F2 D3 02 24,9.73023s,Vector SLP3,76 2A,,,
9.75721s,Vector SLP3,36 2B 55 F8 24 00 30 B1 18 F8 04 10 0A 09 59 F8 24 10 00 F0 33 FF 64 1C 0A 2C F2 D3 02 21 E2 48 00 F0 FC FE 01 21 E1 48 00 F0 F8 FE 77 72 77 82 77 73 37 73 F7 72 00 F0 46 FE FD 20 30 72 BD E8 F0 47 00 F0 98 BE D0 49 10 B5 53 20 08 70 FF F7 A8 FF 00 20 10 BD 2D E9 F0 41 04 46 00 F0 93 FE CA 4D 28 78 53 28 1C BF 21 20 F8 F7 0D FB 01 2C 1E BF 02 2C 03 20 F8 F7 07 FB 01 26 68 78 00 28 42 D1,9.76171s,Vector SLP3,76 2B,,,
9.78838s,Vector SLP3,36 2C 01 2C 09 D0 80 20 28 72 00 F0 78 FE 68 78 00 28 18 BF 01 28 0E D0 32 E0 4F F0 97 00 28 71 4F F0 01 00 A8 70 68 70 4F F0 F0 00 00 F0 2C FE FD 20 28 72 27 E0 02 20 B9 4E DF F8 E4 82 B9 4F 68 70 00 24 00 BF 56 F8 24 00 30 B1 18 F8 04 10 0A 09 57 F8 24 10 00 F0 D1 FE 64 1C 02 2C F2 D3 02 24 56 F8 24 00 30 B1 18 F8 04 10 0A 09 57 F8 24 10 00 F0 C3 FE 64 1C 0A 2C F2 D3 F8 F7 BA FA 40 F2,9.79294s,Vector SLP3,76 2C,,,
9.98045s,Vector SLP3,36 2D 91 10 E8 81 00 26 00 F0 54 FE 30 46 BD E8 F0 81 10 B5 00 F0 37 FE 9C 4C 20 78 53 28 1C BF 21 20 F8 F7 B1 FA 60 79 B8 B1 40 1E 10 F0 FF 00 60 71 12 D1 60 78 01 28 02 D0 02 28 07 D0 0C E0 00 20 60 70 FF 21 0A 20 F8 F7 1D FB 05 E0 FF 21 04 20 F8 F7 18 FB 00 F0 FE FB E0 89 50 B1 40 1E 00 04 00 0C E0 81 05 D1 FF 21 03 20 F8 F7 0B FB 00 F0 F1 FB BD E8 10 40 00 F0 1C BE 83 49 C8 71 70 47,9.98506s,Vector SLP3,76 2D,,,
10.01150s,Vector SLP3,36 2E 70 B5 0D 46 04 46 09 78 01 20 0B 29 38 BF 70 BD 00 F0 F8 FD 0B 20 28 70 0C 20 20 70 84 48 00 21 7D 4B 05 22 90 F8 01 C0 4D 1C ED B2 13 F8 0C C0 04 F8 05 C0 8D 1C 10 F8 02 CF ED B2 89 1C 13 F8 0C C0 52 1E 04 F8 05 C0 12 F0 FF 02 EA D1 00 F0 F0 FD 00 20 70 BD 70 B5 04 46 01 20 0B 29 18 BF 70 BD 20 78 0C 28 1C BF 02 20 70 BD 00 F0 CA FD 6F 48 00 21 68 4B 05 22 01 F1 01 0C 0C F0 FF 0C,10.01592s,Vector SLP3,76 2E,,,
10.04312s,Vector SLP3,36 2F 45 78 14 F8 0C C0 03 F8 05 C0 01 F1 02 0C 0C F0 FF 0C 10 F8 02 5F 89 1C 14 F8 0C C0 52 1E 03 F8 05 C0 12 F0 FF 02 E7 D1 00 F0 C3 FD 00 20 70 BD 2D E9 F0 47 DF F8 58 91 01 46 48 46 00 27 06 7A 56 48 02 25 50 4C 01 29 07 D0 5A 4A 56 49 5A 4B 0A 2E 6E D2 02 2E 77 D1 6D E0 DF F8 50 81 DF F8 5C A1 0A 2E 11 D2 50 F8 26 00 28 B1 4C 49 89 5D 0A 09 49 46 00 F0 E7 FD 98 F8 00 00 1A F8 06 10,10.04777s,Vector SLP3,76 2F,,,
10.07471s,Vector SLP3,36 30 08 43 88 F8 00 00 BD E8 F0 87 0C 2E 28 BF BD E8 F0 87 99 F8 00 00 B8 B1 98 F8 00 00 9A F8 02 10 08 43 88 F8 00 00 48 46 00 F0 82 FB 01 28 11 D0 02 28 08 BF BD E8 F0 87 48 46 00 F0 98 FE 06 00 28 D0 A0 79 98 B1 16 E0 00 F0 44 FB E5 71 A5 71 BD E8 F0 87 A0 79 03 28 08 BF 01 F0 4C F8 A5 71 E0 79 18 BB 0A 21 0B 20 F8 F7 4C FA 1E E0 0A 21 0B 20 F8 F7 47 FA 03 20 01 2E 08 BF A0 71 15 D0,10.07925s,Vector SLP3,76 30,,,
10.10592s,Vector SLP3,36 31 02 2E 02 BF A5 71 E0 71 BD E8 F0 87 03 2E 08 BF A5 71 0B D0 2A 48 01 68 21 B1 08 22 49 46 00 68 00 F0 91 FD A7 71 E7 71 BD E8 F0 87 E5 71 BD E8 F0 87 14 E0 08 E0 D0 F8 08 C0 80 68 9C F8 07 C0 0C F0 DF 0C 80 F8 07 C0 90 19 33 44 10 F8 02 0C 13 F8 02 3C 0A 5C 1A 43 0A 54 BD E8 F0 87 10 7A 1B 7A 12 7A 08 5C 18 43 88 54 E0 79 02 28 29 D0 03 28 18 BF BD E8 F0 87 00 F0 CA FF 03 28 18 BF,10.11048s,Vector SLP3,76 31,,,
10.13750s,Vector SLP3,36 32 BD E8 F0 87 D2 E7 00 00 A8 03 00 18 C0 03 00 18 10 09 00 18 F2 53 01 11 59 09 00 18 08 54 01 11 FC 53 01 11 7C 54 01 11 25 04 00 18 21 04 00 18 AB 54 01 11 33 54 01 11 3C 54 01 11 30 54 01 11 A4 54 01 11 FE 48 07 70 27 82 BD E8 F0 87 2D E9 F0 47 06 46 10 F0 F0 0F 5E D0 FA 48 15 2E 07 7A 06 D0 F9 48 81 68 80 68 C9 79 41 F0 20 01 C1 71 DF F8 CC 93 00 25 A9 F1 18 04 4F F0 02 08 E0 79,10.14196s,Vector SLP3,76 32,,,
10.16850s,Vector SLP3,36 33 0A 2F 02 D0 0B 2F 1C D0 10 E0 02 28 04 BF 89 F8 00 50 25 82 01 D0 03 28 02 D0 A0 79 03 28 03 D1 84 F8 06 80 00 F0 A7 FF 84 F8 07 80 A6 F1 11 00 06 28 28 BF BD E8 F0 87 DF E8 00 F0 10 10 16 1C 28 22 03 28 04 BF 84 F8 06 80 00 F0 94 FF E0 79 02 28 04 BF 89 F8 00 50 25 82 E7 E7 39 46 BD E8 F0 47 08 20 F8 F7 8E B9 39 46 BD E8 F0 47 09 20 F8 F7 88 B9 39 46 BD E8 F0 47 07 20 F8 F7 82 B9,10.17320s,Vector SLP3,76 33,,,
10.19935s,Vector SLP3,36 34 39 46 BD E8 F0 47 06 20 F8 F7 7C B9 39 46 BD E8 F0 47 02 20 F8 F7 76 B9 05 2E 1C BF 07 2E BD E8 F0 87 4F F0 FF 01 BD E8 F0 47 4F F0 01 00 F8 F7 69 B9 70 B5 00 F0 66 FC C4 4C 00 25 20 7B 0F 28 04 BF E5 72 25 73 23 D0 11 28 02 D0 23 28 04 D0 09 E0 60 7B E0 72 10 20 04 E0 E0 7A 61 7B 08 44 E0 72 20 20 20 73 E0 7A 90 B1 40 1E 10 F0 FF 00 E0 72 0D D1 20 7B 10 28 02 D0 20 28 11 D0 02 E0,10.20406s,Vector SLP3,76 34,,,
10.23027s,Vector SLP3,36 35 05 20 FF F7 64 FF 25 73 80 20 20 72 00 F0 36 FC A0 78 01 28 0E D0 0F 28 04 BF E5 70 A5 70 2E D0 0C E0 60 7A 10 F0 80 0F 14 BF 15 20 16 20 FF F7 4E FF E8 E7 20 79 E0 70 11 20 A0 70 E0 78 F0 B1 40 1E 10 F0 FF 00 E0 70 19 D1 A1 78 97 20 FD 26 11 29 18 BF 12 29 02 D0 13 29 0B D0 0F E0 49 1C A1 70 E0 70 26 72 00 F0 05 FC F0 20 00 F0 CB FB 26 72 04 E0 A5 70 60 71 26 72 00 F0 FB FB 90 49,10.23492s,Vector SLP3,76 35,,,
10.26217s,Vector SLP3,36 36 08 78 00 28 1C BF 20 8A 00 28 06 D0 A0 F1 01 00 00 04 00 0C 20 82 08 BF 0D 70 BD E8 70 40 00 F0 08 BC 10 B5 89 4C 40 F2 91 10 E0 81 20 7A FD 28 07 D3 80 20 20 72 00 F0 E1 FB BD E8 10 40 00 F0 46 BB 09 28 0E D0 07 DC 01 28 14 BF 02 28 12 20 0E D0 08 28 06 D0 0D E0 40 28 14 BF 60 28 05 20 08 D1 05 E0 60 7A 10 F0 80 0F 14 BF 15 20 16 20 FF F7 ED FE 90 20 20 72 04 20 60 73 11 20 20 73,10.26678s,Vector SLP3,76 36,,,
10.29309s,Vector SLP3,36 37 10 BD 2D E9 F0 47 71 4E 05 46 40 F2 91 10 F0 81 31 7A 80 27 4F F0 0F 08 80 29 08 BF BD E8 F0 87 0E DC 6A 48 01 29 40 7A 00 F0 E8 80 02 29 00 F0 17 81 08 29 00 F0 26 81 09 29 00 F0 3B 81 05 E0 90 29 0F D0 B0 29 1C D0 FD 29 04 D0 BD E8 F0 47 0B 20 F8 F7 18 B8 37 72 00 F0 90 FB BD E8 F0 47 00 F0 F5 BA 55 2D 08 BF B0 20 00 F0 EC 80 03 20 FF F7 AD FE 37 72 00 F0 81 FB 86 F8 0C 80 BD E8,10.29764s,Vector SLP3,76 37,,,
10.32389s,Vector SLP3,36 38 F0 87 53 48 B5 72 DF F8 3C 91 04 68 3C 2D 08 BF 0A 20 14 D0 7D 2D 08 BF 0B 20 10 D0 FF 20 40 2D 1B D0 0A 21 4B 4B 01 22 49 1E 13 F8 01 C0 AC 45 10 D1 C8 B2 89 F8 08 00 FF 28 02 D1 41 E0 89 F8 08 00 45 49 0A 28 0C 5C 13 D2 C4 F3 81 01 02 29 37 D1 05 E0 52 1C 0A 2A E6 DD 89 F8 08 00 30 E0 39 49 51 F8 20 10 29 B3 22 09 36 48 00 F0 AB FB 27 E0 0C 28 25 D2 C4 F3 81 00 02 28 21 D1 F0 79,10.32850s,Vector SLP3,76 38,,,
10.35464s,Vector SLP3,36 39 20 B1 02 28 0E D0 03 28 15 D0 18 E0 F7 F7 B8 FF 01 28 14 D1 31 48 01 68 61 B1 08 22 29 48 00 F0 92 FB 0E E0 26 48 00 78 48 B1 08 22 24 49 25 48 00 F0 89 FB 05 E0 00 F0 52 FC 01 28 2A D0 44 F0 0C 04 E1 B2 08 09 C6 F8 14 90 70 72 11 F0 01 0F 4F F0 00 04 1A BF B2 7A 72 82 74 82 20 4A C1 F3 81 01 12 5C 72 73 23 22 32 73 02 29 16 D0 01 29 38 D0 37 72 00 F0 02 FB 86 F8 0C 80 70 78 02 28,10.35899s,Vector SLP3,76 39,,,
10.38560s,Vector SLP3,36 3A 18 BF BD E8 F0 87 86 F8 02 80 74 71 03 20 70 70 BD E8 F0 87 0B 48 00 F0 41 FD D2 E7 00 28 04 BF 0B 20 F7 F7 70 FF 70 69 00 78 00 F0 AC FA 70 69 71 8A 00 78 08 44 70 82 01 20 30 72 DE E7 00 00 C0 03 00 18 10 09 00 18 08 54 01 11 A8 03 00 18 E8 53 01 11 59 09 00 18 FC 53 01 11 A8 54 01 11 E9 53 01 11 00 28 04 BF 0B 20 F7 F7 4C FF 08 20 30 72 70 7A 40 F0 80 00 70 72 BF E7 71 69 0A 78,10.39022s,Vector SLP3,76 3A,,,
10.41743s,Vector SLP3,36 3B AA 42 23 D1 40 1E 10 F0 FF 00 70 72 0B D0 48 1C 70 61 48 78 00 F0 77 FA 70 69 71 8A 00 78 08 44 70 82 BD E8 F0 87 70 8A C1 B2 01 EB 10 20 70 82 10 F4 7F 4F 1C BF 40 1C 70 82 B0 7C C0 43 C0 B2 00 F0 61 FA 02 20 30 72 BD E8 F0 87 11 20 FF F7 BE FD 37 72 00 F0 92 FA 86 F8 0C 80 BD E8 F0 87 37 72 00 F0 8B FA 86 F8 0C 80 B0 7C C0 43 C0 B2 A8 42 03 D1 BD E8 F0 47 02 20 D9 E4 BD E8 F0 47,10.42208s,Vector SLP3,76 3B,,,
10.45842s,Vector SLP3,36 3C 11 20 A4 E5 10 F0 7F 00 70 72 04 BF 0B 20 F7 F7 FA FE 70 8A 28 44 70 82 70 69 00 F8 01 5B 70 61 70 7A 40 1E 10 F0 FF 00 70 72 04 BF 09 20 30 72 BD E8 F0 87 37 72 00 F0 61 FA 86 F8 0C 80 70 8A C1 B2 01 EB 10 20 70 82 10 F4 7F 4F 1C BF 40 1C 70 82 B0 7C C0 43 C0 B2 A8 42 03 D1 BD E8 F0 47 01 20 A5 E4 BD E8 F0 47 14 20 70 E5 70 B5 EE 4C 40 F2 91 11 80 25 E1 81 21 7A 0F 26 80 29 08 BF,10.46290s,Vector SLP3,76 3C,,,
10.49023s,Vector SLP3,36 3D 70 BD 09 DC 01 29 18 BF 02 29 18 D0 08 29 14 BF 09 29 13 20 17 D0 06 E0 90 29 14 BF B0 29 07 20 11 D0 FD 29 04 D0 BD E8 70 40 0B 20 F7 F7 AB BE 25 72 00 F0 23 FA BD E8 70 40 00 F0 88 B9 02 28 0C BF 12 20 11 20 FF F7 42 FD 25 72 00 F0 16 FA 26 73 70 BD 2D E9 F0 41 D3 4E 00 20 70 70 F0 81 F7 F7 80 FE D1 4D D2 4F DF F8 48 83 00 24 00 BF 55 F8 24 00 28 B1 39 5D 0A 09 58 F8 24 10 00 F0,10.49476s,Vector SLP3,76 3D,,,
10.52180s,Vector SLP3,36 3E 7C FA 64 1C 02 2C F3 D3 5F F0 02 04 55 F8 24 00 28 B1 39 5D 0A 09 58 F8 24 10 00 F0 6E FA 64 1C 0A 2C F3 D3 FD 20 30 72 BD E8 F0 41 00 F0 E2 B9 2D E9 F0 5F C0 4C 02 78 21 78 80 2A 80 F0 39 81 43 78 00 2B 00 F0 35 81 06 2B 00 F2 32 81 09 B1 7E 2A 24 D0 00 21 01 27 21 70 67 70 82 78 40 32 A2 70 FF 22 E2 70 22 71 62 71 A2 71 E2 71 83 78 A3 F1 B0 02 07 2A 88 BF 00 27 00 F2 25 81 B6 2B,10.52625s,Vector SLP3,76 3E,,,
10.55287s,Vector SLP3,36 3F 0C BF 01 23 06 23 90 F8 01 C0 9C 45 40 F0 1C 81 03 78 0C 2B 18 BF 7F 2B 40 F0 16 81 03 E0 4F F0 02 07 00 F0 0D B9 4F F0 06 09 4F F0 0C 05 4F F0 7F 06 47 F6 FF 7C 47 F2 10 0A 4F F6 FF 7B 4F F0 03 08 4F F0 40 03 08 2A 80 F0 F8 80 DF E8 02 F0 04 1C 26 F6 72 F6 86 8F B0 F8 03 10 B0 F8 05 00 40 29 18 BF 61 45 40 F0 EF 80 50 45 18 BF 58 45 40 F0 EA 80 4F F0 11 01 4F F0 B0 00 21 71 E0 70,10.55748s,Vector SLP3,76 3F,,,
10.58358s,Vector SLP3,36 40 A6 70 84 F8 01 80 67 E0 4F F0 11 01 4F F0 B1 00 21 71 E0 70 A6 70 84 F8 01 80 5D E0 B0 F8 04 E0 C2 88 BE F1 40 0F 18 BF E6 45 3B D1 52 45 18 BF 5A 45 37 D1 C0 78 78 B1 01 28 17 D0 A0 F1 20 01 20 29 2F D2 E1 1C F7 F7 6A FE 81 46 06 28 17 D9 60 20 F7 F7 D8 FD 1D E0 E1 71 70 20 A0 71 10 20 60 71 21 71 E3 70 84 F8 01 90 35 E0 E0 1C F7 F7 4C FE 00 28 08 BF 05 20 10 D0 21 78 81 B1 9F E0,10.58797s,Vector SLP3,76 40,,,
10.61473s,Vector SLP3,36 41 B9 F1 00 0F 08 BF 01 20 F7 D0 B9 F1 06 0F 08 BF 00 20 F2 D0 09 F1 01 00 00 F0 0F 00 60 70 1B E0 00 28 7B D0 B2 20 12 21 21 71 E0 70 A6 70 84 F8 01 80 11 E0 E1 1C C0 1C F7 F7 25 FE 00 28 08 BF 84 F8 01 90 08 D0 B4 20 11 21 21 71 E0 70 A6 70 84 F8 01 80 25 70 73 E0 25 70 71 E0 B6 20 11 21 21 71 E0 70 A6 70 84 F8 01 80 25 70 68 E0 90 F8 07 90 52 49 52 4A B9 F1 FF 0F 11 D0 90 F8 03 C0,10.61921s,Vector SLP3,76 41,,,
10.64539s,Vector SLP3,36 42 0C F1 03 0C 0C F0 FF 0C BC F1 0A 0F 48 D2 11 F8 0C C0 B9 F1 00 0F 0C BF 02 F8 0C 30 02 F8 0C 90 90 F8 06 90 B9 F1 FF 0F 11 D0 90 F8 03 C0 0C F1 02 0C 0C F0 FF 0C BC F1 0A 0F 31 D2 11 F8 0C C0 B9 F1 00 0F 0C BF 02 F8 0C 30 02 F8 0C 90 90 F8 05 90 B9 F1 FF 0F 11 D0 90 F8 03 C0 0C F1 01 0C 0C F0 FF 0C BC F1 0A 0F 1A D2 11 F8 0C C0 B9 F1 00 0F 0C BF 02 F8 0C 30 02 F8 0C 90 90 F8 04 C0,10.65007s,Vector SLP3,76 42,,,
10.67635s,Vector SLP3,36 43 BC F1 FF 0F A8 D0 C0 78 0A 28 09 D2 08 5C BC F1 00 0F 0C BF 13 54 02 F8 00 C0 9D E7 14 E0 0D E0 B7 20 11 21 21 71 E0 70 A6 70 84 F8 01 80 25 70 06 E0 11 B1 7E 2A 3F F4 F2 AE 00 27 20 78 18 B1 19 49 40 F2 E9 30 08 82 38 46 BD E8 F0 9F 16 49 48 78 00 28 1C BF 01 28 70 47 2D E9 F0 41 02 20 12 4D 13 4F 13 4E 48 70 00 24 00 BF 55 F8 24 00 28 B1 39 5D 0A 09 56 F8 24 10 00 F0 FE F8 64 1C,10.68092s,Vector SLP3,76 43,,,
10.70714s,Vector SLP3,36 44 02 2C F3 D3 5F F0 02 04 55 F8 24 00 28 B1 39 5D 0A 09 56 F8 24 10 00 F0 F0 F8 64 1C 0A 2C F3 D3 BD E8 F0 41 F7 F7 E5 BC A8 03 00 18 08 54 01 11 FC 53 01 11 7C 54 01 11 C0 03 00 18 AC 54 01 11 59 09 00 18 4F F0 50 20 00 21 00 F8 88 1F 47 22 02 71 10 22 02 72 01 22 02 70 02 73 42 4A 51 70 11 70 42 49 50 22 0A 70 03 22 0A 72 10 F8 58 1C 01 F0 7F 01 00 F8 58 1C 10 F8 58 1C 41 F0 40 01,10.71179s,Vector SLP3,76 44,,,
10.73812s,Vector SLP3,36 45 00 F8 58 1C 70 47 39 49 08 71 70 47 37 48 10 B5 01 78 82 B0 8D F8 04 10 01 79 8D F8 00 10 50 21 01 70 03 21 01 72 9D F8 04 00 10 F0 01 0F 04 BF 02 B0 10 BD 9D F8 04 00 2B 4C 10 F0 04 0F 9D F8 00 00 04 D0 FF F7 5D FC 60 78 40 1C 0F E0 10 B9 60 78 03 28 02 D9 02 20 FF F7 C8 FD 9D F8 00 00 00 28 1C BF 02 B0 10 BD FF F7 1B FC 01 20 60 70 02 B0 10 BD 1C 49 00 20 48 70 70 47 1A 49 00 20,10.74265s,Vector SLP3,76 45,,,
10.76890s,Vector SLP3,36 46 48 70 70 47 10 B5 18 4C 20 78 00 28 1E BF 40 1C 20 70 10 BD FA F7 27 F9 4F F0 50 20 10 F8 30 1F 01 F0 BF 01 01 70 01 20 20 70 BD E8 10 40 FA F7 22 B9 10 B5 0C 4C 20 78 00 28 08 BF 10 BD 01 28 1E BF 40 1E 20 70 10 BD FA F7 0D F9 4F F0 50 20 10 F8 30 1F 41 F0 40 01 01 70 00 20 20 70 BD E8 10 40 FA F7 08 B9 00 00 C8 03 00 18 00 00 02 48 70 47 00 2A 08 BF 70 47 10 44 12 F0 01 0F 18 BF,10.77352s,Vector SLP3,76 46,,,
10.79989s,Vector SLP3,36 47 00 F8 01 1D 52 08 08 BF 70 47 00 BF 00 F8 01 1C 00 F8 02 1D 52 1E F9 D1 70 47 00 29 08 BF 70 47 08 44 11 F0 01 0F 4F F0 00 02 18 BF 00 F8 01 2D 49 08 08 BF 70 47 00 BF 00 F8 01 2C 00 F8 02 2D 49 1E F9 D1 70 47 00 2A 08 BF 70 47 11 44 10 44 12 F0 01 0F 03 D0 11 F8 01 3D 00 F8 01 3D 52 08 08 BF 70 47 11 F8 01 3C 00 F8 01 3C 11 F8 02 3D 00 F8 02 3D 52 1E F5 D1 70 47 00 2A 08 BF 70 47,10.80438s,Vector SLP3,76 47,,,
10.83168s,Vector SLP3,36 48 11 44 10 44 12 F0 01 0F 03 D0 11 F8 01 3D 00 F8 01 3D 52 08 08 BF 70 47 11 F8 01 3C 00 F8 01 3C 11 F8 02 3D 00 F8 02 3D 52 1E F5 D1 70 47 00 2A 08 BF 70 47 01 EB 42 01 00 EB 42 00 12 F0 01 0F 03 D0 31 F8 02 3D 20 F8 02 3D 52 08 08 BF 70 47 31 F8 02 3C 20 F8 02 3C 31 F8 04 3D 20 F8 04 3D 52 1E F5 D1 70 47 00 2A 08 BF 70 47 01 EB 82 01 00 EB 82 00 12 F0 01 0F 03 D0 51 F8 04 3D 40 F8,10.83623s,Vector SLP3,76 48,,,
10.86347s,Vector SLP3,36 49 04 3D 52 08 08 BF 70 47 51 F8 04 3C 40 F8 04 3C 51 F8 08 3D 40 F8 08 3D 52 1E F5 D1 70 47 B6 B6 F9 48 00 21 01 71 81 70 C1 70 C1 80 41 81 70 47 F5 48 00 21 01 71 81 70 C1 70 C1 80 41 81 53 21 41 70 70 47 10 B5 F0 4C 60 78 53 28 1C BF 02 20 F7 F7 9A FB FF F7 16 FF 60 89 98 B1 40 1E 00 04 00 0C 60 81 0E D1 A1 78 29 B1 A0 70 E0 70 01 20 00 F0 27 FA 06 E0 E1 78 21 B1 A0 70 E0 70 01 20,10.86809s,Vector SLP3,76 49,,,
10.89444s,Vector SLP3,36 4A 00 F0 07 FB BD E8 10 40 FF F7 13 BF DE 48 00 79 70 47 DD 49 08 71 70 47 70 B5 DB 4C 05 46 60 78 53 28 1C BF 02 20 F7 F7 6F FB B5 F5 80 5F 24 BF 10 20 F7 F7 69 FB FF F7 E5 FE A0 78 00 28 18 BF 01 24 03 D0 FF F7 F5 FE 20 46 70 BD 08 20 A0 70 64 20 60 81 25 81 0C 20 20 71 00 24 F2 E7 CA 48 80 78 08 28 16 BF 0D 28 01 20 00 20 70 47 2D E9 F0 41 C5 4D 04 46 03 78 AA 78 00 26 E8 78 80 2B,10.89895s,Vector SLP3,76 4A,,,
10.92604s,Vector SLP3,36 4B 80 F0 F7 80 0C 2B 18 BF 7F 2B 03 D0 7E 2B 74 D0 00 F0 DC B8 61 78 11 F0 F0 0C 09 D0 0A 27 BC F1 10 0F 34 D0 BC F1 20 0F 6D D0 00 28 67 D0 A0 E0 49 1E 05 29 26 D8 03 28 12 D0 2A B1 6E 81 AE 70 EE 70 01 20 00 F0 BD F9 60 78 00 F0 0F 01 20 78 00 F0 82 FA 28 70 01 28 18 BF 02 28 08 D0 C6 E0 6E 81 4F F0 01 00 00 F0 94 FA AE 70 EE 70 EB E7 06 22 A1 1C A5 48 FF F7 E6 FE 00 20 00 F0 89 FA,10.93042s,Vector SLP3,76 4B,,,
10.95723s,Vector SLP3,36 4C 02 24 C8 E0 00 28 74 D1 00 2A 74 D1 AF E0 A3 78 01 F0 0F 01 43 EA 01 28 B8 F1 06 0F 30 D9 6E 81 03 28 10 D0 2A B1 6E 81 AE 70 EE 70 01 20 00 F0 88 F9 20 78 41 46 00 F0 4F FA 28 70 01 28 18 BF 02 28 08 D0 93 E0 6E 81 4F F0 01 00 00 F0 61 FA AE 70 EE 70 ED E7 05 22 E1 1C 8C 48 FF F7 B3 FE A8 F1 05 00 28 81 05 20 E8 80 20 78 28 71 01 20 68 71 6F 81 03 20 E8 70 3B E0 4A E0 03 E0 46 E0,10.96166s,Vector SLP3,76 4C,,,
10.98883s,Vector SLP3,36 4D B8 BB C2 BB 73 E0 03 28 01 D0 A8 B3 31 E0 28 79 83 42 6C D1 01 F0 0F 00 69 79 88 42 2D D1 7A 48 2A 89 7A 4B C1 88 00 78 0B 44 06 2A 0E D8 01 28 03 D1 18 46 A1 1C FF F7 86 FE 2E 81 6E 81 AE 70 02 24 EE 70 00 20 00 F0 24 FA 64 E0 01 28 04 D1 18 46 06 22 A1 1C FF F7 76 FE E8 88 80 1D E8 80 68 79 40 1C 00 F0 0F 00 68 71 28 89 80 1F 28 81 6F 81 01 24 4F E0 14 E0 07 E0 6E 81 01 20 00 F0,10.99352s,Vector SLP3,76 4D,,,
11.01990s,Vector SLP3,36 4E 08 FA AE 70 EE 70 03 24 45 E0 52 B9 2F E0 42 B9 2D E0 61 78 D1 B1 06 29 18 D8 02 43 03 D0 00 28 E7 D1 02 24 37 E0 01 F0 0F 01 18 46 00 F0 D4 F9 28 70 01 28 18 BF 02 28 19 D1 4F F0 06 02 04 F1 02 01 52 48 FF F7 3F FE 00 20 0E E0 32 B1 6E 81 AE 70 EE 70 01 20 00 F0 F4 F8 08 E0 38 B1 AE 70 EE 70 6E 81 2E 81 EE 80 01 20 00 F0 D2 F9 03 24 11 E0 32 B1 6E 81 AE 70 EE 70 01 20 00 F0 E1 F8,11.02438s,Vector SLP3,76 4E,,,
11.05060s,Vector SLP3,36 4F 08 E0 38 B1 AE 70 EE 70 6E 81 2E 81 EE 80 01 20 00 F0 BF F9 00 24 20 46 BD E8 F0 81 2D E9 F0 41 39 4D 04 46 2A 46 A9 78 10 79 14 27 00 26 12 89 08 29 06 D0 0D 29 34 D0 BD E8 F0 41 20 20 F7 F7 23 BA 6E 81 20 70 30 48 06 2A 00 7A 12 D8 60 70 2E 49 A0 1C FF F7 F7 FD 28 89 C0 F1 06 01 80 1C 8A B2 C0 B2 20 44 FF 21 FF F7 C3 FD 09 20 A8 70 2E 81 13 E0 C2 F3 03 21 41 F0 10 01 61 70 A0 70,11.05524s,Vector SLP3,76 4F,,,
11.08147s,Vector SLP3,36 50 05 22 22 49 E0 1C FF F7 DE FD 28 89 40 1F 28 81 01 20 68 71 05 20 E8 80 0A 20 A8 70 6F 81 BD E8 F0 81 6E 81 20 70 68 79 18 49 40 F0 20 00 60 70 15 48 4F F0 0E 08 06 2A C0 88 01 44 11 D8 A0 1C FF F7 C1 FD 28 89 C0 F1 06 01 80 1C CA B2 C0 B2 20 44 FF 21 FF F7 8D FD EE 80 2E 81 85 F8 02 80 DC E7 06 22 A0 1C FF F7 AE FD E8 88 80 1D E8 80 28 89 80 1F 28 81 85 F8 02 80 68 79 40 1C 00 F0,11.08610s,Vector SLP3,76 50,,,
11.11246s,Vector SLP3,36 51 0F 00 68 71 CA E7 00 00 CA 03 00 18 19 09 00 18 25 48 10 B5 82 78 00 21 09 2A 07 D0 14 23 4F F0 0D 0C 0A 2A 11 D0 0E 2A 0D D0 21 E0 81 70 41 81 00 20 00 F0 46 F8 04 00 1A D0 01 2C 1C BF 40 20 F7 F7 A2 F9 15 E0 02 89 22 B1 80 F8 02 C0 43 81 01 24 0E E0 81 70 41 81 00 20 00 F0 32 F8 04 00 06 D0 01 2C 05 D0 10 20 F7 F7 8E F9 03 24 00 E0 03 24 20 46 10 BD 0C 48 00 21 82 78 09 2A 1C BF,11.11696s,Vector SLP3,76 51,,,
11.14325s,Vector SLP3,36 52 0A 2A 0E 2A 0A D0 C2 78 03 2A 18 BF 70 47 81 70 C1 70 01 81 C1 80 01 20 00 F0 FB B8 41 81 81 70 C1 70 01 20 00 F0 0D B8 CA 03 00 18 85 48 01 78 21 F0 03 01 41 F0 08 01 01 70 82 49 00 20 48 70 70 47 80 48 01 78 21 F0 02 01 01 70 7D 49 00 20 48 70 70 47 7C 49 7B 4B 0A 78 4A 70 7F 22 0A 70 88 70 03 20 19 46 58 80 0A 78 12 F0 04 0F 01 D0 FF F7 D2 BD 22 F0 02 00 08 70 00 20 58 70 70 47,11.14782s,Vector SLP3,76 52,,,
11.17419s,Vector SLP3,36 53 70 48 02 46 01 78 21 F0 04 01 01 70 11 F0 04 0F 02 D0 50 88 FF F7 C0 BD 21 F0 02 01 01 70 00 20 50 70 70 47 67 49 30 B4 0A 46 0B 78 50 88 13 F0 08 0F 4F F0 00 0C 0C D0 63 4C 25 78 40 35 40 1C 25 70 80 B2 50 80 13 F0 04 0F 08 D0 30 BC FF F7 A3 BD 23 F0 04 03 0B 70 13 F0 04 0F F6 D1 23 F0 02 00 08 70 82 F8 01 C0 30 BC 70 47 56 48 41 78 11 F0 80 0F 08 BF 70 47 52 4A 01 F0 7F 01 13 78,11.17869s,Vector SLP3,76 53,,,
11.20594s,Vector SLP3,36 54 23 F0 08 03 13 70 41 70 70 47 70 B5 4D 4C 20 78 10 F0 01 0F 08 BF 70 BD 20 F0 01 00 4A 4D 20 70 29 78 22 29 05 D0 3E 29 07 D0 BD E8 70 40 11 20 90 E7 BD E8 70 40 F7 F7 E8 B8 69 78 11 F0 80 0F 05 D0 20 F0 08 00 20 70 01 F0 7F 00 68 70 3D 4E 70 88 38 B1 69 78 19 B1 BD E8 70 40 12 20 79 E7 01 28 03 D0 BD E8 70 40 13 20 73 E7 F7 F7 CA F8 01 20 70 80 21 78 4F F0 00 02 11 F0 08 0F 0B D0,11.21054s,Vector SLP3,76 54,,,
11.23799s,Vector SLP3,36 55 28 78 40 30 28 70 02 20 70 80 11 F0 04 0F 09 D0 BD E8 70 40 FF F7 40 BD 21 F0 04 01 21 70 11 F0 04 0F F5 D1 21 F0 02 00 20 70 72 70 70 BD 10 B5 03 20 FE F7 22 FE 23 48 01 78 41 F0 04 01 01 70 10 BD 20 48 00 78 10 F0 08 0F 0C BF 01 20 00 20 70 47 1C 48 40 78 70 47 1A 4A 10 B4 13 78 4F F0 00 0C 13 F0 02 0F 11 D1 14 46 7E 28 61 80 14 BF 43 F0 04 03 23 F0 04 03 13 70 60 70 40 29 05 D8,11.24239s,Vector SLP3,76 55,,,
11.26880s,Vector SLP3,36 56 D8 B2 40 F0 02 00 10 70 4F F0 01 0C 10 BC 60 46 70 47 0D 49 00 22 09 78 11 F0 40 0F 09 49 08 BF 00 28 0A D1 07 48 42 88 A2 F1 01 02 42 80 08 78 4F F0 01 02 40 F0 09 00 08 70 08 78 62 F3 41 00 08 70 70 47 D6 03 00 18 19 09 00 18 10 B5 FF F7 D9 FB 17 48 01 78 40 78 00 F0 03 00 41 EA 00 24 FF F7 E7 FB 20 46 10 BD 10 B5 FF F7 CB FB 11 48 04 88 FF F7 DE FB 20 46 10 BD 10 B5 FF F7 C2 FB,11.27325s,Vector SLP3,76 56,,,
11.29939s,Vector SLP3,36 57 0C 48 44 88 FF F7 D5 FB 20 46 10 BD 10 B5 FF F7 B9 FB 08 48 84 88 FF F7 CC FB 20 46 10 BD 10 B5 FF F7 B0 FB 03 48 C4 88 FF F7 C3 FB 20 46 10 BD E2 03 00 18 FB 03 00 18 70 47 B6 B6 16 48 0F 21 01 71 01 21 00 F8 18 1B 3E 21 00 F8 04 1B 0E 21 00 F8 24 1B 00 21 00 F8 2F 19 80 F8 23 10 C1 77 18 22 00 F8 05 2C 00 F8 09 1C 0C 22 C2 73 C1 74 80 F8 33 10 80 F8 2B 10 13 22 80 F8 27 20 C1 70,11.30373s,Vector SLP3,76 57,,,
11.33054s,Vector SLP3,36 58 F7 21 C1 75 48 21 C1 76 04 48 10 F8 34 1F 41 F0 01 01 01 70 70 47 00 00 00 80 02 48 00 40 00 50 4F F0 50 20 10 F8 60 1F 21 F0 01 01 01 70 4F F0 40 20 40 F2 01 31 41 60 01 68 41 F0 01 01 01 60 FF 21 C0 F8 80 10 00 21 C1 67 81 61 C1 61 70 22 82 61 02 6D 42 F4 80 72 02 65 41 62 33 48 3F 22 02 62 41 62 81 62 01 68 41 F4 00 31 01 60 40 F2 01 41 81 61 70 47 02 46 00 20 03 2A 14 D2 4F F0,11.33496s,Vector SLP3,76 58,,,
11.36106s,Vector SLP3,36 59 40 23 00 2A 04 BF 1A 6E C2 F3 89 02 44 D0 01 2A 08 BF DA 6D 03 D0 02 2A 08 BF 9A 6D 02 D1 C2 F3 89 02 39 E0 01 20 70 47 12 1F 0A 2A FA D2 DF E8 02 F0 05 0B 11 17 1D 23 29 2F 35 38 1B 4A 12 6D C2 F3 87 02 0A 80 70 47 18 4A 52 6D C2 F3 87 02 0A 80 70 47 15 4A 92 6D C2 F3 87 02 0A 80 70 47 12 4A D2 6D C2 F3 87 02 0A 80 70 47 0F 4A 12 6E C2 F3 87 02 0A 80 70 47 0C 4A 52 6E C2 F3 87 02,11.36545s,Vector SLP3,76 59,,,
11.39212s,Vector SLP3,36 5A 0A 80 70 47 09 4A 92 6E C2 F3 87 02 0A 80 70 47 06 4A D2 6E C2 F3 87 02 0A 80 70 47 03 4A 12 6F 01 E0 02 4A 52 6F C2 F3 87 02 F5 E7 00 C0 01 48 31 48 01 7A 41 F0 01 01 01 72 4F F0 40 20 81 6A 21 F0 FF 01 81 62 81 6A 21 F4 7F 01 81 62 81 6A 21 F0 7F 41 81 62 C1 6A 21 F0 FF 01 1A 31 C1 62 C1 6A 21 F4 7F 41 01 F5 D0 51 C1 62 C1 6A 21 F4 7F 01 01 F5 D0 11 C1 62 C1 6A 21 F0 7F 41 C1 62,11.39668s,Vector SLP3,76 5A,,,
11.42279s,Vector SLP3,36 5B 70 47 1E 49 1C 4B 00 20 1A 7A 12 F0 80 0F 06 D0 09 88 B1 F5 96 7F 38 BF 70 47 01 20 70 47 0A 88 B2 F5 96 7F 3C BF 52 1C 0A 80 ED D3 F5 E7 10 B5 FF F7 61 FF 10 49 09 7A 11 F0 80 0F 0C D0 10 49 8A 69 12 F0 08 0F 01 BF 8A 69 12 F0 04 0F 89 69 11 F0 02 0F 08 BF 10 BD 0A 48 41 69 41 F4 00 51 41 61 41 69 41 F4 80 51 41 61 41 69 41 F4 80 41 41 61 01 20 10 BD 00 00 00 40 00 50 2A 04 00 18,11.42716s,Vector SLP3,76 5B,,,
11.45388s,Vector SLP3,36 5C 00 80 01 48 00 60 00 50 DC 48 80 6D 10 F4 7C 40 18 BF 01 20 70 47 D9 48 41 6D 41 F4 7C 41 41 65 70 47 D7 48 01 68 41 F0 02 31 01 60 41 68 40 F2 02 22 11 43 41 60 70 47 D1 48 41 6A 41 F4 00 41 41 62 70 47 CE 48 41 6A 21 F4 00 41 41 62 70 47 CB 48 41 68 4F F6 FD 52 11 40 41 60 01 68 01 F0 FD 31 01 60 70 47 4F F0 50 20 C0 21 00 F8 AC 1F 01 78 21 F0 03 01 01 70 C1 48 01 6A 21 F0 40 61,11.45840s,Vector SLP3,76 5C,,,
11.48469s,Vector SLP3,36 5D 01 62 01 6A 21 F0 00 71 01 62 01 6A 21 F0 80 71 01 62 01 6A 41 F4 80 01 01 62 01 6A 41 F4 80 11 01 62 01 6A 41 F4 80 21 01 62 01 6A 41 F4 80 31 01 62 01 6A 41 F4 E0 61 01 62 01 6A 21 F0 04 01 01 62 01 6A 41 F0 01 01 01 62 41 6A 21 F4 C0 41 01 F5 80 41 41 62 41 6A 21 F4 F8 51 01 F5 20 61 41 62 41 6A 21 F0 1F 01 16 31 41 62 41 6A 41 F4 00 41 41 62 01 68 21 F0 80 01 01 60 01 68 21 F4,11.48925s,Vector SLP3,76 5D,,,
11.51551s,Vector SLP3,36 5E 00 41 01 60 01 68 21 F4 00 01 01 60 01 68 21 F0 00 41 01 60 01 68 21 F0 08 01 01 60 01 68 21 F4 00 61 01 60 01 68 21 F4 00 21 01 60 01 68 21 F0 00 61 01 60 01 68 21 F0 04 01 01 60 01 68 21 F4 80 61 01 60 01 68 21 F4 80 21 01 60 01 68 21 F0 80 61 01 60 01 68 41 F0 02 01 01 60 01 68 41 F4 00 71 01 60 01 68 41 F4 00 31 01 60 01 68 41 F0 00 71 01 60 01 68 41 F0 01 01 01 60 01 68 41 F4,11.52011s,Vector SLP3,76 5E,,,
11.54749s,Vector SLP3,36 5F 80 71 01 60 01 68 41 F4 80 31 01 60 01 68 41 F0 80 71 01 60 41 68 21 F0 00 41 41 60 41 68 21 F0 E0 41 41 60 41 68 21 F0 80 61 41 60 41 68 21 F0 80 01 41 60 41 68 21 F4 00 41 41 60 41 68 21 F0 08 01 41 60 41 68 21 F4 00 61 41 60 41 68 21 F0 04 01 41 60 41 68 21 F4 80 61 41 60 41 68 41 F0 02 01 41 60 41 68 41 F4 00 71 41 60 41 68 41 F0 01 01 41 60 41 68 41 F4 80 71 41 60 81 68 21 F0,11.55196s,Vector SLP3,76 5F,,,
11.57827s,Vector SLP3,36 60 80 41 81 60 81 68 41 F0 80 61 81 60 81 68 21 F0 40 71 81 60 81 68 41 F4 E0 21 81 60 81 68 21 F4 00 41 81 60 81 68 41 F4 80 41 81 60 81 68 41 F4 F8 51 81 60 81 68 21 F0 80 01 81 60 81 68 41 F0 40 01 81 60 81 68 41 F0 1F 01 81 60 41 69 21 F0 78 41 A1 F1 F0 41 41 61 41 69 21 F4 78 01 01 F5 C0 11 41 61 41 69 21 F4 78 41 01 F5 C0 51 41 61 41 69 21 F0 F8 01 18 31 41 61 41 69 21 F0 E0 61,11.58282s,Vector SLP3,76 60,,,
11.60918s,Vector SLP3,36 61 01 F1 80 71 41 61 41 69 41 F4 E0 21 41 61 41 69 41 F4 E0 61 41 61 41 69 41 F0 07 01 41 61 01 69 21 F0 78 41 01 F1 E0 41 01 61 01 69 21 F4 78 01 01 F5 C0 11 01 61 01 69 21 F4 78 41 01 F5 C0 51 01 61 01 69 21 F0 F8 01 18 31 01 61 01 69 21 F0 E0 61 01 F1 A0 61 01 61 01 69 41 F4 E0 21 01 61 01 69 41 F4 E0 61 01 61 01 69 41 F0 07 01 01 61 81 69 41 F0 40 71 81 61 81 69 21 F4 40 71 01 F5,11.61368s,Vector SLP3,76 61,,,
11.64107s,Vector SLP3,36 62 00 71 81 61 81 69 21 F4 40 31 01 F5 00 31 81 61 81 69 21 F0 03 01 89 1C 81 61 81 69 21 F4 00 51 81 61 81 69 21 F4 80 41 81 61 81 69 21 F4 00 41 81 61 81 69 21 F4 00 11 81 61 81 69 21 F4 80 01 81 61 81 69 21 F4 00 01 81 61 81 69 41 F4 80 21 81 61 81 69 41 F4 00 21 81 61 81 69 41 F4 80 11 81 61 81 69 41 F4 80 61 81 61 81 69 41 F4 00 61 81 61 81 69 41 F4 80 51 81 61 70 47 00 60 00 50,11.64553s,Vector SLP3,76 62,,,
11.67296s,Vector SLP3,36 63 00 40 03 40 F7 48 01 78 4F F0 50 20 90 F8 4C 21 61 F3 41 02 80 F8 4C 21 90 F8 4C 21 61 F3 00 02 80 F8 4C 21 F1 48 F0 49 F2 4A 41 62 09 1D 01 63 EF 49 01 62 81 6A 42 63 21 F0 40 61 01 F1 80 61 41 F0 40 41 6F F3 0D 11 10 31 21 F0 07 01 49 1C 21 F0 08 01 21 F4 70 31 82 6B 21 F0 40 71 41 F4 7C 01 22 F0 40 42 01 F1 80 71 42 F0 40 62 21 F0 40 51 01 F1 80 51 02 F1 80 42 6F F3 0D 12 81 62,11.67739s,Vector SLP3,76 63,,,
11.70460s,Vector SLP3,36 64 02 F1 20 01 21 F0 07 01 49 1C 21 F0 08 01 21 F4 70 31 21 F0 40 71 41 F4 7C 01 01 F1 80 71 21 F0 40 51 01 F1 80 51 81 63 D4 49 D3 48 88 60 70 47 D3 4B 18 80 59 80 9A 80 70 47 10 B5 DF F8 40 C3 D0 4C AC F8 00 00 AC F8 02 10 AC F8 04 20 21 78 00 20 60 F3 41 01 21 70 18 46 00 F0 AA FA 00 F0 7F FA 21 79 01 20 60 F3 82 01 21 71 10 BD 10 B5 4F F6 FF 72 00 23 11 46 4D F2 61 00 FF F7 DD FF,11.70924s,Vector SLP3,76 64,,,
11.73734s,Vector SLP3,36 65 01 23 4F F6 FF 72 00 21 45 F2 61 00 FF F7 D5 FF 4F F6 FF 72 00 23 11 46 4D F2 81 00 FF F7 CD FF 01 23 4F F6 FF 72 D9 02 45 F2 81 00 FF F7 C5 FF 4F F6 FF 72 00 23 11 46 48 F2 11 00 FF F7 BD FF 01 23 4F F6 FF 72 4F F6 F7 71 11 20 FF F7 B5 FF 4F F6 FF 72 00 23 11 46 48 F2 01 00 FF F7 AD FF 01 23 4F F6 FF 72 59 03 18 46 FF F7 A6 FF A4 48 48 F2 21 03 4F F6 FF 72 03 80 42 80 82 80 10 BD,11.74171s,Vector SLP3,76 65,,,
11.76840s,Vector SLP3,36 66 A0 49 10 B5 0A 78 01 20 60 F3 41 02 01 F8 34 2B 9D 48 02 88 22 F0 01 02 02 80 02 88 22 F0 08 02 02 80 4F F0 50 22 92 F8 78 31 43 F0 04 03 82 F8 78 31 82 88 22 F4 00 42 82 80 8A 4A 01 23 53 70 83 88 23 F0 20 03 83 80 83 88 23 F0 40 03 83 80 83 88 43 F0 10 03 83 80 83 88 43 F0 0F 03 83 80 83 88 43 F4 80 43 83 80 03 8A 02 23 03 82 0B 78 43 F0 04 03 01 F8 1F 39 CB 7E 43 F0 08 03 CB 76,11.77295s,Vector SLP3,76 66,,,
11.80018s,Vector SLP3,36 67 81 88 41 F4 00 41 81 80 00 20 10 70 7F 48 02 F1 16 04 7F 49 04 60 02 F1 1C 00 08 60 4F F6 FF 72 00 23 11 46 4D F2 61 00 FF F7 47 FF 01 23 4F F6 FF 72 00 21 45 F2 61 00 FF F7 3F FF 4F F6 FF 72 00 23 11 46 4D F2 81 00 FF F7 37 FF 01 23 4F F6 FF 72 D9 02 45 F2 81 00 FF F7 2F FF 4F F6 FF 72 00 23 11 46 48 F2 11 00 FF F7 27 FF 01 23 4F F6 FF 72 4F F6 F7 71 11 20 FF F7 1F FF 4F F6 FF 72,11.80481s,Vector SLP3,76 67,,,
11.83111s,Vector SLP3,36 68 00 23 11 46 48 F2 01 00 FF F7 17 FF 01 23 4F F6 FF 72 59 03 18 46 FF F7 10 FF 48 F2 21 02 4F F6 FF 71 22 80 61 80 A1 80 BD E8 10 40 AA E6 59 4A A2 F1 1C 01 50 88 C0 F3 0E 00 C8 80 92 88 0A 81 0A 22 CA 70 70 47 47 48 00 89 70 47 45 49 08 89 00 0A 08 82 FD 28 0C BF 00 20 01 20 70 47 41 48 C1 78 00 29 08 BF 70 47 49 1E 11 F0 FF 01 C1 70 04 BF 00 21 01 81 70 47 10 B5 00 F0 71 F9 45 4A,11.83567s,Vector SLP3,76 68,,,
11.86184s,Vector SLP3,36 69 A2 F1 1C 01 50 88 92 88 0A 81 0A 22 C0 F3 0E 00 CA 70 C8 80 4F F6 FF 71 01 EA 40 00 10 BD 30 B5 30 48 83 B0 80 78 0C 28 80 F0 FE 80 DF E8 00 F0 06 13 FC 24 39 76 8B A7 DC E6 F2 11 36 49 88 1E F4 F7 C9 FE 27 48 41 8A 01 29 0C BF 08 21 01 21 81 70 03 B0 30 BD 23 4C 00 25 A5 80 F5 F7 B2 FD 01 28 04 BF 03 B0 30 BD 03 20 A0 70 A5 80 4F F4 FA 70 E0 81 03 B0 30 BD 1A 48 41 F2 88 33 81 88,11.86652s,Vector SLP3,76 69,,,
11.89286s,Vector SLP3,36 6A 49 1C 8A B2 82 80 C1 89 01 F5 7A 71 89 B2 C1 81 99 42 88 BF C3 81 14 2A 8E BF 04 21 03 B0 30 BD D6 E7 10 4C 20 89 00 0A 20 82 FD 28 1C BF 0A 20 A0 70 00 F0 15 F9 17 49 48 88 89 88 21 81 0A 21 E1 70 C0 F3 0E 00 E0 80 4F F6 FF 71 01 EA 40 00 60 81 05 20 A0 70 00 20 A0 80 4F F4 FA 70 E0 81 03 B0 30 BD 2C 04 00 18 08 40 02 48 00 06 00 18 46 04 00 18 4C 04 00 18 00 06 00 18 00 40 01 50,11.89738s,Vector SLP3,76 6A,,,
11.92375s,Vector SLP3,36 6B 42 04 00 18 00 80 02 48 00 40 02 48 54 04 00 18 58 04 00 18 48 04 00 18 40 04 00 18 74 48 41 F2 88 33 81 88 49 1C 89 B2 81 80 C2 89 02 F5 7A 72 92 B2 C2 81 9A 42 88 BF C3 81 14 29 8E BF 06 21 03 B0 30 BD 84 E7 6A 4C 20 89 00 0A 20 82 FD 28 1C BF 0A 20 A0 70 00 F0 C3 F8 66 49 48 88 89 88 21 81 0A 21 E1 70 C0 F3 0E 00 E0 80 4F F6 FF 71 01 EA 40 00 A0 81 07 20 A0 70 03 B0 30 BD 5C 4C,11.92824s,Vector SLP3,76 6B,,,
11.95451s,Vector SLP3,36 6C 60 89 A1 89 41 1A 48 BF 49 42 40 F2 1C 72 A1 F6 83 51 91 42 28 BF 0B 20 EE D2 01 22 00 25 01 0A 8D F8 06 20 8D F8 01 10 8D F8 00 00 8D F8 07 50 8D F8 08 20 8D F8 03 10 8D F8 09 50 8D F8 05 10 8D F8 0A 20 8D F8 02 00 8D F8 04 00 8D F8 0B 50 49 48 6A 46 0C 21 FC F7 C8 FF 00 28 0E BF A5 70 0B 20 A0 70 03 B0 30 BD 41 48 01 89 09 0A 01 82 FD 29 0E BF 09 21 03 B0 30 BD 29 E7 3C 48 01 89,11.95910s,Vector SLP3,76 6C,,,
11.98545s,Vector SLP3,36 6D 09 0A 01 82 FD 29 12 BF 0A 21 03 B0 30 BD 1F E7 00 E0 09 E0 36 48 01 89 09 0A 01 82 FD 29 04 BF 09 21 81 70 03 B0 30 BD 31 49 00 20 88 70 03 B0 30 BD 2F 48 80 8A 70 47 30 48 00 21 02 78 61 F3 41 02 02 70 02 79 01 21 61 F3 82 02 02 71 4F F0 50 20 90 F8 78 11 41 F0 04 01 80 F8 78 11 28 48 02 88 28 48 01 89 62 F3 0F 01 01 81 70 47 4F F0 50 20 01 7A 11 F0 04 0F 04 BF 00 20 70 47 90 F8,11.98996s,Vector SLP3,76 6D,,,
12.01770s,Vector SLP3,36 6E 78 11 41 F0 04 01 80 F8 78 11 1E 48 80 89 19 49 08 80 1A 49 00 20 0A 79 60 F3 82 02 0A 71 1B 48 19 49 01 62 89 1D 41 63 81 6A 6F F3 0D 11 10 31 21 F0 07 01 49 1C 81 62 81 6B 6F F3 0D 11 20 31 21 F0 07 01 49 1C 81 63 11 48 0C 21 81 62 41 68 41 F0 01 01 41 60 01 20 70 47 05 48 80 78 70 47 06 49 01 20 0A 78 60 F3 41 02 0A 70 70 47 00 00 2C 04 00 18 48 04 00 18 30 EF 01 11 00 80 02 48,12.02281s,Vector SLP3,76 6E,,,
12.05018s,Vector SLP3,36 6F 42 04 00 18 00 40 02 48 46 04 00 18 00 06 00 18 00 40 01 50 35 49 4A 68 32 F8 10 C0 34 4A 13 89 6C F3 0F 03 13 81 00 22 0A 70 32 4A 01 21 11 54 70 47 2D E9 F0 07 2D 4A 2D 4B 54 68 19 89 B4 F8 00 C0 6C F3 0F 01 19 81 4F F0 00 08 02 F1 01 0C 82 F8 00 80 01 21 8C F8 00 10 DF F8 9C 90 95 68 4F F0 50 21 0E 7A 16 F0 04 0F 25 D0 16 78 02 2E 29 D2 9F 89 25 F8 16 70 16 78 76 1C F6 B2 16 70,12.05467s,Vector SLP3,76 6F,,,
12.08108s,Vector SLP3,36 70 91 F8 78 71 47 F0 04 07 81 F8 78 71 01 28 04 D0 00 28 08 BF 01 2E 02 D0 08 E0 02 2E 06 D1 99 F8 04 A0 00 27 67 F3 82 0A 89 F8 04 A0 34 F8 16 70 1E 89 67 F3 0F 06 1E 81 9C F8 00 60 00 2E D1 D1 BD E8 F0 07 70 47 98 89 F3 B2 25 F8 13 00 10 78 40 1C 10 70 91 F8 78 01 40 F0 04 00 81 F8 78 01 8C F8 00 80 BD E8 F0 07 70 47 00 00 50 04 00 18 00 40 02 48 51 04 00 18 00 80 02 48 70 47 FB F7,12.08553s,Vector SLP3,76 70,,,
12.11307s,Vector SLP3,36 71 98 BB 70 47 70 47 01 20 70 47 70 47 70 47 70 47 70 47 70 47 70 B5 05 46 FB F7 8B FB F8 4C 60 60 FB F7 87 FB 61 68 29 44 88 42 F9 DB 70 BD 4F F0 00 0C C0 F8 00 C0 82 60 01 73 43 73 80 F8 0E C0 80 F8 0F C0 80 F8 10 C0 80 F8 11 C0 80 F8 12 C0 80 F8 13 C0 80 F8 14 C0 80 F8 15 C0 C0 F8 18 C0 C0 F8 1C C0 C0 F8 20 C0 C0 F8 24 C0 C0 F8 28 C0 C0 F8 2C C0 C0 F8 30 C0 C0 F8 34 C0 C0 F8 38 C0,12.11739s,Vector SLP3,76 71,,,
12.14459s,Vector SLP3,36 72 C0 F8 3C C0 C0 F8 40 C0 C0 F8 44 C0 70 47 02 7B 01 21 DC 48 10 2A 04 BF 02 7A 61 F3 00 02 38 D0 07 DC 05 2A 28 BF 70 47 DF E8 02 F0 1D 21 25 29 2E 00 11 2A 04 BF 02 7A 61 F3 41 02 29 D0 12 2A 04 BF 02 7A 61 F3 82 02 23 D0 13 2A 04 BF 02 7A 61 F3 C3 02 1D D0 14 2A 18 BF 70 47 02 7A 61 F3 04 12 02 72 70 47 02 78 61 F3 00 02 0A E0 02 78 61 F3 41 02 06 E0 02 78 61 F3 82 02 02 E0 02 78,12.14925s,Vector SLP3,76 72,,,
12.17539s,Vector SLP3,36 73 61 F3 C3 02 02 70 70 47 02 78 61 F3 04 12 02 70 70 47 02 72 70 47 02 7B 00 21 BA 48 10 2A 04 BF 02 7A 61 F3 00 02 38 D0 07 DC 05 2A 28 BF 70 47 DF E8 02 F0 1D 21 25 29 2E 00 11 2A 04 BF 02 7A 61 F3 41 02 29 D0 12 2A 04 BF 02 7A 61 F3 82 02 23 D0 13 2A 04 BF 02 7A 61 F3 C3 02 1D D0 14 2A 18 BF 70 47 02 7A 61 F3 04 12 02 72 70 47 02 78 61 F3 00 02 0A E0 02 78 61 F3 41 02 06 E0 02 78,12.17973s,Vector SLP3,76 73,,,
12.20643s,Vector SLP3,36 74 61 F3 82 02 02 E0 02 78 61 F3 C3 02 02 70 70 47 02 78 61 F3 04 12 02 70 70 47 02 72 70 47 38 B5 04 46 00 20 00 90 C1 F3 0B 00 40 F4 40 51 08 0A 8D F8 00 00 8D F8 01 10 20 46 FF F7 AC FF 6A 46 03 23 11 46 A0 68 01 F0 C9 FE 20 46 FF F7 5F FF 9D F8 02 00 38 BD 38 B5 04 46 00 20 00 90 C1 F3 0B 00 40 F4 40 50 01 0A 8D F8 00 10 8D F8 01 00 20 46 FF F7 90 FF 6A 46 03 23 11 46 A0 68 01 F0,12.21098s,Vector SLP3,76 74,,,
12.23819s,Vector SLP3,36 75 AD FE 20 46 FF F7 43 FF 9D F8 02 00 38 BD 38 B5 04 46 00 20 00 90 C1 F3 0B 00 40 F4 00 51 08 0A 8D F8 00 00 8D F8 01 10 8D F8 02 20 20 46 FF F7 72 FF 6A 46 03 23 11 46 A0 68 01 F0 8F FE 20 46 FF F7 25 FF 38 BD E2 E7 10 B5 82 B0 04 46 00 20 00 90 01 90 C1 F3 0B 00 40 F4 00 51 08 0A 8D F8 00 00 8D F8 01 10 8D F8 02 20 10 0A 8D F8 03 00 10 0C 8D F8 04 00 10 0E 8D F8 05 00 20 46 FF F7,12.24284s,Vector SLP3,76 75,,,
12.26922s,Vector SLP3,36 76 4A FF 6A 46 06 23 11 46 A0 68 01 F0 67 FE 20 46 FF F7 FD FE 02 B0 10 BD 10 B5 82 B0 04 46 00 20 00 90 01 90 C1 F3 0B 00 40 F4 00 50 01 0A 8D F8 00 10 8D F8 01 00 8D F8 02 20 10 0A 8D F8 03 00 10 0C 8D F8 04 00 10 0E 8D F8 05 00 20 46 FF F7 22 FF 6A 46 06 23 11 46 A0 68 01 F0 3F FE 20 46 FF F7 D5 FE 02 B0 10 BD 10 B5 82 B0 04 46 00 20 00 90 01 90 C1 F3 0B 00 40 F4 40 51 08 0A 8D F8,12.27370s,Vector SLP3,76 76,,,
12.29998s,Vector SLP3,36 77 00 00 8D F8 01 10 20 46 FF F7 05 FF 6A 46 06 23 11 46 A0 68 01 F0 22 FE 20 46 FF F7 B8 FE 9D F8 02 00 9D F8 03 10 40 EA 01 20 9D F8 04 10 40 EA 01 40 9D F8 05 10 02 B0 40 EA 01 60 10 BD D3 E7 00 B5 84 46 FF F7 E7 FE 2F 4B 00 20 99 88 21 F4 00 41 99 80 99 88 41 F0 0F 01 99 80 99 88 41 F4 00 41 99 80 4F F0 50 21 91 F8 7C 21 42 F0 04 02 81 F8 7C 21 1A 89 60 F3 0F 02 1A 81 0A 7B 12 F0,12.30457s,Vector SLP3,76 77,,,
12.33093s,Vector SLP3,36 78 04 0F FB D0 91 F8 7C 01 40 F0 04 00 81 F8 7C 01 98 88 20 F4 00 40 98 80 98 88 20 F0 0F 00 C0 1D 98 80 98 88 40 F4 00 40 98 80 60 46 5D F8 04 EB 6D E6 40 F6 06 61 0E E7 40 F6 05 63 01 F0 03 02 19 46 24 E7 2D E9 F0 4F 04 46 88 7D 00 25 83 B0 9A 46 17 46 0E 46 00 28 08 BF 04 25 08 46 01 F0 17 FD 00 28 18 BF 45 F0 08 05 01 20 00 90 60 7B FF 28 0B D0 00 2F 08 BF 45 F0 20 05 0A E0 00 00,12.33544s,Vector SLP3,76 78,,,
12.36177s,Vector SLP3,36 79 5C 04 00 18 00 80 02 48 00 60 02 48 00 2F 18 BF 45 F4 00 25 96 F8 24 00 20 28 88 BF 45 F4 00 45 96 F8 26 00 1F 28 88 BF 45 F4 00 55 96 F8 2B 00 00 28 08 BF 45 F4 80 75 03 D0 20 28 88 BF 45 F4 00 75 96 F8 20 00 00 28 08 BF 45 F4 80 65 03 D0 20 28 88 BF 45 F4 00 65 96 F8 22 00 1F 28 88 BF 45 F4 80 45 30 46 01 F0 7E FC B0 F5 00 6F 88 BF 45 F4 80 55 9A F8 00 00 20 28 88 BF 45 F0 80 05,12.36630s,Vector SLP3,76 79,,,
12.39276s,Vector SLP3,36 7A 9A F8 0C 00 00 28 18 BF 45 F0 40 05 96 F9 17 00 40 30 80 28 28 BF 45 F4 80 15 00 27 00 2D 40 F0 56 81 61 7B DF F8 A0 C5 FF 29 37 D0 00 20 10 29 04 BF 9C F8 0C 10 60 F3 00 01 26 D0 06 DC 05 29 2C D2 DF E8 01 F0 2B 0F 14 2B 1B 00 11 29 04 BF 9C F8 0C 10 60 F3 41 01 17 D0 12 29 1E D0 13 29 16 D0 1B E0 9C F8 04 10 60 F3 41 01 03 E0 9C F8 04 10 60 F3 82 01 8C F8 04 10 0F E0 9C F8 04 10,12.39716s,Vector SLP3,76 7A,,,
12.42345s,Vector SLP3,36 7B 60 F3 04 11 8C F8 04 10 08 E0 8C F8 0C 10 05 E0 9C F8 0C 10 60 F3 C3 01 8C F8 0C 10 20 46 FF F7 B6 FD 21 7B 01 20 10 29 2B D0 06 DC 05 29 31 D2 DF E8 01 F0 30 14 1B 30 20 00 11 29 04 BF 9C F8 0C 10 60 F3 41 01 23 D0 12 29 23 D0 13 29 04 BF 9C F8 0C 10 60 F3 C3 01 1A D0 1B E0 9C F8 04 10 60 F3 41 01 8C F8 04 10 14 E0 9C F8 04 10 60 F3 82 01 03 E0 9C F8 04 10 60 F3 04 11 8C F8 04 10,12.42802s,Vector SLP3,76 7B,,,
12.45408s,Vector SLP3,36 7C 08 E0 9C F8 0C 10 60 F3 00 01 8C F8 0C 10 01 E0 8C F8 0C 10 4F F0 00 09 4F F0 30 08 01 97 8D F8 04 80 8D F8 05 70 20 46 FF F7 B5 FD 01 AA 03 23 11 46 A0 68 01 F0 D2 FC 20 46 FF F7 68 FD 9D F8 06 00 09 F1 01 09 60 28 18 BF B9 F1 14 0F E5 D3 4F F0 00 09 20 46 40 F6 05 61 02 22 FF F7 17 FE 40 F6 06 61 20 46 FF F7 F6 FD 00 F0 02 00 40 08 04 D1 09 F1 01 09 B9 F1 64 0F EB D3 FB F7 99 F8,12.45851s,Vector SLP3,76 7C,,,
12.48628s,Vector SLP3,36 7D 00 F1 02 0B 4F F0 02 09 20 46 03 21 0C 22 FF F7 FE FD 01 97 8D F8 04 80 8D F8 05 90 20 46 FF F7 7A FD 01 AA 03 23 11 46 A0 68 01 F0 97 FC 20 46 FF F7 2D FD 9D F8 06 00 40 09 04 28 05 D0 FB F7 78 F8 58 45 E0 D3 45 F0 01 05 20 46 FF F7 63 FD FE 49 00 22 88 88 20 F4 00 40 88 80 88 88 40 F0 0F 00 88 80 88 88 40 F4 00 40 88 80 4F F0 50 20 90 F8 7C 31 43 F0 04 03 80 F8 7C 31 0B 89 62 F3,12.49074s,Vector SLP3,76 7D,,,
12.51790s,Vector SLP3,36 7E 0F 03 0B 81 02 7B 12 F0 04 0F FB D0 90 F8 7C 21 42 F0 04 02 80 F8 7C 21 88 88 20 F4 00 40 88 80 88 88 20 F0 0F 00 C0 1D 88 80 88 88 40 F4 00 40 88 80 20 46 FF F7 EB FC ED BB 31 78 4F F0 00 08 40 46 08 29 0D D2 DF E8 01 F0 0C 04 0A 06 0C 04 0C 04 10 20 05 E0 4F F0 01 08 10 20 01 E0 4F F0 01 08 40 EA 08 02 F0 7E 04 28 1C BF 42 EA 40 10 C2 B2 20 46 4F F4 60 61 FF F7 89 FD B8 F1 00 0F,12.52261s,Vector SLP3,76 7E,,,
12.54979s,Vector SLP3,36 7F 25 D0 FB F7 16 F8 00 F1 02 09 4F F0 01 08 4F F0 3E 0B 01 97 8D F8 04 B0 8D F8 05 80 20 46 FF F7 FA FC 01 AA 03 23 11 46 A0 68 01 F0 17 FC 20 46 FF F7 AD FC 00 E0 0A E0 9D F8 06 00 38 EA 00 00 05 D0 FA F7 F6 FF 81 45 E3 D8 45 F4 00 35 4F F0 01 08 11 E0 42 46 4F F4 80 61 20 46 FF F7 9C FD 20 46 4F F4 80 61 FF F7 BF FD 40 45 18 BF 45 F4 80 25 5F EA 48 08 03 D0 00 2D EB D0 00 F0 9E B9,12.55446s,Vector SLP3,76 7F,,,
12.58160s,Vector SLP3,36 80 00 2D 40 F0 9B 81 B2 48 B6 F8 1E 80 00 78 10 F0 01 0F 0C D1 AE 48 02 F0 9B FF 40 B1 02 23 48 22 AC 49 AD 48 02 F0 82 FF A9 48 AF F3 00 80 AA 48 20 63 C4 E9 0D 87 E7 63 A8 48 27 64 67 64 00 78 B6 F8 28 80 10 F0 01 0F 0C D1 A4 48 02 F0 80 FF 40 B1 05 23 48 22 9F 49 A1 48 02 F0 67 FF 9F 48 AF F3 00 80 9E 48 A0 61 C4 E9 07 87 67 62 A7 62 4F F4 80 68 E7 62 00 22 41 46 20 46 FF F7 4C FD,12.58632s,Vector SLP3,76 80,,,
12.61367s,Vector SLP3,36 81 08 F1 04 00 1F FA 80 F8 B8 F5 40 6F F3 D3 F0 7E 03 22 04 28 08 BF 23 22 30 7E 00 28 18 BF 42 F0 10 02 70 7E 00 28 18 BF 42 F0 40 02 20 46 40 F6 07 61 FF F7 EC FC B0 7E 40 22 00 28 18 BF 60 22 20 46 00 21 FF F7 E3 FC F0 7D 86 49 00 F0 7F 00 41 EA 00 22 0C 21 20 46 FF F7 1E FD 96 F8 27 00 96 F8 26 10 40 07 41 EA 10 62 20 46 52 21 FF F7 CE FC 96 F8 24 00 00 28 18 BF 01 20 A0 73 96 F8,12.61818s,Vector SLP3,76 81,,,
12.64535s,Vector SLP3,36 82 24 00 96 F8 25 10 40 1E 40 EA 41 10 C2 B2 20 46 53 21 FF F7 BC FC 96 F8 25 00 01 F0 61 FA A0 74 A0 7B 00 28 18 BF 10 20 40 F0 01 02 20 46 02 21 FF F7 AD FC 96 F8 2B 00 96 F8 2A 10 40 1E 40 EA 41 10 C2 B2 20 46 4F F0 5C 08 5F 21 FF F7 9F FC 09 22 20 46 41 46 FF F7 9A FC 96 F8 2A 00 01 F0 3F FA E0 74 96 F8 23 00 96 F8 22 10 40 07 41 EA 10 62 20 46 4F F0 68 08 6A 21 FF F7 88 FC 96 F8,12.65004s,Vector SLP3,76 82,,,
12.67644s,Vector SLP3,36 83 20 00 96 F8 21 10 40 1E 40 EA 41 10 C2 B2 20 46 6B 21 FF F7 7C FC 80 22 20 46 41 46 FF F7 77 FC 96 F8 21 00 01 F0 1C FA 60 74 9A F8 00 00 4F F0 00 08 80 00 DA F8 04 90 02 F0 87 FE 20 60 B9 F1 00 0F 1C BF 4F F4 FA 7A 4F F4 F8 7B 25 D0 00 BF 21 68 D9 F8 0C 00 41 F8 28 00 0A EB C8 00 81 B2 20 46 D9 F8 04 20 FF F7 97 FC 0B EB C8 00 81 B2 20 46 D9 F8 08 20 FF F7 8F FC 08 F5 E8 71 81 22,12.68090s,Vector SLP3,76 83,,,
12.70720s,Vector SLP3,36 84 20 46 89 B2 FF F7 43 FC D9 F8 00 90 08 F1 01 00 00 F0 FF 08 B9 F1 00 0F DA D1 20 46 1D 21 00 22 FF F7 35 FC 20 46 1C 21 00 22 FF F7 30 FC 40 22 20 46 1F 21 FF F7 2B FC 20 46 40 F6 07 61 03 22 FF F7 25 FC 20 46 40 F6 04 61 00 22 FF F7 1F FC 20 46 40 F6 05 61 00 22 FF F7 19 FC 30 7C 71 8A 00 02 A0 F5 80 70 49 1E 08 43 31 7D 49 1E 41 EA 00 20 71 7D 49 1E 41 EA 00 22 04 21 20 46 FF F7,12.71176s,Vector SLP3,76 84,,,
12.73796s,Vector SLP3,36 85 4B FC 30 7B 01 28 14 BF 01 20 00 20 20 74 90 B1 30 7C 71 7B 00 02 A0 F5 80 70 49 1E 08 43 B1 7B 49 1E 41 EA 00 20 F1 7B 49 1E 41 EA 00 22 08 21 20 46 FF F7 31 FC 32 7F 22 75 20 46 03 21 FF F7 E6 FB FA F7 76 FE 0F E0 00 80 02 48 00 60 02 48 E8 04 00 18 0B 2E 01 11 D0 0D 00 18 E4 04 00 18 68 0C 00 18 00 00 02 02 00 F1 0A 09 4F F0 02 08 4F F0 30 0A 01 97 8D F8 04 A0 8D F8 05 80 20 46,12.74263s,Vector SLP3,76 85,,,
12.76900s,Vector SLP3,36 86 FF F7 49 FB 01 AA 03 23 11 46 A0 68 01 F0 66 FA 20 46 FF F7 FC FA 9D F8 06 00 31 7F 40 09 81 42 05 D0 FA F7 46 FE 48 45 E4 D3 45 F4 80 35 60 7B FF 28 03 D0 A0 68 00 99 01 F0 4E FA 03 B0 28 46 BD E8 F0 8F F0 B5 85 B0 00 24 07 46 8D F8 0C 40 15 46 0E 46 8D F8 00 40 01 94 02 94 8D F8 0D 40 10 20 02 F0 B7 FD 04 60 44 60 84 60 C4 60 01 99 00 29 0E BF 01 90 02 99 08 60 02 90 9D F8 00 00,12.77349s,Vector SLP3,76 86,,,
12.79979s,Vector SLP3,36 87 6B 46 40 1C 8D F8 00 00 2A 46 31 46 38 46 FF F7 59 FC 05 46 01 98 30 B1 01 98 04 68 02 F0 91 FD 01 94 00 2C F8 D1 05 B0 28 46 F0 BD 2D E9 F0 47 06 46 80 7B 94 B0 0F 46 00 28 3F D0 00 20 00 90 30 20 8D F8 00 00 54 21 8D F8 01 10 30 46 FF F7 E2 FA 6A 46 03 23 11 46 B0 68 01 F0 FF F9 30 46 FF F7 95 FA 9D F8 02 00 10 F0 01 0F 26 D0 4F F0 01 08 58 21 30 46 FF F7 B7 FB 00 F5 80 60 39 79,12.80435s,Vector SLP3,76 87,,,
12.83177s,Vector SLP3,36 88 3D 68 1F FA 80 FA 29 B1 C5 F3 8A 40 C5 F3 11 02 40 EA C2 25 F8 79 00 F0 0F 04 18 28 08 BF 0C 24 1A D0 0E DC 0C 28 08 BF 09 24 15 D0 10 28 08 BF 0A 24 11 D0 14 28 08 BF 0B 24 0D E0 4F F0 00 08 74 E0 20 28 08 BF 0D 24 06 D0 30 28 08 BF 0E 24 02 D0 40 28 08 BF 0F 24 00 29 18 BF 44 F0 10 04 79 79 00 29 0C BF 44 F0 20 04 01 29 0D D0 02 29 08 BF 44 F0 80 04 08 D0 03 29 06 D1 31 7C 44 F0,12.83621s,Vector SLP3,76 88,,,
12.86257s,Vector SLP3,36 89 80 04 00 29 18 BF 44 F0 40 04 C0 1C 4F EA 90 09 4C 21 68 46 02 F0 A1 FA CA F3 0B 00 40 F4 00 50 01 0A 8D F8 00 10 8D F8 01 00 8D F8 02 50 28 0A 8D F8 03 00 28 0C 8D F8 04 00 28 0E 8D F8 05 00 8D F8 06 40 20 0A 8D F8 07 00 20 0C 8D F8 08 00 20 0E 00 22 8D F8 09 00 4F F0 0A 0C B9 F1 00 0F 12 D9 00 BF 07 EB 82 00 83 68 0C EB 82 00 C0 B2 1C 0A 0D F8 00 30 68 44 19 0C 44 70 81 70 19 0E,12.86708s,Vector SLP3,76 89,,,
12.89455s,Vector SLP3,36 8A 52 1C C1 70 91 45 ED D8 30 46 FF F7 44 FA 6A 46 0C EB 89 03 11 46 B0 68 01 F0 60 F9 30 46 FF F7 F6 F9 03 22 51 21 30 46 FF F7 B1 FA 14 B0 40 46 BD E8 F0 87 2D E9 F0 43 0D 46 93 B0 06 46 70 21 FF F7 12 FB 00 F5 80 60 1F FA 80 F9 28 79 D5 F8 00 80 28 B1 C8 F3 8A 41 C8 F3 11 02 41 EA C2 28 E9 79 01 F0 0F 04 18 29 08 BF 0C 24 17 D0 0B DC 0C 29 08 BF 09 24 12 D0 10 29 08 BF 0A 24 0E D0,12.89893s,Vector SLP3,76 8A,,,
12.92509s,Vector SLP3,36 8B 14 29 08 BF 0B 24 0A E0 20 29 08 BF 0D 24 06 D0 30 29 08 BF 0E 24 02 D0 40 29 08 BF 0F 24 00 28 18 BF 44 F0 10 04 68 79 00 28 0C BF 44 F0 20 04 01 28 0D D0 02 28 08 BF 44 F0 80 04 08 D0 03 28 06 D1 30 7C 44 F0 80 04 00 28 18 BF 44 F0 40 04 C8 1C 87 08 4C 21 68 46 02 F0 FF F9 C9 F3 0B 00 40 F4 00 50 01 0A 8D F8 00 10 8D F8 01 00 8D F8 02 80 4F EA 18 20 8D F8 03 00 4F EA 18 40 8D F8,12.92979s,Vector SLP3,76 8B,,,
12.95737s,Vector SLP3,36 8C 04 00 4F EA 18 60 8D F8 05 00 8D F8 06 40 20 0A 8D F8 07 00 20 0C 8D F8 08 00 20 0E 00 22 8D F8 09 00 4F F0 0A 0C 00 2F 12 D9 00 BF 05 EB 82 00 83 68 0C EB 82 00 C0 B2 1C 0A 0D F8 00 30 68 44 19 0C 44 70 81 70 19 0E 52 1C C1 70 97 42 ED D8 30 46 FF F7 A0 F9 6A 46 0C EB 87 03 11 46 B0 68 01 F0 BC F8 30 46 FF F7 52 F9 69 21 03 22 30 46 FF F7 0D FA 13 B0 BD E8 F0 83 2D E9 F8 4F 4F F0,12.96166s,Vector SLP3,76 8C,,,
12.98788s,Vector SLP3,36 8D 00 08 4F F0 30 09 CD F8 00 80 6C 27 8D F8 00 90 8A 46 04 46 8D F8 01 70 FF F7 7D F9 6A 46 03 23 11 46 A0 68 01 F0 9A F8 20 46 FF F7 30 F9 9D F8 02 50 15 F0 01 0F 2C D1 69 21 04 22 20 46 FF F7 E6 F9 FD 49 08 78 40 1C 08 70 00 26 1A E0 00 BF CD F8 00 80 8D F8 00 90 8D F8 01 70 20 46 FF F7 5A F9 6A 46 03 23 11 46 A0 68 01 F0 77 F8 20 46 FF F7 0D F9 9D F8 02 00 00 F0 07 05 70 1C C6 B2,12.99252s,Vector SLP3,76 8D,,,
13.01980s,Vector SLP3,36 8E 03 2E 01 D2 07 2D E3 D1 15 F0 01 00 08 BF BD E8 F8 8F 51 46 20 46 FF F7 0D FF 01 20 BD E8 F8 8F 30 B4 84 46 4C 79 00 20 01 23 CA 79 00 2C 18 BF 01 2C 1B D0 08 2A 0D D9 0C 2A 18 BF 10 2A 09 D0 14 2A 18 BF 18 2A 05 D0 20 2A 1F BF 30 2A 40 2A 30 BC 70 47 18 46 8B 79 63 B1 FF 2B 1C BF 30 BC 70 47 9C F8 12 00 82 42 0E D9 0A E0 08 2A F1 D9 30 BC 70 47 9C F8 11 00 82 42 02 D8 30 BC 60 46,13.02437s,Vector SLP3,76 8E,,,
13.05059s,Vector SLP3,36 8F 7B E7 30 BC 00 20 70 47 30 BC 60 46 0E E6 70 B5 04 46 08 46 A1 6A 00 29 08 BF 00 25 14 D0 22 6A A1 69 02 EB C2 02 01 EB C2 01 01 25 48 22 02 F0 FB F8 A0 6A 40 1E A0 62 20 6A 40 1C 20 62 E1 69 88 42 04 BF 00 20 20 62 28 46 70 BD 80 6A 00 28 18 BF 01 20 70 47 F0 B5 93 B0 00 25 04 46 8D F8 04 50 03 20 8D F8 05 00 8D F8 06 50 00 95 8D F8 07 50 02 95 03 95 04 95 05 95 06 95 07 95 08 95,13.05524s,Vector SLP3,76 8F,,,
13.08138s,Vector SLP3,36 90 09 95 0A 95 0B 95 0C 95 0F 46 0D 95 0E 95 0F 95 10 95 11 95 A1 6A 68 46 00 29 08 BF 00 26 13 D0 22 6A A1 69 02 EB C2 02 01 EB C2 01 01 26 48 22 02 F0 BA F8 A0 6A 40 1E A0 62 20 6A 40 1C 20 62 E1 69 88 42 08 BF 25 62 76 B1 9D F8 06 50 00 2F 1C BF 28 46 B8 47 20 68 00 28 1C BF 50 F8 25 10 00 29 01 D0 68 46 88 47 13 B0 30 46 F0 BD 34 21 FF F7 7A B9 40 21 FF F7 77 B9 3C 21 FF F7 74 B9,13.08610s,Vector SLP3,76 90,,,
13.11232s,Vector SLP3,36 91 00 22 3C 21 FF F7 48 B9 70 B5 0D 46 04 46 40 F6 06 61 FF F7 E0 F8 20 EA 05 02 20 46 BD E8 70 40 40 F6 05 61 02 F0 03 02 FF F7 F1 B8 40 F6 14 61 FF F7 5A B9 10 B5 02 21 FF F7 CD F8 40 09 10 BD 70 B5 04 46 01 29 07 D0 BD E8 70 40 03 23 01 F0 07 02 19 46 FF F7 DB B8 4F F4 60 61 04 22 FF F7 D6 F8 20 46 1E 21 00 22 FF F7 D1 F8 20 46 1F 21 00 22 FF F7 CC F8 20 46 68 21 00 22 FF F7 C7 F8,13.11697s,Vector SLP3,76 91,,,
13.14315s,Vector SLP3,36 92 20 46 03 25 5C 21 00 22 FF F7 C1 F8 20 46 69 21 04 22 FF F7 BC F8 20 46 5D 21 04 22 FF F7 B7 F8 20 46 1D 21 00 22 FF F7 B2 F8 20 46 1C 21 00 22 FF F7 AD F8 20 46 40 F6 05 61 01 22 FF F7 A7 F8 20 46 29 46 BD E8 70 40 01 22 FF F7 A0 B8 2D E9 F8 43 04 46 00 25 02 21 FF F7 7D F8 40 09 07 28 2D D1 20 46 03 21 22 7D FF F7 91 F8 FA F7 21 FB 00 F1 0A 06 01 27 4F F0 30 08 A9 46 CD F8 00 90,13.14782s,Vector SLP3,76 92,,,
13.17414s,Vector SLP3,36 93 8D F8 00 80 4D 46 8D F8 01 70 20 46 FF F7 03 F8 6A 46 03 23 11 46 A0 68 00 F0 20 FF 20 46 FE F7 B6 FF 9D F8 02 00 21 7D 40 09 01 F0 07 01 81 42 04 D0 FA F7 FE FA B0 42 E0 D3 00 E0 01 25 28 46 BD E8 F8 83 38 B5 04 46 00 20 00 90 C1 F3 0B 00 40 F4 40 51 08 0A 8D F8 00 00 8D F8 01 10 20 46 FE F7 D9 FF 6A 46 04 23 11 46 A0 68 00 F0 F6 FE 20 46 FE F7 8C FF 9D F8 02 00 9D F8 03 10 40 EA,13.17868s,Vector SLP3,76 93,,,
13.20593s,Vector SLP3,36 94 01 20 38 BD 38 B5 04 46 00 20 00 90 C1 F3 0B 00 40 F4 40 50 01 0A 8D F8 00 10 8D F8 01 00 20 46 FE F7 B9 FF 6A 46 04 23 11 46 A0 68 00 F0 D6 FE 20 46 FE F7 6C FF 9D F8 02 00 9D F8 03 10 40 EA 01 20 38 BD 30 B5 93 B0 00 25 04 46 8D F8 04 50 03 20 8D F8 05 00 8D F8 06 50 00 95 8D F8 07 50 02 95 03 95 04 95 05 95 06 95 07 95 08 95 09 95 0A 95 0B 95 0C 95 0D 95 0E 95 0F 95 10 95 11 95,13.21053s,Vector SLP3,76 94,,,
13.23788s,Vector SLP3,36 95 21 6C 68 46 D1 B1 A2 6B 21 6B 02 EB C2 02 01 EB C2 01 48 22 01 F0 88 FF 20 6C 40 1E 20 64 A0 6B 40 1C A0 63 61 6B 88 42 08 BF A5 63 69 46 20 46 FF F7 40 FD 13 B0 30 BD 5C 04 00 18 68 21 80 22 20 46 FE F7 E4 FF E5 73 13 B0 30 BD 2D E9 F0 43 A7 B0 04 46 03 27 64 21 FF F7 46 F8 00 25 8D F8 54 50 8D F8 55 70 8D F8 56 50 14 95 8D F8 57 50 16 95 17 95 18 95 19 95 1A 95 1B 95 00 F5 80 66,13.24239s,Vector SLP3,76 95,,,
13.26979s,Vector SLP3,36 96 1C 95 1D 95 1E 95 1F 95 20 95 21 95 22 95 23 95 24 95 4C 21 68 46 25 95 01 F0 5F FF C6 F3 0B 00 40 F4 40 50 01 0A 8D F8 00 10 8D F8 01 00 20 46 FE F7 31 FF 6A 46 4A 23 11 46 A0 68 00 F0 4E FE 9D F8 02 00 9D F8 03 10 40 EA 01 20 9D F8 04 10 40 EA 01 40 9D F8 05 10 40 EA 01 60 14 90 9D F8 06 00 9D F8 07 10 40 EA 01 20 9D F8 08 10 40 EA 01 40 9D F8 09 10 40 EA 01 66 C4 49 06 F0 0F 00,13.27424s,Vector SLP3,76 96,,,
13.30039s,Vector SLP3,36 97 08 5C 8D F8 57 00 C0 1C 83 08 28 46 1C BF 0D F1 50 08 4F F0 0A 09 15 D0 09 EB 80 01 C9 B2 1D F8 01 C0 69 44 4A 78 4C EA 02 22 91 F8 02 C0 C9 78 42 EA 0C 42 42 EA 01 61 08 EB 80 02 40 1C 91 60 83 42 E9 D8 20 46 FE F7 A2 FE 5D 21 01 22 20 46 FE F7 5D FF C6 F3 C4 20 8D F8 56 00 16 F0 20 0F 18 BF 8D F8 55 50 0B D1 16 F0 80 0F 08 BF 01 20 38 D0 16 F0 40 0F 0C BF 02 20 8D F8 55 70 31 D0,13.30511s,Vector SLP3,76 97,,,
13.33251s,Vector SLP3,36 98 C6 F3 00 10 8D F8 54 00 38 B1 14 98 C0 F3 0A 01 C0 F3 D1 20 40 EA 81 40 14 90 A2 6A E0 69 14 A9 82 42 21 BF 40 1C E0 62 27 B0 BD E8 F0 83 62 6A A0 69 02 EB C2 02 00 EB C2 00 48 22 01 F0 B4 FE 60 6A 40 1C 60 62 E1 69 88 42 08 BF 65 62 A0 6A 41 1C A1 62 E0 6A 88 42 98 BF 08 46 E0 62 27 B0 BD E8 F0 83 8D F8 55 00 CA E7 F8 B5 06 46 00 25 30 20 00 95 8D F8 00 00 1C 21 8D F8 01 10 30 46,13.33697s,Vector SLP3,76 98,,,
13.36410s,Vector SLP3,36 99 FE F7 89 FE 6A 46 04 23 11 46 B0 68 00 F0 A6 FD 30 46 FE F7 3C FE 9D F8 02 00 9D F8 03 10 40 EA 01 24 14 F0 02 0F 03 D0 30 46 FF F7 0F FF 01 25 14 F0 01 0F 03 D0 30 46 FF F7 C4 FE 01 25 14 F0 04 0F 05 D0 FB 22 1C 21 30 46 FE F7 E0 FE 01 25 14 F0 08 0F 05 D0 F7 22 1C 21 30 46 FE F7 D7 FE 01 25 14 F4 80 5F 05 D0 EF 22 1D 21 30 46 FE F7 CE FE 01 25 14 F4 00 6F 0A D0 70 7D 01 25 FF 28,13.36845s,Vector SLP3,76 99,,,
13.39505s,Vector SLP3,36 9A 3C BF 40 1C 70 75 60 21 F7 22 30 46 FE F7 BF FE 28 46 F8 BD 2D E9 F8 4F 05 46 4F F0 00 0A 4F F0 1C 08 30 27 4F F0 60 09 CD F8 00 A0 8D F8 00 70 00 26 8D F8 01 80 28 46 FE F7 2D FE 6A 46 04 23 11 46 A8 68 00 F0 4A FD 28 46 FE F7 E0 FD 9D F8 02 00 9D F8 03 10 40 EA 01 24 14 F0 02 0F 03 D0 28 46 FF F7 B3 FE 01 26 14 F0 01 0F 03 D0 28 46 FF F7 68 FE 01 26 14 F0 04 0F 05 D0 FB 22 1C 21,13.39970s,Vector SLP3,76 9A,,,
13.42584s,Vector SLP3,36 9B 28 46 FE F7 84 FE 01 26 14 F0 08 0F 05 D0 F7 22 1C 21 28 46 FE F7 7B FE 01 26 14 F4 80 5F 05 D0 EF 22 1D 21 28 46 FE F7 72 FE 01 26 14 F4 00 6F 0A D0 68 7D FF 28 3C BF 40 1C 68 75 49 46 F7 22 28 46 FE F7 64 FE AF E7 00 2E AD D1 BD E8 F8 8F 2D E9 F8 4F 05 46 4F F0 00 0A 4F F0 1C 08 30 27 4F F0 60 09 CD F8 00 A0 8D F8 00 70 00 26 8D F8 01 80 28 46 FE F7 CF FD 6A 46 04 23 11 46 A8 68,13.43056s,Vector SLP3,76 9B,,,
13.45684s,Vector SLP3,36 9C 00 F0 EC FC 28 46 FE F7 82 FD 9D F8 02 00 9D F8 03 10 40 EA 01 24 14 F0 02 0F 03 D0 28 46 FF F7 55 FE 01 26 14 F0 01 0F 03 D0 28 46 FF F7 0A FE 01 26 14 F0 04 0F 05 D0 FB 22 1C 21 28 46 FE F7 26 FE 01 26 14 F0 08 0F 05 D0 F7 22 1C 21 28 46 FE F7 1D FE 01 26 14 F4 80 5F 05 D0 EF 22 1D 21 28 46 FE F7 14 FE 01 26 14 F4 00 6F 0A D0 68 7D FF 28 3C BF 40 1C 68 75 49 46 F7 22 28 46 FE F7,13.46143s,Vector SLP3,76 9C,,,
13.48765s,Vector SLP3,36 9D 06 FE AF E7 00 2E AD D1 BD E8 F8 8F E8 54 01 11 F8 B5 06 00 4F F0 00 05 14 BF 42 F2 10 74 F8 BD 01 20 F7 F7 66 FA AD F8 00 00 01 20 F7 F7 61 FA BD F8 00 10 40 1A 80 B2 A0 42 F6 D3 68 1C C5 B2 B5 42 ED D3 F8 BD E7 4A 50 81 91 81 70 47 E5 49 48 70 70 47 E3 48 40 78 70 47 E3 48 01 7C E1 48 09 B1 01 29 00 D0 00 21 81 70 70 47 DD 48 80 78 70 47 DE 48 FE F7 64 BE 02 21 DC 48 FF F7 C4 BC,13.49229s,Vector SLP3,76 9D,,,
13.51860s,Vector SLP3,36 9E 2D E9 F0 47 92 B0 01 20 F7 F7 BC FA 01 20 F7 F7 87 FA 42 F2 10 71 01 20 F7 F7 58 FA D1 4F 4F F0 FA 08 0A 26 A7 F8 08 80 00 25 42 F2 10 74 01 20 F7 F7 1F FA AD F8 00 00 01 20 F7 F7 1A FA BD F8 00 10 40 1A 80 B2 A0 42 F6 D3 68 1C C5 B2 B5 42 ED D3 DF F8 1C 93 00 20 99 F8 00 10 60 F3 00 01 89 F8 00 10 0A 26 05 46 01 20 F7 F7 02 FA AD F8 00 00 01 20 F7 F7 FD F9 BD F8 00 10 40 1A 80 B2,13.52315s,Vector SLP3,76 9E,,,
13.54950s,Vector SLP3,36 9F A0 42 F6 D3 68 1C C5 B2 B5 42 ED D3 99 F8 3C 00 20 F0 01 00 89 F8 3C 00 99 F8 38 00 20 F0 01 00 89 F8 38 00 99 F8 3C 00 89 F8 3C 00 99 F8 38 00 40 F0 01 00 89 F8 38 00 99 F8 3C 00 20 F0 02 00 89 F8 3C 00 99 F8 38 00 20 F0 02 00 89 F8 38 00 99 F8 3C 00 89 F8 3C 00 99 F8 38 00 40 F0 02 00 89 F8 38 00 99 F8 24 00 40 F0 04 00 89 F8 24 00 01 26 00 25 01 20 F7 F7 BC F9 AD F8 00 00 01 20,13.55402s,Vector SLP3,76 9F,,,
13.58046s,Vector SLP3,36 A0 F7 F7 B7 F9 BD F8 00 10 40 1A 80 B2 A0 42 F6 D3 68 1C C5 B2 B5 42 ED D3 FA F7 93 F8 F4 F7 81 FE F4 F7 F2 FE F4 F7 DF FE 00 28 14 BF 00 20 01 20 B8 70 01 20 78 70 8F 48 00 F0 97 FB 4F F4 7A 70 00 90 01 23 8C 4A 03 21 06 A8 00 F0 36 F9 00 24 8D F8 34 40 00 F0 B0 FC 8D F8 14 40 8D F8 08 40 03 94 04 94 8D F8 15 40 B8 78 84 4E 4F F0 02 09 56 F8 20 00 B0 F1 00 5F 24 BF 8D F8 14 90 8D F8,13.58488s,Vector SLP3,76 A0,,,
13.61118s,Vector SLP3,36 A1 15 40 6F F0 20 45 C0 F3 11 01 C0 F3 8A 40 40 EA C1 20 40 F0 80 4A 10 20 01 F0 1C FF C0 E9 00 45 C0 E9 02 A4 03 99 00 29 0E BF 03 90 04 99 08 60 04 90 9D F8 08 00 40 1C C0 B2 8D F8 08 00 B9 78 06 EB 81 01 89 69 B1 F1 00 5F 24 BF 8D F8 14 90 8D F8 15 00 C1 F3 11 00 C1 F3 8A 41 41 EA C0 20 40 F0 80 46 10 20 01 F0 F5 FE C0 E9 00 45 C0 E9 02 64 03 99 00 29 0E BF 03 90 04 99 08 60 04 90,13.61575s,Vector SLP3,76 A1,,,
13.64297s,Vector SLP3,36 A2 9D F8 08 00 02 AB 40 1C 8D F8 08 00 00 22 06 A9 56 48 FE F7 97 FD 78 61 00 28 1C BF 00 20 78 70 12 D0 00 BF A7 F8 0A 80 A7 F8 0C 80 7D 69 03 98 30 B1 03 98 04 68 01 F0 C4 FE 03 94 00 2C F8 D1 12 B0 28 46 BD E8 F0 87 01 20 78 70 47 48 FF F7 AD FB 4B 49 C0 F3 03 12 38 61 0A 70 00 F0 0F 00 48 70 DF E7 03 21 41 48 FF F7 AA BB 70 B5 3D 4C 00 25 B4 F9 08 00 00 28 14 DC E0 78 90 F0 01 00,13.64761s,Vector SLP3,76 A2,,,
13.67497s,Vector SLP3,36 A3 E0 70 1A D0 60 89 20 81 02 21 38 48 FE F7 54 FD 36 48 FE F7 4E FD 10 F0 02 0F 18 BF A5 80 20 D0 FE F7 73 FB A0 88 05 28 9F BF E0 88 05 28 00 20 70 BD A5 80 E5 80 01 20 70 BD A0 89 20 81 02 21 2A 48 FF F7 61 FB 29 48 FE F7 33 FD 10 F0 02 0F 08 BF E5 80 02 D0 E0 88 40 1C E0 80 FE F7 56 FB E0 E7 A0 88 40 1C A0 80 DA E7 20 48 FF F7 92 BD 10 B5 1C 4C 20 78 00 28 18 BF 10 BD 01 20 20 70,13.67948s,Vector SLP3,76 A3,,,
13.70674s,Vector SLP3,36 A4 01 46 1A 48 FF F7 5C FB 00 20 60 70 10 BD 15 49 00 20 08 70 70 47 1B 49 10 B5 18 48 D1 E9 00 23 C0 E9 00 23 D1 E9 02 23 C0 E9 02 23 D1 E9 04 23 C0 E9 04 23 D1 E9 06 23 C0 E9 06 23 D1 E9 08 23 C0 E9 08 23 D1 E9 0A 21 C0 E9 0A 21 FF 23 09 4A 13 21 30 30 FE F7 2B FB BD E8 10 40 0A 4A 0B 49 01 F0 F0 BB 64 04 00 18 50 0C 00 18 94 09 00 18 00 80 02 48 7C 04 00 18 20 A1 07 00 64 09 00 18,13.71134s,Vector SLP3,76 A4,,,
13.73877s,Vector SLP3,36 A5 72 04 00 18 F8 54 01 11 00 40 00 11 F7 2D 01 11 02 46 F8 48 81 10 09 2A 28 BF 70 47 DF E8 02 F0 05 07 06 09 09 0B 06 09 0B 00 F3 48 70 47 F3 48 70 47 F3 48 70 47 08 46 70 47 2D E9 F0 4F DF F8 B4 C3 DD F8 24 90 01 70 4F EA AC 04 09 29 10 D2 DF E8 01 F0 05 08 0F 0B 0B 0E 0F 0B 0E 00 DF F8 98 C3 06 E0 DF F8 94 C3 03 E0 DF F8 94 C3 00 E0 A4 46 C0 E9 01 C2 03 73 4F F0 00 0E 80 F8 0D E0,13.74321s,Vector SLP3,76 A5,,,
13.77040s,Vector SLP3,36 A6 80 F8 0E E0 80 F8 0F E0 A0 F8 10 E0 A0 F8 12 E0 80 F8 14 E0 80 F8 15 E0 80 F8 16 E0 80 F8 17 E0 80 F8 18 E0 80 F8 19 E0 01 21 81 76 03 21 C1 76 80 F8 1C E0 02 21 C1 83 0A 24 80 F8 20 40 80 F8 21 E0 10 24 80 F8 22 40 80 F8 23 10 80 F8 24 E0 80 F8 25 E0 1F 21 80 F8 26 10 80 F8 27 E0 05 21 01 85 14 21 80 F8 2A E0 80 F8 2B 10 01 2B 0B D0 02 FB 03 F8 BC FB F8 F1 26 01 30 27 04 24 B1 FB,13.77507s,Vector SLP3,76 A6,,,
13.80238s,Vector SLP3,36 A7 F4 F1 4F F0 FF 35 82 E0 01 26 4F F4 80 73 4F F0 FF 34 04 25 1E E0 0F 1F B7 F5 BF 7F 08 D2 02 FB 01 F7 07 FB 13 C7 BC 42 02 D3 3C 46 1E 46 0D 46 CF 1E B7 F5 BF 7F 0B D2 01 F1 01 08 02 FB 08 F7 5F 43 A7 EB 0C 07 BC 42 02 D3 3C 46 1E 46 45 46 5B 1E 08 D0 BC FB F2 F1 B1 FB F3 F1 B1 F5 C1 7F 01 D2 00 2B D7 D1 A7 49 A1 FB 05 31 8C 08 08 BF 01 24 02 D0 80 2C 88 BF 80 24 29 1B 49 1E B1 F5,13.80693s,Vector SLP3,76 A7,,,
13.83405s,Vector SLP3,36 A8 80 7F 04 D9 21 44 A1 F5 80 74 4F F4 80 71 06 82 41 82 05 FB 06 F1 04 75 51 43 44 75 8C 45 8C BF AC EB 01 02 A1 EB 0C 02 A1 FB 09 31 96 4D 00 24 A2 FB 05 C6 0E FB 05 65 02 FB 04 52 B3 EB 0C 03 91 41 6E D3 01 21 81 75 BD E8 F0 8F B1 F5 80 7F 16 D8 08 FB 04 FB 0B FB 11 CA AA 45 02 D8 55 46 0E 46 27 46 B1 F5 80 7F 0A D2 01 F1 01 0A 0B FB 0A FA AA EB 0C 0A 55 45 02 D3 55 46 4E 1C 27 46,13.83843s,Vector SLP3,76 A8,,,
13.86508s,Vector SLP3,36 A9 BC FB F8 F1 64 1C B1 FB F4 F1 30 2C 01 D8 00 29 DC D1 7C 4D A5 FB 07 41 89 08 08 BF 01 21 7C 1A 64 1E 20 2C 02 D9 21 44 20 24 20 39 06 FB 04 F8 B8 F1 3F 0F CC BF 4F F0 3F 08 4F FA 88 F8 80 F8 17 80 44 73 81 73 C1 73 03 FB 07 F4 A5 FB 04 31 89 08 08 BF 01 21 63 1A 5B 1E B3 F5 80 7F 04 D9 19 44 4F F4 80 73 A1 F5 80 71 06 82 43 82 01 75 41 75 04 FB 06 F1 51 43 8C 45 8C BF AC EB 01 02,13.86968s,Vector SLP3,76 A9,,,
13.89587s,Vector SLP3,36 AA A1 EB 0C 02 A1 FB 09 13 5F 4D 00 24 A2 FB 05 C6 0E FB 05 65 02 FB 04 52 B1 EB 0C 01 73 EB 02 01 90 D2 00 21 8F E7 41 8A 02 7D 11 44 42 68 00 8A 49 1C B2 FB F0 F0 B0 FB F1 F0 70 47 03 7B 01 8A 42 68 01 2B 08 D0 B2 FB F1 F1 43 7B 80 7B 18 44 40 1C B1 FB F0 F0 70 47 B2 FB F1 F1 43 8A 00 7D 18 44 40 1C B1 FB F0 F0 70 47 41 8A 02 7D 83 68 11 44 02 8A 49 1C 5A 43 40 68 51 43 81 42 0C BF,13.90054s,Vector SLP3,76 AA,,,
13.92786s,Vector SLP3,36 AB 01 20 00 20 70 47 02 8A 81 68 03 7B 4A 43 41 68 01 2B 0A D0 90 F8 0D C0 80 7B 60 44 40 1C 58 43 50 43 88 42 08 D1 01 20 70 47 43 8A 00 7D 18 44 40 1C 50 43 88 42 F6 D0 00 20 70 47 02 7B 01 2A 0C D0 41 7B 83 7B 19 44 43 8A 00 7D 49 1C 18 44 51 43 40 1C 81 42 1C BF 00 20 70 47 01 20 70 47 2A 49 08 5C 70 47 90 F8 25 30 28 49 90 F8 24 C0 00 22 CB 5C 03 FB 0C 23 90 F8 2A 20 90 F8 2B C0,13.93241s,Vector SLP3,76 AB,,,
13.95963s,Vector SLP3,36 AC 8A 5C 02 FB 0C 33 90 F8 21 20 90 F8 20 00 89 5C 01 FB 00 30 70 47 70 B5 41 8A 02 7D 03 8A 11 44 82 68 49 1C 5A 43 40 68 4A 43 90 42 8C BF 81 1A 11 1A 00 23 14 4C 9C 46 A1 FB 04 05 03 FB 04 53 01 FB 0C 31 00 23 01 F0 7E F9 70 BD 41 8A 00 7D 64 22 08 44 49 1C 51 43 40 1C B1 FB F0 F0 70 47 41 7B 80 7B 64 22 08 44 49 1C 51 43 40 1C B1 FB F0 F0 70 47 00 5A 62 02 00 09 3D 00 80 84 1E 00,13.96427s,Vector SLP3,76 AC,,,
13.99071s,Vector SLP3,36 AD 00 2D 31 01 CD CC CC CC 40 42 0F 00 28 55 01 11 70 B4 01 46 00 20 0A 8A 00 2A 08 BF 01 20 03 D0 B2 F5 80 7F 88 BF 02 20 B1 F8 12 C0 BC F1 02 0F 38 BF 40 F0 04 00 04 D3 BC F5 80 7F 88 BF 40 F0 08 00 0B 7D 00 2B 08 BF 40 F0 10 00 03 D0 80 2B 88 BF 40 F0 20 00 4A 7D 00 2A 08 BF 40 F0 40 00 03 D0 80 2A 88 BF 40 F0 80 00 62 45 88 BF 40 F4 80 70 9A 42 88 BF 40 F4 00 70 0D 7B 01 2D 04 BF,13.99514s,Vector SLP3,76 AD,,,
14.02160s,Vector SLP3,36 AE 70 BC 70 47 4C 7B 8A 7B 63 44 A6 18 76 1C 05 FB 06 FC 5B 1C 9C 45 18 BF 40 F4 80 60 02 2C 38 BF 40 F4 00 60 03 D3 20 2C 88 BF 40 F4 80 50 00 2A 08 BF 40 F4 00 50 03 D0 10 2A 88 BF 40 F4 80 40 C9 7B 00 29 08 BF 40 F4 00 40 03 D0 10 29 88 BF 40 F4 80 30 A1 42 88 BF 40 F4 00 30 91 42 88 BF 40 F4 80 20 70 BC 70 47 70 47 47 48 01 88 21 F0 01 01 01 80 4F F0 50 21 91 F8 7C 21 42 F0 04 02,14.02601s,Vector SLP3,76 AE,,,
14.05327s,Vector SLP3,36 AF 81 F8 7C 21 81 88 21 F4 00 41 81 80 81 88 21 F0 40 01 81 80 81 88 41 F0 20 01 81 80 81 88 41 F0 10 01 81 80 81 88 21 F0 0F 01 C9 1D 81 80 81 88 41 F4 80 41 81 80 03 21 01 82 81 88 41 F4 00 41 81 80 32 48 01 21 02 7B 61 F3 41 02 02 73 02 7B 61 F3 00 02 02 73 70 47 70 47 70 47 00 2B 08 BF 70 47 2D E9 F8 43 99 46 17 46 0C 46 05 46 FF F7 71 FB 00 28 08 BF BD E8 F8 83 00 2C 0C BF 95 F8,14.05789s,Vector SLP3,76 AF,,,
14.08531s,Vector SLP3,36 B0 14 80 14 F8 01 8B 4F F0 50 25 95 F8 7C 01 40 F0 04 00 85 F8 7C 01 1C 4E B0 89 30 89 68 F3 0F 00 30 81 14 F8 01 8B FE F7 2A F8 00 90 28 7B 10 F0 04 0F 05 D1 FE F7 23 F8 00 99 49 1C 88 42 F5 DB 95 F8 7C 01 40 F0 04 00 85 F8 7C 01 B0 89 A9 F1 01 09 07 F8 01 0B B9 F1 00 0F DE DC BD E8 F8 83 70 47 70 47 70 47 70 47 70 47 70 47 70 47 00 20 70 47 00 20 70 47 00 20 70 47 00 20 70 47 00 20,14.08975s,Vector SLP3,76 B0,,,
14.12997s,Vector SLP3,36 B1 70 47 00 20 70 47 70 47 00 60 02 48 00 80 02 48 FF 4A 10 B5 D3 69 00 21 00 2B 04 BF 01 20 10 BD FC 4A 92 F8 10 C0 84 45 06 D0 10 74 14 22 F9 49 18 46 FA F7 21 F9 01 46 08 46 10 BD 2D E9 F0 41 F4 F7 96 FA 01 20 FF F7 E3 FA F4 F7 8C FA 00 26 EF 4D F0 4C 01 27 B0 B1 F4 F7 90 FA 01 20 FF F7 D7 FA F4 F7 80 FA E8 B1 AE 70 E8 69 00 21 20 B3 22 7C 3A B3 21 74 14 22 E6 49 FA F7 FD F8 04 46,14.13456s,Vector SLP3,76 B1,,,
14.16192s,Vector SLP3,36 B2 F4 F7 76 FA 0C E0 AE 70 E8 69 01 21 B8 B1 22 7C 01 2A 19 D0 21 74 14 22 DE 49 FA F7 ED F8 04 46 94 B1 0C E0 AF 70 20 7C 00 28 18 BF 01 28 09 D0 E8 69 4F F0 00 01 00 28 DC D1 F4 F7 59 FA 01 20 BD E8 F0 81 F4 F7 54 FA FF F7 C7 FA 00 20 BD E8 F0 81 2D E9 F0 41 F4 F7 4B FA 01 20 FF F7 98 FA F4 F7 41 FA 01 26 CA 4C CA 4F 00 25 00 28 04 BF A5 70 3E 74 0D D0 F4 F7 41 FA 01 20 FF F7 88 FA,14.16642s,Vector SLP3,76 B2,,,
14.19357s,Vector SLP3,36 B3 F4 F7 31 FA 00 28 0C BF A6 70 A5 70 F4 F7 30 FA 3D 74 BD E8 F0 41 FF F7 A0 BA BD 48 C0 69 00 28 04 BF 01 20 70 47 10 B5 14 22 BA 49 FA F7 1E F8 01 28 18 BF 00 20 10 BD 2D E9 F0 41 B4 4C 01 26 00 25 E0 69 01 7B FF 29 0C D0 18 B1 14 22 B1 49 FA F7 0C F8 FF F7 72 FF 00 28 0C BF E5 70 E6 70 BD E8 F0 81 F4 F7 04 FA 01 20 FF F7 51 FA F4 F7 FA F9 A8 4F 00 28 04 BF A5 70 3E 74 0D D0 F4 F7,14.19791s,Vector SLP3,76 B3,,,
14.22465s,Vector SLP3,36 B4 FD F9 01 20 FF F7 44 FA F4 F7 ED F9 00 28 0C BF A6 70 A5 70 F4 F7 EC F9 3D 74 FF F7 5E FA E5 70 BD E8 F0 81 9A 49 00 20 08 70 FF F7 F0 BB 70 B5 FF F7 5C FA 98 4E 01 24 06 EB 80 00 08 25 81 68 96 48 01 60 04 71 44 71 C5 71 FF F7 4F FA 06 EB 80 00 01 69 92 48 01 60 04 71 44 71 C5 71 FF F7 45 FA 06 EB 80 00 01 6A 8E 48 01 60 04 71 44 71 C5 71 FF F7 3B FA 06 EB 80 00 81 6A 8A 48 01 60,14.22915s,Vector SLP3,76 B4,,,
14.25630s,Vector SLP3,36 B5 04 71 44 71 C5 71 D8 30 4F F4 A0 61 01 60 04 71 44 71 7F 4C C5 71 00 25 25 72 E5 71 25 70 FF F7 B6 FB 4F F6 FF 70 20 83 00 F0 E5 FA E0 78 01 28 06 D1 F6 F7 58 FD 41 F2 94 10 60 82 F6 F7 5B FD 65 83 70 BD 72 48 40 8A 70 47 71 48 80 8A 70 47 6F 48 C0 8A 70 47 6E 48 00 78 70 47 6C 48 40 78 70 47 6B 48 80 78 70 47 69 48 00 79 70 47 68 48 41 89 49 1C 41 81 01 21 01 70 70 47 64 48 00 8B,14.26101s,Vector SLP3,76 B5,,,
14.28809s,Vector SLP3,36 B6 70 47 F8 B5 05 46 00 7A 10 F0 10 0F 36 D0 F5 F7 BC FE 66 4C 32 30 20 72 F5 F7 F0 FF 32 30 60 72 F2 F7 63 FE 00 EB 80 00 C0 F3 55 20 01 F0 40 F8 5F 49 00 F0 9E FF 01 F0 40 F8 A0 72 68 46 F9 F7 3C FA F8 F7 D9 FE 00 EB 80 00 40 F3 CF 16 F3 F7 B0 FA 00 28 08 BF 00 26 02 D0 FC 2E 88 BF FC 26 E6 72 9D F8 00 00 20 73 9D F8 01 00 60 73 51 48 4E 49 00 78 A0 73 50 48 FE F7 D2 FD 28 7A 44 4E,14.29249s,Vector SLP3,76 B6,,,
14.31900s,Vector SLP3,36 B7 10 F0 01 00 41 F6 FC 71 F0 71 08 BF 00 24 12 D0 EA 7A A8 7A 4F F4 F8 53 03 EA 02 22 14 18 8C 42 07 D8 44 B1 64 2C AA BF 41 F2 94 10 64 24 84 42 01 DD 41 F2 94 14 28 7B 46 F2 67 61 C0 01 48 43 45 0C 08 BF 4F F6 FF 75 0A D0 B5 F5 C0 7F 38 BF 4F F4 C0 75 04 D3 B5 F5 70 6F 88 BF 4F F4 70 65 F6 F7 C1 FC 74 82 35 83 F6 F7 C5 FC F8 BD 70 B5 27 4C 00 20 60 71 F4 F7 CC FE 30 4D 00 28 02 BF,14.32336s,Vector SLP3,76 B7,,,
14.34992s,Vector SLP3,36 B8 28 88 10 F0 20 0F 10 F0 80 0F 03 D0 60 79 40 F0 08 00 60 71 F5 F7 EE F8 00 28 02 BF 28 78 10 F0 10 0F 70 BD 60 79 40 F0 01 00 60 71 70 BD 00 B5 83 B0 FF 21 8D F8 07 10 8D F8 06 10 9D F8 05 10 00 22 21 F0 01 01 8D F8 05 10 68 B1 41 F2 9A 50 AD F8 02 00 9D F8 04 00 20 F0 FF 00 08 30 8D F8 04 00 41 F0 FE 00 09 E0 9D F8 04 00 AD F8 02 20 20 F0 FF 00 8D F8 04 00 21 F0 FE 00 8D F8 00 20,14.35460s,Vector SLP3,76 B8,,,
14.38101s,Vector SLP3,36 B9 8D F8 01 20 8D F8 05 00 0D 49 0D F1 FF 32 19 E0 98 04 00 18 50 0C 00 18 20 0C 00 18 E0 09 00 18 28 0A 00 18 B8 0A 00 18 70 0A 00 18 48 0B 00 18 00 00 8C C2 13 02 00 18 94 09 00 18 4E 01 00 18 77 0A 00 18 04 20 53 78 4B 70 12 F8 02 3F 01 F8 02 3F 40 1E F7 D1 D9 49 D9 48 FE F7 21 FD 03 B0 00 BD 10 B5 D6 48 FE F7 C8 FD D6 4C 20 62 28 B1 64 21 08 46 FF F7 E7 F8 60 8B 40 1C 60 83 10 BD,14.38547s,Vector SLP3,76 B9,,,
14.41173s,Vector SLP3,36 BA 2D E9 F0 41 CE 48 FE F7 D5 FD 07 28 07 BF 40 F2 DC 51 08 46 FA 21 08 46 FF F7 D5 F8 C8 48 FE F7 16 FE C8 4C 01 27 00 25 A0 89 46 28 2F BF 67 70 40 1C A0 81 65 70 E0 78 01 28 08 BF BD E8 F0 81 C1 49 BF 48 FE F7 23 FD 08 B3 FF F7 CF F8 BF 4E DF F8 F4 82 06 EB 80 00 80 69 D8 F8 00 10 88 42 03 D1 40 46 00 F0 27 FA 11 E0 FF F7 BF F8 56 F8 20 00 D8 F8 00 10 88 42 09 D1 A0 78 18 B1 E0 69,14.41633s,Vector SLP3,76 BA,,,
14.44267s,Vector SLP3,36 BB 00 7B FF 28 00 D1 A5 81 AF 48 FF F7 BA FE 00 F0 91 F9 65 71 F4 F7 FD FD AD 4E 00 28 02 BF 30 88 10 F0 20 0F 10 F0 80 0F 03 D0 60 79 40 F0 08 00 60 71 F5 F7 1F F8 00 28 04 BF 30 78 10 F0 10 0F 03 D0 60 79 40 F0 01 00 60 71 60 79 A1 79 88 42 07 D0 21 7A 29 B9 A0 71 21 8A 49 B1 FF F7 27 FF 27 72 B4 F9 10 00 00 28 C4 BF 40 1E 20 82 05 DC 63 20 20 82 60 79 FF F7 1A FF 25 72 B4 F9 0E 00,14.44720s,Vector SLP3,76 BB,,,
14.47348s,Vector SLP3,36 BC 00 28 1E BF 40 1E E0 81 BD E8 F0 81 14 20 E0 81 F3 F7 37 F9 8F 4D 28 72 C0 F3 04 20 68 72 E0 79 60 72 F4 F7 C4 FD 01 28 0C BF 02 20 60 7A 60 72 A8 72 F3 F7 5B F9 00 F0 B2 FE 87 49 00 F0 71 FE 00 F0 BB FE 07 B2 F3 F7 34 F9 00 28 04 BF 00 27 A8 7A 07 D0 A8 7A 00 2F B8 BF 00 27 02 DB 3C 2F 88 BF 3C 27 27 F0 40 41 40 EA 81 00 A8 72 F8 F7 5D FD 00 EB 80 00 C7 09 F3 F7 1B F9 00 28 08 BF,14.47806s,Vector SLP3,76 BC,,,
14.50443s,Vector SLP3,36 BD 00 27 02 D0 FC 2F 88 BF FC 27 EF 72 F4 F7 46 FC 32 30 00 B2 FE 28 88 BF FE 20 28 73 F5 F7 9D FF 00 EB 80 00 C0 F3 55 20 00 F0 82 FE 6B 49 00 F0 E0 FD 00 F0 82 FE 00 B2 FF 28 88 BF FF 20 68 73 30 78 C0 F3 40 11 C0 F3 C0 12 41 EA 42 01 C0 F3 00 10 41 EA 80 06 F8 F7 FD FC 08 21 01 EA C0 00 06 43 F4 F7 56 FD 10 21 01 EA 00 10 06 43 F4 F7 81 FF 20 21 01 EA 40 10 A1 78 40 22 30 43 02 EA,14.50893s,Vector SLP3,76 BD,,,
14.53610s,Vector SLP3,36 BE 81 11 08 43 A8 73 2E 20 E8 73 52 49 4C 48 FE F7 07 FC F5 F7 D6 FC 52 49 32 30 08 72 48 48 FE F7 FF FB E0 89 40 1E E0 81 BD E8 F0 81 49 49 00 20 03 22 08 60 08 71 4A 71 88 71 C8 71 88 60 C8 60 08 61 48 61 88 61 C8 61 08 62 48 62 88 62 C8 62 08 63 48 63 88 63 C8 63 08 64 48 64 48 31 08 60 08 71 4A 71 88 71 C8 71 88 60 C8 60 08 61 48 61 88 61 C8 61 08 62 48 62 88 62 C8 62 08 63 48 63,14.54078s,Vector SLP3,76 BE,,,
14.56810s,Vector SLP3,36 BF 88 63 C8 63 08 64 48 64 48 31 08 60 08 71 4A 71 88 71 C8 71 88 60 C8 60 08 61 48 61 88 61 C8 61 08 62 48 62 88 62 C8 62 08 63 48 63 88 63 C8 63 08 64 48 64 48 31 08 60 08 71 4A 71 88 71 C8 71 88 60 C8 60 08 61 48 61 88 61 C8 61 08 62 48 62 88 62 C8 62 08 63 48 63 88 63 C8 63 08 64 48 64 48 31 08 60 08 71 4A 71 88 71 C8 71 88 60 C8 60 08 61 48 61 88 61 C8 61 08 62 48 62 88 62 C8 62,14.57264s,Vector SLP3,76 BF,,,
14.59998s,Vector SLP3,36 C0 08 63 48 63 88 63 C8 63 08 64 48 64 48 31 08 60 08 71 4A 71 88 71 C8 71 88 60 C8 60 08 61 48 61 88 61 C8 61 08 62 48 62 88 62 C8 62 08 63 48 63 88 63 C8 63 08 64 48 64 70 47 00 00 70 0A 00 18 94 09 00 18 98 04 00 18 00 0B 00 18 20 0C 00 18 4E 01 00 18 E0 09 00 18 CD CC CC 3D 00 00 8C C2 28 0A 00 18 10 B5 F8 F7 5D FC F4 F7 13 FC BD E8 10 40 F4 F7 B3 BC 10 B5 FA 4C 00 20 20 70 60 70,14.60449s,Vector SLP3,76 C0,,,
14.63158s,Vector SLP3,36 C1 FE F7 34 FF F8 49 01 EB 80 00 01 6A F7 48 01 60 01 21 01 71 41 71 08 22 C2 71 F5 48 A0 60 4F F4 7A 70 A0 80 A1 70 10 BD EE 49 4A 78 01 2A 08 BF 48 70 70 47 2D E9 F0 47 EA 48 94 B0 00 24 01 78 39 B1 81 88 00 29 06 BF 04 70 4F F4 7A 71 49 1E 81 80 42 78 01 21 3A B1 01 2A 12 BF 02 2A 14 B0 BD E8 F0 87 04 2A 03 D0 41 70 14 B0 BD E8 F0 87 F2 F7 A8 FF 01 28 1C BF 14 B0 BD E8 F0 87 4F F6,14.63598s,Vector SLP3,76 C1,,,
14.66258s,Vector SLP3,36 C2 A6 00 AD F8 48 00 12 AA 04 21 DA 48 FA F7 6D FA 00 28 46 D0 03 23 8D F8 04 40 8D F8 05 30 00 27 8D F8 06 40 00 94 8D F8 07 40 02 94 03 94 04 94 05 94 06 94 07 94 08 94 09 94 0A 94 0B 94 0C 94 CD 4A 4F F0 7F 0A 4F F0 31 09 4F F0 01 08 3E 46 3D 46 BC 46 0D 94 0E 94 0F 94 10 94 24 20 0D F1 FF 31 11 94 54 78 4C 70 12 F8 02 4F 01 F8 02 4F 40 1E F7 D1 8D F8 08 30 8D F8 0C 70 8D F8 09 A0,14.66721s,Vector SLP3,76 C2,,,
14.69334s,Vector SLP3,36 C3 8D F8 0D 60 8D F8 0A 90 8D F8 0E 50 8D F8 0B 80 8D F8 0F C0 69 46 B9 48 FE F7 C2 FA 14 B0 BD E8 F0 87 FE F7 DF FF 0A 20 FE F7 72 FE FA F7 F3 F9 14 B0 BD E8 F0 87 2D E9 F0 4F AA 4F 85 B0 4F F4 7A 79 06 46 A7 F8 04 90 38 78 00 28 1C BF 05 B0 BD E8 F0 8F 30 7A 00 09 F8 70 01 28 06 D1 31 18 40 1C 4A 7A C0 B2 0A 72 07 28 F8 D3 9F 4C 72 7A 04 F1 09 01 62 72 06 F1 09 00 4F F0 01 08 02 22,14.69770s,Vector SLP3,76 C3,,,
14.72431s,Vector SLP3,36 C4 90 F8 01 C0 81 F8 01 C0 10 F8 02 CF 01 F8 02 CF 52 1E F5 D1 60 7A 4F F0 7F 0A 40 30 60 72 B0 7A 4F F0 64 0B 60 F3 0F 23 F0 7A 60 F3 07 03 30 7B 8D F8 04 00 70 7B 8D F8 05 00 71 7A 12 20 27 29 00 F0 7F 81 0A DC 10 29 12 D0 11 29 25 D0 22 29 39 D0 00 BF 84 F8 09 A0 00 F0 53 BA 2E 29 00 F0 17 82 37 29 14 BF 3E 29 02 25 00 F0 36 82 F1 E7 4F F0 03 01 E1 72 4F F0 78 01 21 73 4F F0 00 01,14.72895s,Vector SLP3,76 C4,,,
14.75605s,Vector SLP3,36 C5 61 73 84 F8 0E B0 B1 7A 01 29 1A BF 02 29 03 29 06 25 40 F0 52 81 00 F0 20 BA B8 78 01 28 0C D0 02 25 25 72 71 49 75 48 FE F7 3A FA 0A 20 FE F7 EF FD FA F7 70 F9 00 F0 10 BA 03 25 84 F8 09 A0 33 20 00 F0 E3 B9 99 B2 4F F2 A3 13 CA 1A 99 42 7E D0 1B DC 4F F2 95 13 A1 EB 03 02 99 42 78 D0 0D DC B1 F5 71 4F 24 D0 01 F5 68 61 B1 F5 80 31 4F D0 0B 29 2D D0 0C 29 3B D0 00 F0 1E B9 0B 2A,14.76042s,Vector SLP3,76 C5,,,
14.78812s,Vector SLP3,36 C6 56 D0 0C 2A 6B D0 0D 2A 6D D0 16 E1 05 2A 75 D0 06 DC 01 2A 73 D0 02 2A 72 D0 03 2A 71 D0 0C E1 A2 F5 00 61 5E 39 6D D0 01 29 6C D0 02 29 6B D0 03 E1 B9 68 07 25 CA 1C 04 F1 0B 01 02 20 53 78 4B 70 12 F8 02 3F 01 F8 02 3F 40 1E F7 D1 00 F0 C4 B9 B8 68 07 25 02 21 04 F1 0B 02 C0 1D 49 1E 43 78 53 70 10 F8 02 3F 02 F8 02 3F F7 D1 00 F0 B4 B9 B8 68 07 25 42 1E 04 F1 0B 01 02 20 53 78,14.79266s,Vector SLP3,76 C6,,,
14.81891s,Vector SLP3,36 C7 4B 70 12 F8 02 3F 01 F8 02 3F 40 1E F7 D1 00 F0 A4 B9 07 25 3A 4A 04 F1 0B 01 02 20 53 78 4B 70 12 F8 02 3F 01 F8 02 3F 40 1E F7 D1 00 F0 95 B9 07 25 F8 F7 FE FD 02 90 04 F1 0B 01 0D F1 07 02 02 20 53 78 4B 70 12 F8 02 3F 01 F8 02 3F 02 E0 1B E0 6E E0 03 E0 40 1E F3 D1 00 F0 7E B9 29 48 04 25 00 78 1C E0 05 25 F2 F7 4B FE AD F8 04 00 9D F8 04 00 20 73 9D F8 05 00 58 E0 48 E0 0B E0,14.82352s,Vector SLP3,76 C7,,,
14.84987s,Vector SLP3,36 C8 11 E0 20 E0 63 E0 74 E0 85 E0 04 25 F4 F7 86 F9 32 30 20 73 00 F0 61 B9 04 25 F5 F7 52 FA 32 30 20 73 00 F0 5A B9 04 25 F2 F7 60 FE 00 F0 B7 FB 15 49 00 F0 76 FB 00 F0 C0 FB 00 B2 00 F0 AF FB 00 F0 D4 FB EC E7 04 25 F5 F7 C7 FC 00 EB 80 00 C0 F3 55 20 00 F0 AC FB 0C 49 00 F0 0A FB 00 F0 AC FB DD E7 BC 04 00 18 20 0C 00 18 90 0B 00 18 00 EE 01 11 FC EC 01 11 8F 0B 00 18 94 09 00 18,14.85439s,Vector SLP3,76 C8,,,
14.88074s,Vector SLP3,36 C9 EF 00 00 11 A1 04 00 18 CD CC CC 3D 00 00 8C C2 05 25 F8 F7 8E FD B0 FB F9 F0 4F F4 61 61 B0 FB F1 F0 02 90 9D F8 08 00 20 73 9D F8 09 00 60 73 13 E1 07 25 BD 4A 04 F1 0B 01 02 20 53 78 4B 70 12 F8 02 3F 01 F8 02 3F 40 1E F7 D1 05 E1 05 25 01 A8 F2 F7 AF FD 0D F1 03 02 04 F1 0B 01 01 20 53 78 4B 70 12 F8 02 3F 01 F8 02 3F 40 1E F7 D1 F3 E0 05 25 01 A8 F2 F7 A1 FD 04 F1 0B 01 0D F1,14.88525s,Vector SLP3,76 C9,,,
14.91154s,Vector SLP3,36 CA 03 02 01 20 53 78 4B 70 12 F8 02 3F 01 F8 02 3F 40 1E F7 D1 E1 E0 05 25 01 A8 F3 F7 F0 FF 04 F1 0B 01 0D F1 03 02 01 20 53 78 4B 70 12 F8 02 3F 01 F8 02 3F 40 1E F7 D1 CF E0 03 25 84 F8 09 A0 A4 E0 B1 7A DF F8 68 92 01 29 66 D0 02 29 F4 D1 F0 7A 8D F8 0C 00 30 7B 8D F8 0D 00 70 7B 8D F8 0E 00 B0 7B 8D F8 0F 00 92 A0 03 AA 01 68 D9 F8 00 00 00 90 23 20 01 F0 FF 0B C1 F3 07 29 C1 F3,14.91610s,Vector SLP3,76 CA,,,
14.94344s,Vector SLP3,36 CB 07 45 4F EA 11 6C 00 BF 9D F8 03 10 5F EA D1 1E 4F EA 41 61 4F EA 11 63 8D F8 03 30 9D F8 02 E0 4F EA DE 11 14 BF 08 EB 4E 0E 4F EA 4E 0E 8D F8 02 E0 9D F8 01 E0 00 29 4F EA DE 11 14 BF 08 EB 4E 0E 4F EA 4E 0E 8D F8 01 E0 9D F8 00 E0 00 29 4F EA DE 11 14 BF 08 EB 4E 0E 4F EA 4E 0E 8D F8 00 E0 A1 B1 0E F0 FF 01 81 EA 0B 01 8D F8 00 10 9D F8 01 10 81 EA 09 01 8D F8 01 10 9D F8 02 10,14.94796s,Vector SLP3,76 CB,,,
14.97539s,Vector SLP3,36 CC 69 40 8D F8 02 10 83 EA 0C 01 8D F8 03 10 40 1E 00 28 B9 DC 00 20 6B 46 1A E0 06 25 F8 F7 C9 FC 4F EA 00 5A F8 F7 C5 FC 40 EA 0A 00 C9 F8 00 00 99 F8 00 00 E0 72 99 F8 01 00 20 73 99 F8 02 00 60 73 99 F8 03 00 A0 73 47 E0 40 1C 04 28 0F DA 00 F0 FF 0C 19 5C 12 F8 0C C0 61 45 F5 D0 04 28 06 DA 87 F8 02 80 03 25 84 F8 09 A0 35 20 0D E0 00 20 B8 70 F8 F7 56 F9 F4 F7 0C F9 F4 F7 AE F9,14.97982s,Vector SLP3,76 CC,,,
15.00730s,Vector SLP3,36 CD 04 20 78 70 03 25 84 F8 09 A0 78 20 E0 72 38 E0 99 B2 03 25 01 F6 A6 61 B1 F5 80 31 1D D0 A1 F5 00 61 A7 39 08 D0 01 29 0C D0 02 29 1C BF 84 F8 09 A0 E0 72 0C D0 24 E0 02 25 BD F8 04 00 F2 F7 B3 FC 0A E0 02 25 BD F8 04 00 F2 F7 B0 FC 04 E0 02 25 BD F8 04 00 F3 F7 0F FF 60 7A 7F 28 10 D0 F8 78 01 28 18 BF 25 72 0F D0 00 2D 04 BF 05 B0 BD E8 F0 8F 30 49 31 48 FE F7 12 F8 05 B0 BD E8,15.01168s,Vector SLP3,76 CD,,,
15.03881s,Vector SLP3,36 CE F0 8F 25 72 70 7A A0 72 EF E7 30 20 20 72 84 F8 09 B0 84 F8 0A 80 ED E7 27 48 00 21 03 22 01 60 01 71 42 71 81 71 C1 71 81 60 C1 60 01 61 41 61 81 61 C1 61 01 62 41 62 81 62 C1 62 01 63 41 63 81 63 C1 63 01 64 41 64 48 30 01 60 01 71 42 71 81 71 C1 71 81 60 C1 60 01 61 41 61 81 61 C1 61 01 62 41 62 81 62 C1 62 01 63 41 63 81 63 C1 63 01 64 41 64 12 49 48 30 D1 E9 00 23 C0 E9 00 23,15.04316s,Vector SLP3,76 CE,,,
15.06982s,Vector SLP3,36 CF D1 E9 02 23 C0 E9 02 23 D1 E9 04 23 C0 E9 04 23 D1 E9 06 23 C0 E9 06 23 D1 E9 08 23 C0 E9 08 23 D1 E9 0A 21 C0 E9 0A 21 70 47 00 00 E3 00 00 18 C8 04 00 18 31 CB 91 67 90 0B 00 18 94 09 00 18 34 55 01 11 10 B4 4F F0 00 0C 01 2B 0D D9 00 BF 31 F9 12 40 84 42 CC BF 13 46 94 46 03 EB 0C 02 52 08 A3 EB 0C 04 01 2C F2 D8 10 BC 0C F0 FF 00 70 47 2D E9 F0 03 90 F8 00 C0 44 78 06 9F 04 FB,15.07440s,Vector SLP3,76 CF,,,
15.10059s,Vector SLP3,36 D0 03 C0 3E 68 04 FB 03 C5 32 F9 10 00 B4 45 0C D0 02 EB 45 08 B1 F9 00 90 B8 F9 02 80 A8 EB 00 08 08 FB 09 F8 00 EB E8 10 00 B2 7F 68 BC 42 04 BF BD E8 F0 03 70 47 2B 44 B4 45 08 BF 32 F9 13 20 0E D0 02 EB 43 0C 32 F9 13 20 BC F9 02 C0 AC EB 02 03 B1 F9 00 C0 03 FB 0C F3 02 EB E3 12 12 B2 B1 F9 02 10 BD E8 F0 03 12 1A 51 43 00 EB E1 10 00 B2 70 47 2D E9 F0 03 90 F8 00 C0 44 78 06 9F,15.10527s,Vector SLP3,76 D0,,,
15.13137s,Vector SLP3,36 D1 04 FB 03 C0 3E 68 04 FB 03 C5 32 F9 10 00 B4 45 0C D0 02 EB 45 08 B1 F9 00 90 B8 F9 02 80 A8 EB 00 08 08 FB 09 F8 00 EB E8 10 00 B2 7F 68 BC 42 04 BF BD E8 F0 03 70 47 2B 44 B4 45 08 BF 32 F9 13 20 0E D0 02 EB 43 0C 32 F9 13 20 BC F9 02 C0 AC EB 02 03 B1 F9 00 C0 03 FB 0C F3 02 EB E3 12 12 B2 B1 F9 02 10 BD E8 F0 03 12 1A 51 43 00 EB E1 10 00 B2 70 47 70 B5 06 46 0C 46 B1 F9 00 00,15.13575s,Vector SLP3,76 D1,,,
15.16234s,Vector SLP3,36 D2 00 21 1D 46 B0 42 A8 BF 00 20 1A DA 34 F9 12 00 86 42 A8 BF D0 B2 14 DA 50 08 13 46 02 46 21 46 30 46 FF F7 4F FF 34 F8 10 10 04 EB 40 03 72 1A 12 04 5B 88 52 0A 59 1A 89 B2 B2 FB F1 F1 29 80 70 BD 19 80 70 BD 2D E9 F0 5F 05 46 00 20 92 46 9B 46 88 46 06 46 81 46 40 24 1B E0 28 46 41 46 47 46 22 46 00 F0 7D F9 53 46 5A 46 C0 1A 91 41 10 D3 11 46 18 46 22 46 00 F0 64 F9 2D 1A 67 EB,15.16699s,Vector SLP3,76 D2,,,
15.19314s,Vector SLP3,36 D3 01 08 4F 46 22 46 01 20 00 21 00 F0 5B F9 17 EB 00 09 4E 41 20 1E A4 F1 01 04 DF DC 48 46 31 46 2A 46 43 46 BD E8 F0 9F 40 EA 01 03 9B 07 03 D0 09 E0 08 C9 12 1F 08 C0 04 2A FA D2 03 E0 11 F8 01 3B 00 F8 01 3B 52 1E F9 D2 70 47 D2 B2 01 E0 00 F8 01 2B 49 1E FB D2 70 47 00 22 F6 E7 10 B5 13 46 0A 46 04 46 19 46 FF F7 F0 FF 20 46 10 BD 42 1E 12 F8 01 3F 00 2B FB D1 11 F8 01 3B 02 F8,15.19785s,Vector SLP3,76 D3,,,
15.22508s,Vector SLP3,36 D4 01 3B 00 2B F9 D1 70 47 10 B5 00 22 00 E0 52 1C 83 5C 8C 5C A3 42 01 D1 00 2B F8 D1 D8 B2 E1 B2 40 1A 10 BD 70 B5 05 4C 05 4D 03 E0 20 68 20 44 80 47 24 1D AC 42 F9 D1 70 BD 00 00 88 55 01 11 94 55 01 11 2D E9 F0 41 07 46 15 46 0E 46 10 20 00 F0 AE FA 04 00 0A D0 67 60 C4 E9 02 65 00 F0 11 F9 01 68 21 60 04 60 00 20 BD E8 F0 81 01 20 FB E7 F0 B4 80 EA 01 02 D4 0F 42 00 B2 EB 41 0F,15.22970s,Vector SLP3,76 D4,,,
15.25590s,Vector SLP3,36 D5 02 D2 02 46 08 46 11 46 4A 00 42 D0 C3 0D DD B2 C1 F3 C7 52 AD 1A 20 2D 35 DA C1 F3 16 01 41 F4 00 02 04 B1 52 42 C5 F1 20 06 02 FA 06 F1 2A 41 10 44 B3 EB D0 5F 23 D0 C4 B1 01 2D A0 EB C3 50 09 DC F0 BC 4F F0 00 42 02 EA C3 52 DB B2 00 F5 00 00 00 F0 0F B9 40 00 00 F1 80 70 00 EB C3 50 A0 F1 80 70 40 EA D1 70 49 00 09 E0 49 08 41 EA C0 71 A0 EB C3 50 00 F5 00 00 40 08 00 EB C3 50,15.26056s,Vector SLP3,76 D5,,,
15.28700s,Vector SLP3,36 D6 F0 BC 00 F0 EE B8 61 42 01 22 02 EB 41 01 00 1B F6 E7 F0 BC 70 47 81 F0 00 41 AA E7 80 F0 00 40 A7 E7 80 EA 01 02 10 B5 02 F0 00 43 40 00 22 D0 4A 00 1F D0 01 0E 01 EB 12 61 C0 F3 56 00 C2 F3 56 02 40 F4 00 00 42 F4 00 02 A0 FB 02 20 00 04 7F 39 14 04 00 D0 40 1C 50 EA 12 40 01 D4 40 00 49 1E C2 B2 0C 06 04 EB D0 10 40 1C 40 08 80 2A 02 D0 03 E0 00 20 10 BD 20 F0 01 00 00 29 00 DA,15.29142s,Vector SLP3,76 D6,,,
15.31878s,Vector SLP3,36 D7 00 20 18 43 10 BD 42 00 05 D0 C0 F3 C7 52 52 42 91 42 01 DC 00 20 70 47 00 EB C1 50 70 47 C1 0F 80 EA E0 70 08 44 CA 07 96 23 00 21 00 F0 A2 B8 96 23 00 22 11 46 00 F0 9D B8 00 F0 00 42 20 F0 00 40 C1 0D C0 F3 16 00 40 F4 00 00 7F 29 01 DA 00 20 70 47 96 29 03 DC C1 F1 96 01 C8 40 01 E0 96 39 88 40 00 2A F4 D0 40 42 70 47 20 F0 00 40 C1 0D C0 F3 16 00 40 F4 00 00 7F 29 01 DA 00 20,15.32327s,Vector SLP3,76 D7,,,
15.34943s,Vector SLP3,36 D8 70 47 96 29 03 DC C1 F1 96 01 C8 40 70 47 96 39 88 40 70 47 00 F0 9C B8 30 B5 0B 46 01 46 00 20 20 22 01 24 09 E0 21 FA 02 F5 9D 42 05 D3 03 FA 02 F5 49 1B 04 FA 02 F5 28 44 15 1E A2 F1 01 02 F1 DC 30 BD 20 2A 04 DB 20 3A 00 FA 02 F1 00 20 70 47 91 40 C2 F1 20 03 20 FA 03 F3 19 43 90 40 70 47 20 2A 04 DB 20 3A 21 FA 02 F0 00 21 70 47 21 FA 02 F3 D0 40 C2 F1 20 02 91 40 08 43 19 46,15.35413s,Vector SLP3,76 D8,,,
15.38048s,Vector SLP3,36 D9 70 47 B6 B6 00 48 70 47 CC 04 00 18 03 48 70 47 02 48 00 1D 01 1F 88 60 00 1D 70 47 D0 04 00 18 2D E9 F0 41 06 46 FF F7 ED FF 80 46 45 46 13 E0 16 B1 E0 68 B0 42 0E D1 20 68 28 60 D4 E9 01 01 D8 F8 00 70 88 47 20 46 00 F0 4A F9 D8 F8 00 00 B8 42 EB D1 00 E0 25 46 2C 68 00 2C E8 D1 BD E8 F0 81 00 29 A8 BF 70 47 40 1C 49 00 08 BF 20 F0 01 00 70 47 10 B4 B0 FA 80 FC 00 FA 0C F0 50 EA,15.38499s,Vector SLP3,76 D9,,,
15.41201s,Vector SLP3,36 DA 01 04 04 BF 10 BC 70 47 49 B1 CC F1 20 04 21 FA 04 F4 11 FA 0C F1 18 BF 01 21 21 43 08 43 A3 EB 0C 01 CB 1D 4F EA 00 61 4F EA 10 20 42 BF 00 20 10 BC 70 47 00 EB C3 50 10 44 00 29 A4 BF 10 BC 70 47 40 1C 49 00 08 BF 20 F0 01 00 10 BC 70 47 10 B5 00 F0 22 F8 01 69 19 B1 00 22 02 61 88 47 01 E0 80 68 80 47 AF F3 00 80 B6 B6 06 4C 07 4D 06 E0 E0 68 40 F0 01 03 94 E8 07 00 98 47 10 34,15.41647s,Vector SLP3,76 DA,,,
15.44306s,Vector SLP3,36 DB AC 42 F6 D3 F1 F7 C0 F9 64 55 01 11 84 55 01 11 70 47 B6 B6 10 B5 AF F3 00 80 70 B5 FF F7 78 FF 04 68 05 46 A4 B9 20 20 00 F0 02 F9 04 00 11 D0 09 49 00 20 2C 60 C4 E9 00 01 08 49 A1 60 20 73 20 61 60 61 06 49 A0 61 09 B1 00 F0 0B F8 E0 61 20 46 70 BD AF F3 00 80 00 00 00 00 15 2D 01 11 00 00 00 00 10 B5 88 20 00 F0 E2 F8 00 28 01 D0 00 21 01 70 10 BD 80 29 02 D8 08 B1 01 78 09 B1,15.44770s,Vector SLP3,76 DB,,,
15.47486s,Vector SLP3,36 DC 00 20 70 47 01 21 00 F8 08 1B 70 47 18 B1 00 F1 08 02 91 42 01 D0 00 20 70 47 00 21 01 70 70 47 70 B5 8C 18 10 F8 01 5B 15 F0 07 03 01 D1 10 F8 01 3B 2A 11 06 D1 10 F8 01 2B 03 E0 10 F8 01 6B 01 F8 01 6B 5B 1E F9 D1 2B 07 05 D4 00 23 52 1E 0D D4 01 F8 01 3B FA E7 10 F8 01 3B CB 1A 92 1C 03 E0 13 F8 01 5B 01 F8 01 5B 52 1E F9 D5 A1 42 D8 D3 00 20 70 BD 10 B5 04 46 00 6B 00 F0 1D F8,15.47956s,Vector SLP3,76 DC,,,
15.50673s,Vector SLP3,36 DD A0 69 00 F0 1A F8 20 46 10 BD 00 21 01 60 01 71 03 22 42 71 81 71 C1 71 81 60 C1 60 01 61 41 61 81 61 C1 61 01 62 41 62 81 62 C1 62 01 63 41 63 81 63 C1 63 01 64 41 64 70 47 10 B5 00 F0 01 F8 10 BD 10 B5 00 F0 4C F8 10 BD 10 B5 00 F0 02 F8 10 BD B6 B6 10 B5 04 00 07 D1 01 24 05 E0 FF F7 D5 FE 00 68 00 B9 04 48 80 47 20 46 00 F0 60 F8 00 28 F4 D0 10 BD 00 00 95 2B 01 11 0F B4 08 4B,15.51142s,Vector SLP3,76 DD,,,
15.53763s,Vector SLP3,36 DE 10 B5 04 A9 02 AA 03 98 00 F0 98 F8 04 46 02 A9 00 20 00 F0 34 FA 20 46 10 BC 5D F8 14 FB 00 00 FF 32 01 11 00 21 01 60 81 80 70 47 2D E9 F0 41 1C 46 17 46 0E 00 80 46 07 D0 05 46 02 E0 28 46 B0 47 3D 44 20 46 64 1E F9 D2 40 46 BD E8 F0 81 01 68 09 B1 00 20 70 47 01 21 01 60 08 46 70 47 10 B5 00 28 21 D0 11 4B 00 22 00 1F 19 68 03 E0 81 42 03 D8 0A 46 49 68 00 29 F9 D1 52 B1 13 68,15.54228s,Vector SLP3,76 DE,,,
15.56961s,Vector SLP3,36 DF 84 1A 9C 42 04 D1 00 68 18 44 10 60 10 46 02 E0 50 60 00 E0 18 60 39 B1 02 68 0B 1A 93 42 03 D1 0B 68 1A 44 02 60 49 68 41 60 10 BD DC 04 00 18 F0 B5 0B 30 15 4D 20 F0 07 01 00 24 14 4A 0F E0 03 68 8B 42 0B D3 8B 42 05 D9 5E 1A 43 18 47 68 C3 E9 00 67 00 E0 43 68 13 60 02 C0 04 E0 02 1D 10 68 00 28 EC D1 20 46 00 28 02 D1 28 68 08 B1 00 20 F0 BD 06 4A 07 48 10 60 07 4A 12 1A 22 F0,15.57414s,Vector SLP3,76 DF,,,
15.60141s,Vector SLP3,36 E0 07 02 C0 E9 00 24 01 20 28 60 D7 E7 E0 04 00 18 DC 04 00 18 64 0E 00 18 60 0E 00 18 02 E0 08 C8 12 1F 08 C1 00 2A FA D1 70 47 70 47 00 20 01 E0 01 C1 12 1F 00 2A FB D1 70 47 B6 B6 2D E9 FF 4F 8B B0 88 46 05 46 00 26 06 E0 25 28 0B D0 DD E9 0D 12 90 47 6D 1C 76 1C 28 78 00 28 F5 D1 0F B0 30 46 BD E8 F0 8F 00 24 A1 46 A2 46 01 22 AE 49 00 E0 04 43 15 F8 01 3F 20 3B 02 FA 03 F0 08 42,15.60600s,Vector SLP3,76 E0,,,
15.63217s,Vector SLP3,36 E1 F7 D1 28 78 2A 28 10 D0 6F F0 2F 02 28 78 A0 F1 30 01 09 29 15 D8 09 EB 89 01 02 EB 41 01 44 F0 02 04 00 EB 01 09 6D 1C F0 E7 58 F8 04 1B 5F EA 01 09 03 D5 44 F4 00 54 C9 F1 00 09 44 F0 02 04 6D 1C 28 78 2E 28 17 D1 15 F8 01 0F 44 F0 04 04 2A 28 0E D0 6F F0 2F 02 28 78 A0 F1 30 01 09 29 0A D8 0A EB 8A 01 02 EB 41 01 00 EB 01 0A 6D 1C F2 E7 58 F8 04 AB 6D 1C 28 78 6C 28 0F D0 06 DC,15.63687s,Vector SLP3,76 E1,,,
15.66315s,Vector SLP3,36 E2 4C 28 17 D0 68 28 0D D0 6A 28 14 D1 04 E0 74 28 10 D0 7A 28 0F D1 0D E0 44 F4 00 14 0A E0 44 F4 80 14 01 E0 44 F4 40 14 69 78 81 42 02 D1 04 F5 80 14 6D 1C 6D 1C 28 78 69 28 65 D0 06 DC 00 28 8D D0 63 28 27 D0 64 28 06 D1 5D E0 6E 28 08 D0 73 28 2A D0 75 28 77 D0 DD E9 0D 12 90 47 76 1C E0 E0 C4 F3 02 50 02 28 09 D0 03 28 0D D0 D8 F8 00 10 04 28 0D D0 0E 60 08 F1 04 08 D2 E0 D8 F8,15.66773s,Vector SLP3,76 E2,,,
15.69398s,Vector SLP3,36 E3 00 10 F2 17 C1 E9 00 62 F6 E7 D8 F8 00 10 0E 80 F2 E7 0E 70 F0 E7 18 F8 04 1B 8D F8 00 10 00 20 8D F8 01 00 EB 46 01 20 03 E0 58 F8 04 BB 4F F0 FF 30 61 07 4F F0 00 07 01 D4 0A E0 7F 1C 57 45 0D DA 87 42 FA DB 1B F8 07 10 00 29 F6 D1 06 E0 7F 1C 87 42 FC DB 1B F8 07 10 00 29 F8 D1 DD E9 0D 23 A9 EB 07 00 81 46 21 46 00 F0 B1 F8 30 44 C6 19 04 E0 DD E9 0D 12 1B F8 01 0B 90 47 7F 1E,15.69859s,Vector SLP3,76 E3,,,
15.72489s,Vector SLP3,36 E4 F8 D2 21 46 48 46 88 E0 58 F8 04 0B C4 F3 02 51 4F F0 0A 0B 03 29 00 D1 00 B2 04 29 00 D1 40 B2 00 28 02 DA 40 42 2D 21 02 E0 21 05 05 D5 2B 21 8D F8 24 10 01 21 04 E0 06 E0 E1 07 10 D0 20 21 F6 E7 08 AF 08 91 13 E0 58 F8 04 0B C4 F3 02 51 4F F0 0A 0B 03 29 00 D1 80 B2 04 29 00 D1 C0 B2 00 21 EE E7 59 46 FF F7 D7 FC 30 31 07 F8 01 1D 00 28 F7 D1 AD EB 07 00 00 F1 20 0B 60 07 02 D5,15.72945s,Vector SLP3,76 E4,,,
15.75675s,Vector SLP3,36 E5 24 F4 80 34 01 E0 4F F0 01 0A DA 45 02 DD AA EB 0B 00 00 E0 00 20 82 46 00 EB 0B 01 08 98 01 44 A9 EB 01 00 0A 90 E0 03 06 D4 DD E9 0D 23 21 46 0A 98 00 F0 4D F8 06 44 4F F0 00 09 08 E0 09 A9 11 F8 09 00 DD E9 0D 12 90 47 09 F1 01 09 76 1C 08 99 89 45 F3 DB E0 03 0C D5 DD E9 0D 23 21 46 0A 98 00 F0 35 F8 06 44 04 E0 DD E9 0D 12 30 20 90 47 76 1C BA F1 00 01 AA F1 01 0A F5 DC 05 E0,15.76130s,Vector SLP3,76 E5,,,
15.78863s,Vector SLP3,36 E6 DD E9 0D 12 17 F8 01 0B 90 47 76 1C BB F1 00 01 AB F1 01 0B F4 DC 0A 98 21 46 DD E9 0D 23 00 F0 05 F8 06 44 6D 1C 97 E6 09 28 01 00 2D E9 F0 41 04 46 00 25 1E 46 17 46 88 04 04 D4 05 E0 39 46 20 20 B0 47 6D 1C 64 1E F9 D5 28 46 BD E8 F0 81 2D E9 F0 41 04 46 00 25 1E 46 90 46 C8 03 01 D5 30 27 00 E0 20 27 88 04 04 D5 05 E0 41 46 38 46 B0 47 6D 1C 64 1E F9 D5 28 46 BD E8 F0 81 0A 68,15.79316s,Vector SLP3,76 E6,,,
15.81933s,Vector SLP3,36 E7 53 1C 0B 60 10 70 70 47 00 00 80 11 14 00 00 00 20 03 A0 00 00 00 80 11 D8 FF 00 00 80 11 82 00 AB AA D5 3C 91 00 00 C0 C0 30 A0 00 00 00 80 0C D8 FF DB F6 12 0B 64 00 00 E0 00 14 78 00 00 A0 00 32 82 00 33 F3 80 06 78 00 34 F3 80 06 82 00 00 00 00 00 8C 00 00 00 80 00 00 3C 50 02 D0 DD 00 40 E6 FF 73 04 00 70 F2 FF 23 03 00 74 F3 FF 06 03 00 78 00 00 80 01 00 7C 80 03 00 CA 00 40,15.82402s,Vector SLP3,76 E7,,,
15.85150s,Vector SLP3,36 E8 00 01 00 F2 00 42 00 01 00 F2 00 44 E2 FF 04 05 00 78 00 00 80 01 00 7C E3 04 E3 04 E3 04 00 00 9D F7 00 FB D6 00 00 00 00 05 00 00 63 08 00 0A 00 00 35 FD 00 FB 47 00 00 00 00 05 00 00 CB 02 00 0A B6 B6 0C 00 00 00 05 00 00 00 1E 00 32 00 46 00 5A 00 6E 00 78 00 F4 01 E8 03 D0 07 B8 0B A0 0F 94 11 27 00 74 00 C1 00 0D 01 5A 01 A7 01 F3 01 40 02 8C 02 D9 02 26 03 72 03 BF 03 5C 00,15.85588s,Vector SLP3,76 E8,,,
15.88312s,Vector SLP3,36 E9 A8 00 F5 00 42 01 8E 01 DB 01 28 02 74 02 C1 02 0E 03 5A 03 A7 03 F4 03 C5 00 12 01 5E 01 AB 01 F8 01 44 02 91 02 DE 02 2A 03 77 03 C4 03 10 04 5D 04 2E 01 7B 01 C8 01 14 02 61 02 AE 02 FA 02 47 03 94 03 E0 03 2D 04 79 04 C6 04 97 01 E4 01 31 02 7D 02 CA 02 17 03 63 03 B0 03 FD 03 49 04 96 04 E3 04 2F 05 CC 01 19 02 65 02 B2 02 FF 02 4B 03 98 03 E5 03 31 04 7E 04 CB 04 17 05 64 05,15.88773s,Vector SLP3,76 E9,,,
15.91389s,Vector SLP3,36 EA F4 01 EE 02 E8 03 E2 04 DC 05 D6 06 D0 07 CA 08 C4 09 BE 0A B8 0B B2 0C AC 0D E9 FF 38 00 88 00 D8 00 28 01 77 01 C7 01 17 02 66 02 B6 02 06 03 55 03 A5 03 18 00 68 00 B7 00 07 01 57 01 A7 01 F6 01 46 02 96 02 E5 02 35 03 85 03 D4 03 77 00 C6 00 16 01 66 01 B6 01 05 02 55 02 A5 02 F4 02 44 03 94 03 E3 03 33 04 D5 00 25 01 75 01 C5 01 14 02 64 02 B4 02 03 03 53 03 A3 03 F2 03 42 04,15.91859s,Vector SLP3,76 EA,,,
15.94488s,Vector SLP3,36 EB 92 04 34 01 84 01 D4 01 23 02 73 02 C3 02 12 03 62 03 B2 03 01 04 51 04 A1 04 F1 04 64 01 B3 01 03 02 53 02 A2 02 F2 02 42 03 91 03 E1 03 31 04 81 04 D0 04 20 05 1D 00 74 00 CA 00 21 01 78 01 CE 01 25 02 7B 02 D2 02 28 03 7F 03 D5 03 2C 04 43 00 9A 00 F0 00 47 01 9D 01 F4 01 4A 02 A1 02 F8 02 4E 03 A5 03 FB 03 52 04 8F 00 E5 00 3C 01 92 01 E9 01 40 02 96 02 ED 02 43 03 9A 03 F0 03,15.94945s,Vector SLP3,76 EB,,,
15.97567s,Vector SLP3,36 EC 47 04 9E 04 DA 00 31 01 88 01 DE 01 35 02 8B 02 E2 02 38 03 8F 03 E6 03 3C 04 93 04 E9 04 26 01 7D 01 D3 01 2A 02 80 02 D7 02 2E 03 84 03 DB 03 31 04 88 04 DE 04 35 05 4C 01 A3 01 F9 01 50 02 A6 02 FD 02 53 03 AA 03 00 04 57 04 AE 04 04 05 5B 05 09 00 69 00 C9 00 29 01 89 01 E9 01 49 02 A9 02 09 03 69 03 C9 03 29 04 89 04 26 00 86 00 E6 00 46 01 A6 01 06 02 66 02 C6 02 26 03 86 03,15.98031s,Vector SLP3,76 EC,,,
16.00770s,Vector SLP3,36 ED E6 03 46 04 A6 04 60 00 C0 00 20 01 80 01 E0 01 40 02 A0 02 00 03 60 03 C0 03 20 04 80 04 E0 04 9A 00 FA 00 5A 01 BA 01 19 02 79 02 D9 02 39 03 99 03 F9 03 59 04 B9 04 19 05 D3 00 33 01 93 01 F3 01 53 02 B3 02 13 03 73 03 D3 03 33 04 93 04 F3 04 53 05 F0 00 50 01 B0 01 10 02 70 02 D0 02 30 03 90 03 F0 03 50 04 B0 04 10 05 70 05 19 00 7F 00 E4 00 4A 01 B0 01 16 02 7C 02 E2 02 48 03,16.01216s,Vector SLP3,76 ED,,,
16.03840s,Vector SLP3,36 EE AE 03 14 04 79 04 DF 04 34 00 9A 00 00 01 66 01 CC 01 31 02 97 02 FD 02 63 03 C9 03 2F 04 95 04 FB 04 6B 00 D1 00 36 01 9C 01 02 02 68 02 CE 02 34 03 9A 03 00 04 65 04 CB 04 31 05 A1 00 07 01 6D 01 D3 01 39 02 9F 02 05 03 6A 03 D0 03 36 04 9C 04 02 05 68 05 D8 00 3E 01 A4 01 0A 02 6F 02 D5 02 3B 03 A1 03 07 04 6D 04 D3 04 39 05 9E 05 F3 00 59 01 BF 01 25 02 8B 02 F1 02 57 03 BC 03,16.04302s,Vector SLP3,76 EE,,,
16.06939s,Vector SLP3,36 EF 22 04 88 04 EE 04 54 05 BA 05 6B 00 CA 00 29 01 88 01 E7 01 46 02 A6 02 05 03 64 03 C3 03 22 04 81 04 E0 04 7C 00 DB 00 3A 01 99 01 F8 01 57 02 B6 02 15 03 74 03 D3 03 33 04 92 04 F1 04 9E 00 FD 00 5C 01 BB 01 1A 02 79 02 D8 02 37 03 96 03 F5 03 54 04 B3 04 12 05 C0 00 1F 01 7E 01 DD 01 3C 02 9B 02 FA 02 59 03 B8 03 17 04 76 04 D5 04 34 05 E2 00 41 01 A0 01 FF 01 5E 02 BD 02 1C 03,16.07388s,Vector SLP3,76 EF,,,
16.10029s,Vector SLP3,36 F0 7B 03 DA 03 39 04 98 04 F7 04 56 05 F3 00 52 01 B1 01 10 02 6F 02 CE 02 2D 03 8C 03 EB 03 4A 04 A9 04 08 05 67 05 00 00 C8 00 C8 00 C8 00 C8 00 C8 00 C8 00 C8 00 C8 00 C8 00 C8 00 00 00 F4 01 00 00 00 00 D0 07 00 00 00 00 D0 07 14 00 00 00 D0 07 28 00 00 00 00 1E F4 01 00 00 00 1E E8 03 00 00 00 1E D0 07 00 00 00 1E A0 0F 00 00 00 1E 70 17 00 00 00 05 D8 FF BC FB 55 04 14 00 71 FD,16.10474s,Vector SLP3,76 F0,,,
16.14085s,Vector SLP3,36 F1 33 04 78 00 00 00 00 03 96 00 00 00 00 00 00 00 0A 0D 0F 10 12 14 15 16 18 19 1A 1B 1C 1D 1D 1E 1F 20 20 21 22 22 23 24 24 25 25 26 26 27 27 28 28 29 29 2A 2A 2B 2B 2C 2C 2C 2D 2D 2E 2E 2E 2F 2F 2F 30 30 30 31 31 31 32 32 32 33 33 33 34 34 34 35 35 35 35 36 36 36 36 37 37 37 37 38 38 38 39 39 39 39 3A 3A 3A 3A 3A 3B 3B 3B 3B 3B 3C 3C 3C 3C 3D 3D 3D 3D 3E 3E 3E 3E 3E 3F 3F 3F 3F 3F,16.14555s,Vector SLP3,76 F1,,,
16.17282s,Vector SLP3,36 F2 40 40 40 40 40 40 41 41 41 41 41 42 42 42 42 42 43 43 43 43 43 43 44 44 44 44 44 44 45 45 45 45 45 45 46 46 46 46 46 46 47 47 47 47 47 47 48 48 48 48 48 48 49 49 49 49 49 49 49 4A 4A 4A 4A 4A 4A 4A 4A 4B 4B 4B 4B 4B 4B 4C 4C 4C 4C 4C 4C 4C 4D 4D 4D 4D 4D 4D 4D 4E 4E 4E 4E 4E 4E 4E 4E 4F 4F 4F 4F 4F 4F 4F 4F 50 50 50 50 50 50 50 51 51 51 51 51 51 51 52 52 52 52 52 52 52 52 53 53 53,16.17741s,Vector SLP3,76 F2,,,
16.20459s,Vector SLP3,36 F3 53 53 53 53 53 53 54 54 54 54 54 54 54 54 54 55 55 55 55 55 55 55 56 56 56 56 56 56 56 56 57 57 57 57 57 57 57 57 57 58 58 58 58 58 58 58 58 58 59 59 59 59 59 59 59 59 59 59 5A 5A 5A 5A 5A 5A 5A 5A 5B 5B 5B 5B 5B 5B 5B 5B 5C 5C 5C 5C 5C 5C 5C 5C 5C 5D 5D 5D 5D 5D 5D 5D 5D 5D 5D 5E 5E 5E 5E 5E 5E 5E 5E 5E 5E 5F 5F 5F 5F 5F 5F 5F 5F 5F 60 60 60 60 60 60 60 60 61 61 61 61 61 61 61 61,16.20926s,Vector SLP3,76 F3,,,
16.23614s,Vector SLP3,36 F4 61 61 62 62 62 62 62 62 62 62 62 62 63 63 63 63 63 63 63 63 63 63 64 64 64 64 64 64 64 64 64 65 65 65 65 65 65 65 65 65 66 66 66 66 66 66 66 66 66 67 67 67 67 67 67 67 67 67 67 68 68 68 68 68 68 68 68 68 68 68 69 69 69 69 69 69 69 69 69 6A 6A 6A 6A 6A 6A 6A 6A 6A 6B 6B 6B 6B 6B 6B 6B 6B 6B 6C 6C 6C 6C 6C 6C 6C 6C 6C 6C 6D 6D 6D 6D 6D 6D 6D 6D 6D 6D 6D 6E 6E 6E 6E 6E 6E 6E 6E 6F 6F,16.24112s,Vector SLP3,76 F4,,,
16.26821s,Vector SLP3,36 F5 6F 6F 6F 6F 6F 6F 6F 70 70 70 70 70 70 70 70 70 70 71 71 71 71 71 71 71 71 71 72 72 72 72 72 72 72 72 72 72 73 73 73 73 73 73 73 73 73 74 74 74 74 74 74 74 74 74 75 75 75 75 75 75 75 75 75 76 76 76 76 76 76 76 76 76 77 77 77 77 77 77 77 77 77 77 78 78 78 78 78 78 78 78 79 79 79 79 79 79 79 79 7A 7A 7A 7A 7A 7A 7A 7A 7A 7B 7B 7B 7B 7B 7B 7B 7B 7B 7C 7C 7C 7C 7C 7C 7C 7C 7C 7D 7D 7D,16.27260s,Vector SLP3,76 F5,,,
16.29904s,Vector SLP3,36 F6 7D 7D 7D 7D 7E 7E 7E 7E 7E 7E 7E 7E 7F 7F 7F 7F 7F 7F 7F 7F 80 80 80 80 80 80 80 80 81 81 81 81 81 81 81 81 81 82 82 82 82 82 82 82 83 83 83 83 83 83 83 84 84 84 84 84 84 84 84 85 85 85 85 85 85 85 86 86 86 86 86 86 86 86 87 87 87 87 87 87 87 88 88 88 88 88 88 88 89 89 89 89 89 89 8A 8A 8A 8A 8A 8A 8A 8B 8B 8B 8B 8B 8B 8B 8B 8C 8C 8C 8C 8C 8C 8D 8D 8D 8D 8D 8D 8E 8E 8E 8E 8E 8E 8F,16.30347s,Vector SLP3,76 F6,,,
16.36596s,Vector SLP3,36 F7 8F 8F 8F 8F 8F 90 90 90 90 90 90 90 91 91 91 91 91 92 92 92 92 92 92 93 93 93 93 93 94 94 94 94 94 94 95 95 95 95 95 95 96 96 96 96 96 97 97 97 97 97 98 98 98 98 98 99 99 99 99 99 9A 9A 9A 9A 9A 9B 9B 9B 9B 9C 9C 9C 9C 9C 9D 9D 9D 9D 9E 9E 9E 9E 9E 9F 9F 9F 9F 9F A0 A0 A0 A0 A1 A1 A1 A2 A2 A2 A2 A3 A3 A3 A3 A3 A4 A4 A4 A4 A5 A5 A5 A6 A6 A6 A6 A7 A7 A7 A8 A8 A8 A8 A9 A9 A9 AA AA AA,16.37054s,Vector SLP3,76 F7,,,
16.39785s,Vector SLP3,36 F8 AB AB AB AB AC AC AC AD AD AD AE AE AE AF AF AF B0 B0 B0 B1 B1 B2 B2 B2 B3 B3 B3 B4 B4 B5 B5 B5 B6 B6 B7 B7 B7 B8 B8 B9 B9 BA BA BB BB BB BC BC BD BD BE BE BF BF C0 C0 C1 C1 C2 C3 C3 C4 C4 C5 C5 C6 C7 C7 C8 B6 00 00 51 00 A3 00 F4 00 46 01 97 01 E9 01 3A 02 8B 02 DC 02 2D 03 7E 03 CF 03 20 04 70 04 C1 04 11 05 61 05 B1 05 01 06 51 06 A0 06 EF 06 3E 07 8D 07 DC 07 2A 08 78 08 C6 08,16.40240s,Vector SLP3,76 F8,,,
16.42959s,Vector SLP3,36 F9 14 09 61 09 AE 09 FB 09 48 0A 94 0A E0 0A 2C 0B 77 0B C2 0B 0D 0C 57 0C A1 0C EB 0C 34 0D 7D 0D C6 0D 0F 0E 56 0E 9E 0E E5 0E 2C 0F 73 0F B9 0F FF 0F 44 10 89 10 CE 10 12 11 56 11 99 11 DC 11 1F 12 61 12 A3 12 E4 12 25 13 66 13 A6 13 E6 13 25 14 64 14 A2 14 E0 14 1E 15 5B 15 98 15 D5 15 11 16 4C 16 88 16 C2 16 FD 16 37 17 70 17 AA 17 E2 17 1B 18 53 18 8A 18 C1 18 F8 18 2E 19 64 19,16.43426s,Vector SLP3,76 F9,,,
16.46145s,Vector SLP3,36 FA 9A 19 CF 19 04 1A 38 1A 6C 1A 9F 1A D3 1A 05 1B 38 1B 6A 1B 9C 1B CD 1B FE 1B 2E 1C 5E 1C 8E 1C BE 1C ED 1C 1B 1D 4A 1D 78 1D A5 1D D3 1D FF 1D 2C 1E 58 1E 84 1E B0 1E DB 1E 06 1F 30 1F 5A 1F 84 1F AE 1F D7 1F 00 80 01 80 04 80 09 80 10 80 19 80 24 80 31 80 40 80 51 80 64 80 79 80 90 80 A9 80 C3 80 E0 80 FF 80 20 81 42 81 67 81 8E 81 B6 81 E0 81 0D 82 3B 82 6B 82 9D 82 D1 82 07 83,16.46611s,Vector SLP3,76 FA,,,
16.49235s,Vector SLP3,36 FB 3E 83 78 83 B3 83 F0 83 2F 84 70 84 B3 84 F7 84 3E 85 86 85 CF 85 1B 86 68 86 B7 86 08 87 5A 87 AE 87 04 88 5B 88 B4 88 0F 89 6B 89 C9 89 29 8A 8A 8A ED 8A 51 8B B7 8B 1E 8C 87 8C F1 8C 5D 8D CB 8D 3A 8E AA 8E 1C 8F 8F 8F 04 90 7A 90 F1 90 6A 91 E4 91 5F 92 DC 92 5A 93 DA 93 5B 94 DD 94 60 95 E5 95 6B 96 F2 96 7A 97 03 98 8E 98 1A 99 A7 99 35 9A C5 9A 55 9B E7 9B 79 9C 0D 9D A2 9D,16.49698s,Vector SLP3,76 FB,,,
16.52415s,Vector SLP3,36 FC 38 9E CF 9E 67 9F 00 A0 9A A0 35 A1 D1 A1 6E A2 0D A3 AC A3 4C A4 ED A4 8E A5 31 A6 D5 A6 7A A7 1F A8 C6 A8 6D A9 15 AA BE AA 68 AB 13 AC BE AC 6A AD 18 AE C5 AE 74 AF 24 B0 D4 B0 85 B1 37 B2 E9 B2 9C B3 50 B4 12 83 8C 82 06 82 80 81 FA 80 73 80 ED 7F 67 7F E1 7E 5B 7E D4 7D 4E 7D C8 7C 42 7C BB 7B 35 7B AF 7A 29 7A A3 79 1C 79 96 78 10 78 8A 77 04 77 7D 76 7D 76 04 77 8A 77 10 78,16.52883s,Vector SLP3,76 FC,,,
16.55617s,Vector SLP3,36 FD 96 78 1C 79 A3 79 29 7A AF 7A 35 7B BB 7B 42 7C C8 7C 4E 7D D4 7D 5B 7E E1 7E 67 7F ED 7F 73 80 FA 80 80 81 06 82 8C 82 12 83 12 83 A4 04 9F 04 9A 04 95 04 91 04 8C 04 87 04 82 04 7E 04 79 04 74 04 6F 04 6B 04 66 04 61 04 5C 04 58 04 53 04 4E 04 49 04 45 04 40 04 3B 04 36 04 32 04 32 04 36 04 3B 04 40 04 45 04 49 04 4E 04 53 04 58 04 5C 04 61 04 66 04 6B 04 6F 04 74 04 79 04 7E 04,16.56068s,Vector SLP3,76 FD,,,
16.58708s,Vector SLP3,36 FE 82 04 87 04 8C 04 91 04 95 04 9A 04 9F 04 A4 04 A4 04 0D 00 0C 00 0C 00 0C 00 0C 00 0C 00 0C 00 0C 00 0C 00 0C 00 0C 00 0C 00 0C 00 0C 00 0C 00 0C 00 0C 00 0C 00 0C 00 0C 00 0C 00 0B 00 0B 00 0B 00 0B 00 0B 00 0B 00 0B 00 0B 00 0C 00 0C 00 0C 00 0C 00 0C 00 0C 00 0C 00 0C 00 0C 00 0C 00 0C 00 0C 00 0C 00 0C 00 0C 00 0C 00 0C 00 0C 00 0C 00 0C 00 0D 00 0D 00 E2 04 DD 04 D8 04 D3 04,16.59154s,Vector SLP3,76 FE,,,
16.61909s,Vector SLP3,36 FF CE 04 C9 04 C4 04 BF 04 BA 04 B5 04 B0 04 AB 04 A6 04 A1 04 9C 04 97 04 92 04 8D 04 88 04 83 04 7E 04 79 04 74 04 6F 04 6A 04 6A 04 6F 04 74 04 79 04 7E 04 83 04 88 04 8D 04 92 04 97 04 9C 04 A1 04 A6 04 AB 04 B0 04 B5 04 BA 04 BF 04 C4 04 C9 04 CE 04 D3 04 D8 04 DD 04 E2 04 E2 04 00 00 00 00 00 00 00 00 00 00 00 00 00 00 00 00 00 00 00 00 00 00 00 00 00 00 00 00 00 00 00 00 00 00,16.62340s,Vector SLP3,76 FF,,,
16.65078s,Vector SLP3,36 00 00 00 00 00 00 00 00 00 00 00 00 00 00 00 00 00 00 00 00 00 00 00 00 00 00 00 00 00 00 00 00 00 00 00 00 00 00 00 00 00 00 00 00 00 00 00 00 00 00 00 00 00 00 00 00 00 00 00 00 00 00 00 00 00 00 00 00 00 00 00 00 00 00 00 00 00 00 00 00 00 00 00 00 00 00 00 00 00 00 00 00 00 00 00 00 00 00 00 00 00 00 00 00 00 26 00 53 00 A3 00 FB 00 75 01 FA 01 9C 02 4E 03 1A 04 F8 04 ED 05 F8 06,16.65526s,Vector SLP3,76 00,,,
16.68244s,Vector SLP3,36 01 16 08 4D 09 95 0A F8 0B 6A 0D F9 0E 94 10 50 12 15 14 2E 1A 58 23 D1 2D 5C 34 5C 34 5C 34 5C 34 CD 0C 9A 19 66 26 33 33 00 40 00 40 00 40 00 40 00 40 00 40 00 40 00 40 00 40 00 40 00 40 00 40 00 40 00 40 00 40 00 40 00 40 00 40 00 40 00 40 00 40 00 40 00 40 00 40 00 40 00 40 00 40 00 40 00 40 00 80 00 80 00 80 FF 7F FF 7F FE 7F FE 7F FD 7F FC 7F FB 7F FA 7F F8 7F F7 7F F5 7F F4 7F,16.68711s,Vector SLP3,76 01,,,
16.71326s,Vector SLP3,36 02 F2 7F F0 7F EE 7F EC 7F E9 7F E7 7F E4 7F E2 7F DF 7F DC 7F D9 7F D6 7F D2 7F CF 7F CB 7F C8 7F C4 7F C0 7F BC 7F B8 7F B3 7F AF 7F AA 7F A6 7F A1 7F 9C 7F 97 7F 92 7F 8C 7F 87 7F 81 7F 7B 7F 76 7F 70 7F 6A 7F 63 7F 5D 7F 57 7F 50 7F 49 7F 42 7F 3B 7F 34 7F 2D 7F 26 7F 1E 7F 17 7F 0F 7F 07 7F FF 7E F7 7E EF 7E E6 7E DE 7E D5 7E CC 7E C3 7E BA 7E B1 7E A8 7E 9F 7E 95 7E 8B 7E 82 7E,16.71797s,Vector SLP3,76 02,,,
16.74507s,Vector SLP3,36 03 78 7E 6E 7E 63 7E 59 7E 4F 7E 44 7E 39 7E 2E 7E 23 7E 18 7E 0D 7E 02 7E F6 7D EB 7D DF 7D D3 7D C7 7D BB 7D AF 7D A2 7D 96 7D 89 7D 7C 7D 6F 7D 62 7D 55 7D 48 7D 3A 7D 2C 7D 1F 7D 11 7D 03 7D F5 7C E6 7C D8 7C C9 7C BB 7C AC 7C 9D 7C 8E 7C 7F 7C 6F 7C 60 7C 50 7C 40 7C 30 7C 20 7C 10 7C 00 7C EF 7B DF 7B CE 7B BD 7B AC 7B 9B 7B 8A 7B 78 7B 67 7B 55 7B 43 7B 31 7B 1F 7B 0D 7B FB 7A,16.74945s,Vector SLP3,76 03,,,
16.77599s,Vector SLP3,36 04 E8 7A D5 7A C2 7A B0 7A 9C 7A 89 7A 76 7A 62 7A 4F 7A 3B 7A 27 7A 13 7A FE 79 EA 79 D5 79 C1 79 AC 79 97 79 82 79 6D 79 57 79 42 79 2C 79 16 79 00 79 EA 78 D3 78 BD 78 A6 78 90 78 79 78 62 78 4B 78 33 78 1C 78 04 78 EC 77 D4 77 BC 77 A4 77 8B 77 73 77 5A 77 41 77 28 77 0F 77 F6 76 DC 76 C3 76 A9 76 8F 76 75 76 5A 76 40 76 25 76 0B 76 F0 75 D5 75 B9 75 9E 75 82 75 67 75 4B 75 2F 75,16.78068s,Vector SLP3,76 04,,,
16.80878s,Vector SLP3,36 05 13 75 F6 74 DA 74 BD 74 A0 74 83 74 66 74 48 74 2B 74 0D 74 EF 73 D1 73 B3 73 95 73 76 73 58 73 39 73 1A 73 FA 72 DB 72 BB 72 9C 72 7C 72 5C 72 3B 72 1B 72 FA 71 DA 71 B9 71 97 71 76 71 55 71 33 71 11 71 EF 70 CD 70 AA 70 88 70 65 70 42 70 1F 70 FB 6F D8 6F B4 6F 90 6F 6C 6F 48 6F 23 6F FF 6E DA 6E B5 6E 90 6E 6A 6E 45 6E 1F 6E F9 6D D3 6D AC 6D 85 6D 5F 6D 38 6D 10 6D E9 6C C1 6C,16.81316s,Vector SLP3,76 05,,,
16.83975s,Vector SLP3,36 06 9A 6C 72 6C 49 6C 21 6C F8 6B CF 6B A6 6B 7D 6B 54 6B 2A 6B 00 6B D6 6A AB 6A 81 6A 56 6A 2B 6A 00 6A D4 69 A9 69 7D 69 51 69 25 69 F8 68 CB 68 9E 68 71 68 44 68 16 68 E8 67 BA 67 8B 67 5D 67 2E 67 FF 66 CF 66 A0 66 70 66 40 66 10 66 DF 65 AE 65 7D 65 4C 65 1A 65 E8 64 B6 64 84 64 51 64 1F 64 EC 63 B8 63 85 63 51 63 1C 63 E8 62 B3 62 7E 62 49 62 14 62 DE 61 A8 61 71 61 3B 61 04 61,16.84439s,Vector SLP3,76 06,,,
16.87052s,Vector SLP3,36 07 CC 60 95 60 5D 60 25 60 ED 5F B4 5F 7B 5F 42 5F 08 5F CE 5E 94 5E 59 5E 1F 5E E3 5D A8 5D 6C 5D 30 5D F4 5C B7 5C 7A 5C 3C 5C FF 5B C1 5B 82 5B 43 5B 04 5B C5 5A 85 5A 45 5A 04 5A C3 59 82 59 41 59 FF 58 BC 58 79 58 36 58 F3 57 AF 57 6B 57 26 57 E1 56 9C 56 56 56 10 56 C9 55 82 55 3A 55 F2 54 AA 54 61 54 18 54 CE 53 84 53 3A 53 EF 52 A3 52 57 52 0B 52 BE 51 71 51 23 51 D4 50 86 50,16.87488s,Vector SLP3,76 07,,,
16.90134s,Vector SLP3,36 08 36 50 E6 4F 96 4F 45 4F F4 4E A2 4E 4F 4E FC 4D A9 4D 55 4D 00 4D AB 4C 55 4C FE 4B A7 4B 50 4B F7 4A 9E 4A 45 4A EB 49 90 49 35 49 D8 48 7C 48 1E 48 C0 47 61 47 01 47 A1 46 40 46 DE 45 7B 45 18 45 B4 44 4F 44 E9 43 82 43 1B 43 B2 42 49 42 DF 41 74 41 08 41 9B 40 2D 40 BE 3F 4E 3F DD 3E 6B 3E F8 3D 84 3D 0E 3D 98 3C 20 3C A7 3B 2D 3B B2 3A 35 3A B7 39 37 39 B7 38 34 38 B1 37 2C 37,16.90574s,Vector SLP3,76 08,,,
16.93242s,Vector SLP3,36 09 A5 36 1C 36 92 35 07 35 79 34 EA 33 59 33 C6 32 30 32 99 31 00 31 64 30 C6 2F 26 2F 83 2E DE 2D 36 2D 8B 2C DD 2B 2C 2B 78 2A C0 29 04 29 45 28 82 27 BB 26 EF 25 1E 25 48 24 6D 23 8C 22 A4 21 B6 20 C0 1F C2 1E BA 1D A9 1C 8D 1B 64 1A 2D 19 E5 17 8A 16 18 15 8A 13 D8 11 F8 0F D6 0D 4D 0B FF 07 00 40 A3 3E 43 3D E1 3B 7C 3A 15 39 AC 37 41 36 D4 34 64 33 F3 31 80 30 0B 2F 94 2D 1B 2C,16.93698s,Vector SLP3,76 09,,,
16.96439s,Vector SLP3,36 0A A1 2A 25 29 A7 27 28 26 A8 24 26 23 A2 21 1E 20 98 1E 11 1D 89 1B FF 19 75 18 EA 16 5E 15 D1 13 43 12 B5 10 26 0F 97 0D 06 0C 76 0A E5 08 54 07 C2 05 30 04 9E 02 0C 01 00 00 00 00 00 00 00 00 00 00 00 00 00 00 00 00 00 00 00 00 00 00 00 00 00 00 00 00 00 00 00 00 00 00 00 00 00 00 00 00 00 00 00 00 00 00 00 00 00 00 00 00 00 00 00 00 00 00 00 00 00 00 00 00 00 00 00 00 00 00 00 00,16.96883s,Vector SLP3,76 0A,,,
16.99653s,Vector SLP3,36 0B 00 00 00 00 00 00 00 00 00 00 00 00 00 00 00 00 00 00 00 00 00 00 00 00 00 00 00 00 00 00 00 00 00 00 00 00 00 00 00 00 00 00 00 00 00 00 00 00 00 00 00 00 00 00 00 00 00 00 00 00 00 00 00 00 00 00 00 00 00 00 00 00 00 00 00 00 00 00 00 00 00 00 00 00 00 00 00 00 00 00 00 00 00 00 00 00 00 00 00 00 00 00 00 00 00 00 00 00 00 00 00 00 00 00 00 00 00 00 00 00 00 00 00 00 00 00 00 00,17.00169s,Vector SLP3,76 0B,,,
17.02903s,Vector SLP3,36 0C 00 00 00 00 00 00 00 00 00 00 00 00 00 00 00 00 00 00 00 00 00 00 00 00 00 00 00 00 00 00 00 00 00 00 00 00 00 00 00 00 00 00 00 00 00 00 00 00 00 00 00 00 00 00 00 00 00 00 00 00 00 00 00 00 00 00 00 00 00 00 00 00 00 00 00 00 00 00 00 00 00 00 00 00 00 00 00 00 00 00 00 00 00 00 00 00 00 00 00 00 00 00 00 00 00 00 00 00 00 00 00 00 00 00 00 00 00 00 00 00 00 00 00 00 00 00 00 00,17.03355s,Vector SLP3,76 0C,,,
17.05969s,Vector SLP3,36 0D 00 00 00 00 00 00 00 00 00 00 00 00 00 00 0C 01 9E 02 30 04 C2 05 54 07 E5 08 76 0A 06 0C 97 0D 26 0F B5 10 43 12 D1 13 5E 15 EA 16 75 18 FF 19 89 1B 11 1D 98 1E 1E 20 A2 21 26 23 A8 24 28 26 A7 27 25 29 A1 2A 1B 2C 94 2D 0B 2F 80 30 F3 31 64 33 D4 34 41 36 AC 37 15 39 7C 3A E1 3B 43 3D A3 3E 00 40 5B 41 B4 42 0A 44 5D 45 AD 46 FB 47 46 49 8F 4A D4 4B 17 4D 56 4E 93 4F CC 50 03 52,17.06441s,Vector SLP3,76 0D,,,
17.09146s,Vector SLP3,36 0E 36 53 66 54 92 55 BC 56 E2 57 04 59 24 5A 3F 5B 58 5C 6C 5D 7D 5E 8B 5F 95 60 9B 61 9D 62 9B 63 96 64 8D 65 80 66 6F 67 59 68 40 69 23 6A 02 6B DC 6B B3 6C 85 6D 53 6E 1D 6F E2 6F A4 70 60 71 19 72 CD 72 7D 73 28 74 CF 74 71 75 0E 76 A8 76 3C 77 CC 77 57 78 DE 78 60 79 DD 79 56 7A CA 7A 39 7B A4 7B 09 7C 6A 7C C6 7C 1E 7D 70 7D BE 7D 07 7E 4B 7E 8A 7E C4 7E F9 7E 2A 7F 55 7F 7C 7F,17.09588s,Vector SLP3,76 0E,,,
17.12222s,Vector SLP3,36 0F 9D 7F BA 7F D2 7F E5 7F F3 7F FC 7F FF 7F FF 7F F9 7F EF 7F DF 7F CB 7F B1 7F 93 7F 6F 7F 47 7F 1A 7F E8 7E B1 7E 75 7E 34 7E EF 7D A5 7D 55 7D 01 7D A8 7C 4B 7C E8 7B 81 7B 15 7B A4 7A 2E 7A B4 79 35 79 B2 78 29 78 9D 77 0B 77 75 76 DA 75 3B 75 97 74 EF 73 43 73 91 72 DC 71 22 71 64 70 A1 6F DA 6E A1 6F 64 70 22 71 DC 71 91 72 43 73 EF 73 97 74 3B 75 DA 75 75 76 0B 77 9D 77 29 78,17.12675s,Vector SLP3,76 0F,,,
17.15341s,Vector SLP3,36 10 B2 78 35 79 B4 79 2E 7A A4 7A 15 7B 81 7B E8 7B 4B 7C A8 7C 01 7D 55 7D A5 7D EF 7D 34 7E 75 7E B1 7E E8 7E 1A 7F 47 7F 6F 7F 93 7F B1 7F CB 7F DF 7F EF 7F F9 7F FF 7F FF 7F FC 7F F3 7F E5 7F D2 7F BA 7F 9D 7F 7C 7F 55 7F 2A 7F F9 7E C4 7E 8A 7E 4B 7E 07 7E BE 7D 70 7D 1E 7D C6 7C 6A 7C 09 7C A4 7B 39 7B CA 7A 56 7A DD 79 60 79 DE 78 57 78 CC 77 3C 77 A8 76 0E 76 71 75 CF 74 28 74,17.15798s,Vector SLP3,76 10,,,
17.18405s,Vector SLP3,36 11 7D 73 CD 72 19 72 60 71 A4 70 E2 6F 1D 6F 53 6E 85 6D B3 6C DC 6B 02 6B 23 6A 40 69 59 68 6F 67 80 66 8D 65 96 64 9B 63 9D 62 9B 61 95 60 8B 5F 7D 5E 6C 5D 58 5C 3F 5B 24 5A 04 59 E2 57 BC 56 92 55 66 54 36 53 03 52 CC 50 93 4F 56 4E 17 4D D4 4B 8F 4A 46 49 FB 47 AD 46 5D 45 0A 44 B4 42 5B 41 00 80 01 80 04 80 09 80 10 80 19 80 24 80 31 80 40 80 51 80 64 80 79 80 90 80 A9 80 C3 80,17.18846s,Vector SLP3,76 11,,,
17.21505s,Vector SLP3,36 12 E0 80 FF 80 20 81 42 81 67 81 8E 81 B6 81 E0 81 0D 82 3B 82 6B 82 9D 82 D1 82 07 83 3E 83 78 83 B3 83 F0 83 2F 84 70 84 B3 84 F7 84 3E 85 86 85 CF 85 1B 86 68 86 B7 86 08 87 5A 87 AE 87 04 88 5B 88 B4 88 0F 89 6B 89 C9 89 29 8A 8A 8A ED 8A 51 8B B7 8B 1E 8C 87 8C F1 8C 5D 8D CB 8D 3A 8E AA 8E 1C 8F 8F 8F 04 90 7A 90 F1 90 6A 91 E4 91 5F 92 DC 92 5A 93 DA 93 5B 94 DD 94 60 95 E5 95,17.21970s,Vector SLP3,76 12,,,
17.24585s,Vector SLP3,36 13 6B 96 F2 96 7A 97 03 98 8E 98 1A 99 A7 99 35 9A C4 9A 55 9B E7 9B 79 9C 0D 9D A2 9D 38 9E CF 9E 67 9F 00 A0 9A A0 35 A1 D1 A1 6E A2 0D A3 AC A3 4C A4 ED A4 8E A5 31 A6 D5 A6 7A A7 1F A8 C6 A8 6D A9 15 AA BE AA 68 AB 13 AC BE AC 6A AD 18 AE C5 AE 74 AF 24 B0 D4 B0 85 B1 37 B2 E9 B2 9C B3 50 B4 00 00 29 00 51 00 7A 00 A3 00 CC 00 F4 00 1D 01 46 01 6F 01 97 01 C0 01 E9 01 11 02 3A 02,17.25055s,Vector SLP3,76 13,,,
17.27694s,Vector SLP3,36 14 62 02 8B 02 B4 02 DC 02 05 03 2D 03 56 03 7E 03 A7 03 CF 03 F7 03 20 04 48 04 70 04 99 04 C1 04 E9 04 11 05 39 05 61 05 89 05 B1 05 D9 05 01 06 29 06 51 06 78 06 A0 06 C8 06 EF 06 17 07 3E 07 66 07 8D 07 B5 07 DC 07 03 08 2A 08 51 08 78 08 9F 08 C6 08 ED 08 14 09 3B 09 61 09 88 09 AE 09 D5 09 FB 09 22 0A 48 0A 6E 0A 94 0A BA 0A E0 0A 06 0B 2C 0B 51 0B 77 0B 9D 0B C2 0B E7 0B 0D 0C,17.28141s,Vector SLP3,76 14,,,
17.30868s,Vector SLP3,36 15 32 0C 57 0C 7C 0C A1 0C C6 0C EB 0C 10 0D 34 0D 59 0D 7D 0D A2 0D C6 0D EA 0D 0F 0E 33 0E 56 0E 7A 0E 9E 0E C2 0E E5 0E 09 0F 2C 0F 50 0F 73 0F 96 0F B9 0F DC 0F FF 0F 21 10 44 10 67 10 89 10 AB 10 CE 10 F0 10 12 11 34 11 56 11 77 11 99 11 BB 11 DC 11 FD 11 1F 12 40 12 61 12 82 12 A3 12 C3 12 E4 12 05 13 25 13 45 13 66 13 86 13 A6 13 C6 13 E6 13 05 14 25 14 44 14 64 14 83 14 A2 14,17.31327s,Vector SLP3,76 15,,,
17.34042s,Vector SLP3,36 16 C1 14 E0 14 FF 14 1E 15 3D 15 5B 15 7A 15 98 15 B7 15 D5 15 F3 15 11 16 2F 16 4C 16 6A 16 88 16 A5 16 C2 16 E0 16 FD 16 1A 17 37 17 54 17 70 17 8D 17 AA 17 C6 17 E2 17 FE 17 1B 18 37 18 53 18 6E 18 8A 18 A6 18 C1 18 DD 18 F8 18 13 19 2E 19 49 19 64 19 7F 19 9A 19 B4 19 CF 19 E9 19 04 1A 1E 1A 38 1A 52 1A 6C 1A 86 1A 9F 1A B9 1A D3 1A EC 1A 05 1B 1F 1B 38 1B 51 1B 6A 1B 83 1B 9C 1B,17.34512s,Vector SLP3,76 16,,,
17.37155s,Vector SLP3,36 17 B4 1B CD 1B E5 1B FE 1B 16 1C 2E 1C 46 1C 5E 1C 76 1C 8E 1C A6 1C BE 1C D5 1C ED 1C 04 1D 1B 1D 33 1D 4A 1D 61 1D 78 1D 8E 1D A5 1D BC 1D D3 1D E9 1D FF 1D 16 1E 2C 1E 42 1E 58 1E 6E 1E 84 1E 9A 1E B0 1E C5 1E DB 1E F0 1E 06 1F 1B 1F 30 1F 45 1F 5A 1F 6F 1F 84 1F 99 1F AE 1F C3 1F D7 1F EC 1F 00 08 09 08 12 08 1C 08 25 08 2E 08 37 08 40 08 4A 08 53 08 5C 08 65 08 6E 08 78 08 81 08,17.37598s,Vector SLP3,76 17,,,
17.40215s,Vector SLP3,36 18 8A 08 93 08 9C 08 A6 08 AF 08 B8 08 C1 08 CA 08 DF 08 F7 08 0E 09 26 09 3E 09 56 09 6D 09 85 09 9F 09 C2 09 E5 09 08 0A 2B 0A 4E 0A 75 0A A5 0A D5 0A 06 0B 36 0B 74 0B B2 0B F0 0B 59 0C CE 0C 42 0D B7 0D 2B 0E A0 0E 15 0F 89 0F FE 0F E4 10 D1 11 40 13 02 15 C4 16 2A 19 A3 1D 45 23 D0 34 A1 C5 00 80 00 80 00 80 01 80 01 80 02 80 02 80 03 80 04 80 05 80 06 80 08 80 09 80 0B 80 0C 80,17.40685s,Vector SLP3,76 18,,,
17.43309s,Vector SLP3,36 19 0E 80 10 80 12 80 14 80 17 80 19 80 1C 80 1E 80 21 80 24 80 27 80 2A 80 2E 80 31 80 35 80 38 80 3C 80 40 80 44 80 48 80 4C 80 51 80 55 80 5A 80 5F 80 64 80 69 80 6E 80 73 80 79 80 7E 80 84 80 8A 80 90 80 96 80 9C 80 A2 80 A9 80 AF 80 B6 80 BD 80 C3 80 CA 80 D2 80 D9 80 E0 80 E8 80 EF 80 F7 80 FF 80 07 81 0F 81 17 81 20 81 28 81 31 81 3A 81 42 81 4B 81 54 81 5E 81 67 81 70 81 7A 81,17.43772s,Vector SLP3,76 19,,,
17.46385s,Vector SLP3,36 1A 84 81 8E 81 98 81 A2 81 AC 81 B6 81 C0 81 CB 81 D6 81 E0 81 EB 81 F6 81 02 82 0D 82 18 82 24 82 2F 82 3B 82 47 82 53 82 5F 82 6B 82 77 82 84 82 90 82 9D 82 AA 82 B7 82 C4 82 D1 82 DE 82 EC 82 F9 82 07 83 15 83 22 83 30 83 3E 83 4D 83 5B 83 69 83 78 83 87 83 95 83 A4 83 B3 83 C2 83 D2 83 E1 83 F0 83 00 84 10 84 20 84 2F 84 40 84 50 84 60 84 70 84 81 84 91 84 A2 84 B3 84 C4 84 D5 84,17.46820s,Vector SLP3,76 1A,,,
17.49481s,Vector SLP3,36 1B E6 84 F7 84 09 85 1A 85 2C 85 3E 85 4F 85 61 85 73 85 86 85 98 85 AA 85 BD 85 CF 85 E2 85 F5 85 08 86 1B 86 2E 86 41 86 54 86 68 86 7C 86 8F 86 A3 86 B7 86 CB 86 DF 86 F3 86 08 87 1C 87 31 87 45 87 5A 87 6F 87 84 87 99 87 AE 87 C3 87 D9 87 EE 87 04 88 19 88 2F 88 45 88 5B 88 71 88 88 88 9E 88 B4 88 CB 88 E1 88 F8 88 0F 89 26 89 3D 89 54 89 6B 89 83 89 9A 89 B2 89 C9 89 E1 89 F9 89,17.49943s,Vector SLP3,76 1B,,,
17.52555s,Vector SLP3,36 1C 11 8A 29 8A 41 8A 59 8A 71 8A 8A 8A A2 8A BB 8A D4 8A ED 8A 06 8B 1F 8B 38 8B 51 8B 6A 8B 84 8B 9D 8B B7 8B D0 8B EA 8B 04 8C 1E 8C 38 8C 52 8C 6D 8C 87 8C A2 8C BC 8C D7 8C F1 8C 0C 8D 27 8D 42 8D 5D 8D 79 8D 94 8D AF 8D CB 8D E6 8D 02 8E 1E 8E 3A 8E 56 8E 72 8E 8E 8E AA 8E C6 8E E3 8E FF 8E 1C 8F 38 8F 55 8F 72 8F 8F 8F AC 8F C9 8F E6 8F 04 90 21 90 3E 90 5C 90 7A 90 97 90 B5 90,17.52992s,Vector SLP3,76 1C,,,
17.55654s,Vector SLP3,36 1D D3 90 F1 90 0F 91 2D 91 4B 91 6A 91 88 91 A7 91 C5 91 E4 91 03 92 22 92 40 92 5F 92 7F 92 9E 92 BD 92 DC 92 FC 92 1B 93 3B 93 5A 93 7A 93 9A 93 BA 93 DA 93 FA 93 1A 94 3A 94 5B 94 7B 94 9C 94 BC 94 DD 94 FD 94 1E 95 3F 95 60 95 81 95 A2 95 C3 95 E5 95 06 96 27 96 49 96 6B 96 8C 96 AE 96 D0 96 F2 96 14 97 36 97 58 97 7A 97 9C 97 BE 97 E1 97 03 98 26 98 49 98 6B 98 8E 98 B1 98 D4 98,17.56116s,Vector SLP3,76 1D,,,
17.58830s,Vector SLP3,36 1E F7 98 1A 99 3D 99 60 99 84 99 A7 99 CA 99 EE 99 12 9A 35 9A 59 9A 7D 9A A1 9A C4 9A E9 9A 0D 9B 31 9B 55 9B 79 9B 9E 9B C2 9B E7 9B 0B 9C 30 9C 54 9C 79 9C 9E 9C C3 9C E8 9C 0D 9D 32 9D 57 9D 7D 9D A2 9D C7 9D ED 9D 12 9E 38 9E 5E 9E 83 9E A9 9E CF 9E F5 9E 1B 9F 41 9F 67 9F 8D 9F B3 9F DA 9F 00 A0 26 A0 4D A0 73 A0 9A A0 C1 A0 E8 A0 0E A1 35 A1 5C A1 83 A1 AA A1 D1 A1 F9 A1 20 A2,17.59302s,Vector SLP3,76 1E,,,
17.61932s,Vector SLP3,36 1F 47 A2 6E A2 96 A2 BD A2 E5 A2 0D A3 34 A3 5C A3 84 A3 AC A3 D4 A3 FC A3 24 A4 4C A4 74 A4 9C A4 C4 A4 ED A4 15 A5 3D A5 66 A5 8E A5 B7 A5 E0 A5 09 A6 31 A6 5A A6 83 A6 AC A6 D5 A6 FE A6 27 A7 50 A7 7A A7 A3 A7 CC A7 F6 A7 1F A8 49 A8 72 A8 9C A8 C6 A8 EF A8 19 A9 43 A9 6D A9 97 A9 C1 A9 EB A9 15 AA 3F AA 69 AA 94 AA BE AA E8 AA 13 AB 3D AB 68 AB 93 AB BD AB E8 AB 13 AC 3D AC 68 AC,17.62388s,Vector SLP3,76 1F,,,
17.65015s,Vector SLP3,36 20 93 AC BE AC E9 AC 14 AD 3F AD 6A AD 96 AD C1 AD EC AD 18 AE 43 AE 6E AE 9A AE C5 AE F1 AE 1D AF 48 AF 74 AF A0 AF CC AF F8 AF 24 B0 50 B0 7C B0 A8 B0 D4 B0 00 B1 2C B1 59 B1 85 B1 B1 B1 DE B1 0A B2 37 B2 63 B2 90 B2 BC B2 E9 B2 16 B3 43 B3 6F B3 9C B3 C9 B3 F6 B3 23 B4 50 B4 7D B4 AB B4 D8 B4 00 00 14 00 29 00 3D 00 51 00 66 00 7A 00 8F 00 A3 00 B7 00 CC 00 E0 00 F4 00 09 01 1D 01,17.65475s,Vector SLP3,76 20,,,
17.68301s,Vector SLP3,36 21 31 01 46 01 5A 01 6F 01 83 01 97 01 AC 01 C0 01 D4 01 E9 01 FD 01 11 02 26 02 3A 02 4E 02 62 02 77 02 8B 02 9F 02 B4 02 C8 02 DC 02 F0 02 05 03 19 03 2D 03 41 03 56 03 6A 03 7E 03 92 03 A7 03 BB 03 CF 03 E3 03 F7 03 0C 04 20 04 34 04 48 04 5C 04 70 04 84 04 99 04 AD 04 C1 04 D5 04 E9 04 FD 04 11 05 25 05 39 05 4D 05 61 05 75 05 89 05 9D 05 B1 05 C5 05 D9 05 ED 05 01 06 15 06 29 06,17.68760s,Vector SLP3,76 21,,,
17.71495s,Vector SLP3,36 22 3D 06 51 06 65 06 78 06 8C 06 A0 06 B4 06 C8 06 DC 06 EF 06 03 07 17 07 2B 07 3E 07 52 07 66 07 7A 07 8D 07 A1 07 B5 07 C8 07 DC 07 EF 07 03 08 17 08 2A 08 3E 08 51 08 65 08 78 08 8C 08 9F 08 B3 08 C6 08 DA 08 ED 08 01 09 14 09 27 09 3B 09 4E 09 61 09 75 09 88 09 9B 09 AE 09 C2 09 D5 09 E8 09 FB 09 0E 0A 22 0A 35 0A 48 0A 5B 0A 6E 0A 81 0A 94 0A A7 0A BA 0A CD 0A E0 0A F3 0A 06 0B,17.71946s,Vector SLP3,76 22,,,
17.74672s,Vector SLP3,36 23 19 0B 2C 0B 3F 0B 51 0B 64 0B 77 0B 8A 0B 9D 0B AF 0B C2 0B D5 0B E7 0B FA 0B 0D 0C 1F 0C 32 0C 45 0C 57 0C 6A 0C 7C 0C 8F 0C A1 0C B4 0C C6 0C D9 0C EB 0C FD 0C 10 0D 22 0D 34 0D 47 0D 59 0D 6B 0D 7D 0D 90 0D A2 0D B4 0D C6 0D D8 0D EA 0D FC 0D 0F 0E 21 0E 33 0E 45 0E 56 0E 68 0E 7A 0E 8C 0E 9E 0E B0 0E C2 0E D4 0E E5 0E F7 0E 09 0F 1B 0F 2C 0F 3E 0F 50 0F 61 0F 73 0F 84 0F 96 0F,17.75131s,Vector SLP3,76 23,,,
17.77866s,Vector SLP3,36 24 A7 0F B9 0F CA 0F DC 0F ED 0F FF 0F 10 10 21 10 33 10 44 10 55 10 67 10 78 10 89 10 9A 10 AB 10 BC 10 CE 10 DF 10 F0 10 01 11 12 11 23 11 34 11 45 11 56 11 66 11 77 11 88 11 99 11 AA 11 BB 11 CB 11 DC 11 ED 11 FD 11 0E 12 1F 12 2F 12 40 12 50 12 61 12 71 12 82 12 92 12 A3 12 B3 12 C3 12 D4 12 E4 12 F4 12 05 13 15 13 25 13 35 13 45 13 55 13 66 13 76 13 86 13 96 13 A6 13 B6 13 C6 13,17.78318s,Vector SLP3,76 24,,,
17.81222s,Vector SLP3,36 25 D6 13 E6 13 F5 13 05 14 15 14 25 14 35 14 44 14 54 14 64 14 73 14 83 14 93 14 A2 14 B2 14 C1 14 D1 14 E0 14 F0 14 FF 14 0F 15 1E 15 2D 15 3D 15 4C 15 5B 15 6B 15 7A 15 89 15 98 15 A7 15 B7 15 C6 15 D5 15 E4 15 F3 15 02 16 11 16 20 16 2F 16 3E 16 4C 16 5B 16 6A 16 79 16 88 16 96 16 A5 16 B4 16 C2 16 D1 16 E0 16 EE 16 FD 16 0B 17 1A 17 28 17 37 17 45 17 54 17 62 17 70 17 7F 17 8D 17,17.81665s,Vector SLP3,76 25,,,
17.84356s,Vector SLP3,36 26 9B 17 AA 17 B8 17 C6 17 D4 17 E2 17 F0 17 FE 17 0D 18 1B 18 29 18 37 18 45 18 53 18 60 18 6E 18 7C 18 8A 18 98 18 A6 18 B3 18 C1 18 CF 18 DD 18 EA 18 F8 18 06 19 13 19 21 19 2E 19 3C 19 49 19 57 19 64 19 72 19 7F 19 8C 19 9A 19 A7 19 B4 19 C2 19 CF 19 DC 19 E9 19 F6 19 04 1A 11 1A 1E 1A 2B 1A 38 1A 45 1A 52 1A 5F 1A 6C 1A 79 1A 86 1A 93 1A 9F 1A AC 1A B9 1A C6 1A D3 1A DF 1A EC 1A,17.84789s,Vector SLP3,76 26,,,
17.87400s,Vector SLP3,36 27 F9 1A 05 1B 12 1B 1F 1B 2B 1B 38 1B 44 1B 51 1B 5D 1B 6A 1B 76 1B 83 1B 8F 1B 9C 1B A8 1B B4 1B C1 1B CD 1B D9 1B E5 1B F2 1B FE 1B 0A 1C 16 1C 22 1C 2E 1C 3A 1C 46 1C 52 1C 5E 1C 6A 1C 76 1C 82 1C 8E 1C 9A 1C A6 1C B2 1C BE 1C C9 1C D5 1C E1 1C ED 1C F8 1C 04 1D 10 1D 1B 1D 27 1D 33 1D 3E 1D 4A 1D 55 1D 61 1D 6C 1D 78 1D 83 1D 8E 1D 9A 1D A5 1D B1 1D BC 1D C7 1D D3 1D DE 1D E9 1D,17.87838s,Vector SLP3,76 27,,,
17.90493s,Vector SLP3,36 28 F4 1D FF 1D 0B 1E 16 1E 21 1E 2C 1E 37 1E 42 1E 4D 1E 58 1E 63 1E 6E 1E 79 1E 84 1E 8F 1E 9A 1E A5 1E B0 1E BA 1E C5 1E D0 1E DB 1E E6 1E F0 1E FB 1E 06 1F 10 1F 1B 1F 26 1F 30 1F 3B 1F 45 1F 50 1F 5A 1F 65 1F 6F 1F 7A 1F 84 1F 8F 1F 99 1F A4 1F AE 1F B8 1F C3 1F CD 1F D7 1F E1 1F EC 1F F6 1F B6 B6 00 00 E2 04 0C 02 03 04 05 06 07 07 08 09 FB 06 5B C1 42 03 C4 85 47 08 25 85 89 49,17.90962s,Vector SLP3,76 28,,,
17.93595s,Vector SLP3,36 29 89 59 39 39 89 69 84 88 E2 03 00 18 FB 03 00 18 DA 03 00 18 E4 03 00 18 E8 03 00 18 F0 03 00 18 F5 03 00 18 F8 03 00 18 03 04 00 18 0B 04 00 18 01 02 04 00 00 00 00 00 00 00 00 01 01 02 04 08 10 20 40 80 01 00 7C 00 00 00 00 00 00 00 00 7F 00 90 3F FF 00 0F D0 FF FF 0F 00 00 00 00 30 00 00 00 C0 00 00 00 00 00 00 00 00 FF FF FF 00 00 00 00 00 00 00 00 00 04 00 00 00 F0 45 54 01 11,17.94049s,Vector SLP3,76 29,,,
17.96772s,Vector SLP3,36 2A 47 54 01 11 4F 54 01 11 57 54 01 11 5B 54 01 11 63 54 01 11 68 54 01 11 6B 54 01 11 6E 54 01 11 76 54 01 11 11 04 00 18 19 04 00 18 00 02 03 04 05 06 07 01 08 09 B6 B6 E5 38 00 00 DD 38 00 00 D5 38 00 00 75 38 00 00 65 38 00 00 45 38 00 00 1D 39 00 00 0D 39 00 00 25 39 00 00 15 39 00 00 ED 38 00 00 F5 38 00 00 00 01 02 03 04 05 06 07 08 0C 10 14 18 20 30 40 27 81 FF 18 27 82 FF 18,17.97235s,Vector SLP3,76 2A,,,
17.99971s,Vector SLP3,36 2B 81 80 FF 18 82 80 FF 18 81 8A FF 18 82 8A FF 18 FA 81 FF 18 FA 82 FF 18 81 FA FF 18 82 FA FF 18 81 CA FE 0C 82 CA FE 0C 10 14 18 1C 20 28 38 48 00 B6 B6 B6 27 81 FF 18 27 82 FF 18 81 80 FF 18 82 80 FF 18 81 8A FF 18 82 8A FF 18 FA 81 FF 18 FA 82 FF 18 81 FA FF 18 82 FA FF 18 81 CA FE 0C 82 CA FE 0C 94 55 01 11 00 00 00 18 EC 04 00 00 A0 2D 01 11 6C 56 01 11 EC 04 00 18 74 09 00 00,18.00421s,Vector SLP3,76 2B,,,
18.03042s,Vector SLP3,36 2C AC 2F 01 11 FF FF FF FF 0F BC FF FF 21 C9 FF FF 09 D1 FF FF 41 02 2E 01 0A 18 03 19 2B 2C 01 04 01 18 0A 1E 01 69 13 04 83 43 80 3F 33 E2 04 4A C8 0C C5 CB 02 63 08 23 CB 02 C9 12 01 14 0C 2D F4 01 F4 D7 01 34 09 2A 64 07 10 A0 0F A0 0F B6 B6 1A 32 02 69 06 09 12 1C 49 02 D1 4A 34 04 2F E8 03 E8 03 70 17 04 01 15 22 40 5A C8 02 01 30 9A 01 D6 29 0B 14 80 3E 0A 29 02 51 E2 30 45 CB,18.03507s,Vector SLP3,76 2C,,,
18.06140s,Vector SLP3,36 2D 02 63 08 4D 72 4F E2 04 02 93 89 41 19 35 B9 10 71 3D 80 3E 38 C7 59 01 23 2B 02 01 03 41 12 8A 2B A4 04 04 01 58 2B 9A 01 02 01 18 8B FF 7F 02 0B 1A 71 02 02 21 A9 04 01 26 83 B6 B6 03 12 05 0D 13 38 C7 09 17 98 01 69 19 A2 0A 13 03 86 7C 21 80 FF 01 89 C8 01 24 13 94 04 06 28 18 30 55 01 11 4C F4 01 F4 82 0A 28 EE 34 C1 B6 B6 B6 B6 B6 B6 B6 B6 B6 B6 B6 B6 B6 B6 B6 B6 B6 B6 B6 B6,18.06594s,Vector SLP3,76 2D,,,
18.09306s,Vector SLP3,36 2E B6 B6 B6 B6 B6 B6 B6 B6 B6 B6 B6 B6 B6 B6 B6 B6 B6 B6 B6 B6 B6 B6 B6 B6 B6 B6 B6 B6 B6 B6 B6 B6 B6 B6 B6 B6 B6 B6 B6 B6 B6 B6 B6 B6 B6 B6 B6 B6 B6 B6 B6 B6 B6 B6 B6 B6 B6 B6 B6 B6 B6 B6 B6 B6 B6 B6 B6 B6 B6 B6 B6 B6 B6 B6 B6 B6 B6 B6 B6 B6 B6 B6 B6 B6 B6 B6 B6 B6 B6 B6 B6 B6 B6 B6 B6 B6 B6 B6 B6 B6 B6 B6 B6 B6 B6 B6 B6 B6 B6 B6 B6 B6 B6 B6 B6 B6 B6 B6 B6 B6 B6 B6 B6 B6 B6 B6 B6 B6,18.09742s,Vector SLP3,76 2E,,,
18.12404s,Vector SLP3,36 2F B6 B6 B6 B6 B6 B6 B6 B6 B6 B6 B6 B6 B6 B6 B6 B6 B6 B6 B6 B6 B6 B6 B6 B6 B6 B6 B6 B6 B6 B6 B6 B6 B6 B6 B6 B6 B6 B6 B6 B6 B6 B6 B6 B6 B6 B6 B6 B6 B6 B6 B6 B6 B6 B6 B6 B6 B6 B6 B6 B6 B6 B6 B6 B6 B6 B6 B6 B6 B6 B6 B6 B6 B6 B6 B6 B6 B6 B6 B6 B6 B6 B6 B6 B6 B6 B6 B6 B6 B6 B6 B6 B6 B6 B6 B6 B6 B6 B6 B6 B6 B6 B6 B6 B6 B6 B6 B6 B6 B6 B6 B6 B6 B6 B6 B6 B6 B6 B6 B6 B6 B6 B6 B6 B6 B6 B6 B6 B6,18.12866s,Vector SLP3,76 2F,,,
18.15485s,Vector SLP3,36 30 B6 B6 B6 B6 B6 B6 B6 B6 B6 B6 B6 B6 B6 B6 B6 B6 B6 B6 B6 B6 B6 B6 B6 B6 B6 B6 B6 B6 B6 B6 B6 B6 B6 B6 B6 B6 B6 B6 B6 B6 B6 B6 B6 B6 B6 B6 B6 B6 B6 B6 B6 B6 B6 B6 B6 B6 B6 B6 B6 B6 B6 B6 B6 B6 B6 B6 B6 B6 B6 B6 B6 B6 B6 B6 B6 B6 B6 B6 B6 B6 B6 B6 B6 B6 B6 B6 B6 B6 B6 B6 B6 B6 B6 B6 B6 B6 B6 B6 B6 B6 B6 B6 B6 B6 B6 B6 B6 B6 B6 B6 B6 B6 B6 B6 B6 B6 B6 B6 B6 B6 B6 B6 B6 B6 B6 B6 B6 B6,18.15952s,Vector SLP3,76 30,,,
18.18682s,Vector SLP3,36 31 B6 B6 B6 B6 B6 B6 B6 B6 B6 B6 B6 B6 B6 B6 B6 B6 B6 B6 B6 B6 B6 B6 B6 B6 B6 B6 B6 B6 B6 B6 B6 B6 B6 B6 B6 B6 B6 B6 B6 B6 B6 B6 B6 B6 B6 B6 B6 B6 B6 B6 B6 B6 B6 B6 B6 B6 B6 B6 B6 B6 B6 B6 B6 B6 B6 B6 B6 B6 B6 B6 B6 B6 B6 B6 B6 B6 B6 B6 B6 B6 B6 B6 B6 B6 B6 B6 B6 B6 B6 B6 B6 B6 B6 B6 B6 B6 B6 B6 B6 B6 B6 B6 B6 B6 B6 B6 B6 B6 B6 B6 B6 B6 B6 B6 B6 B6 B6 B6 B6 B6 B6 B6 B6 B6 B6 B6 B6 B6,18.19138s,Vector SLP3,76 31,,,
18.21764s,Vector SLP3,36 32 B6 B6 B6 B6 B6 B6 B6 B6 B6 B6 B6 B6 B6 B6 B6 B6 B6 B6 B6 B6 B6 B6 B6 B6 B6 B6 B6 B6 B6 B6 B6 B6 B6 B6 B6 B6 B6 B6 B6 B6 B6 B6 B6 B6 B6 B6 B6 B6 B6 B6 B6 B6 B6 B6 B6 B6 B6 B6 B6 B6 B6 B6 B6 B6 B6 B6 B6 B6 B6 B6 B6 B6 B6 B6 B6 B6 B6 B6 B6 B6 B6 B6 B6 B6 B6 B6 B6 B6 B6 B6 B6 B6 B6 B6 B6 B6 B6 B6 B6 B6 B6 B6 B6 B6 B6 B6 B6 B6 B6 B6 B6 B6 B6 B6 B6 B6 B6 B6 B6 B6 B6 B6 B6 B6 B6 B6 B6 B6,18.22225s,Vector SLP3,76 32,,,
18.24919s,Vector SLP3,36 33 B6 B6 B6 B6 B6 B6 B6 B6 B6 B6 B6 B6 B6 B6 B6 B6 B6 B6 B6 B6 B6 B6 B6 B6 B6 B6 B6 B6 B6 B6 B6 B6 B6 B6 B6 B6 B6 B6 B6 B6 B6 B6 B6 B6 B6 B6 B6 B6 B6 B6 B6 B6 B6 B6 B6 B6 B6 B6 B6 B6 B6 B6 B6 B6 B6 B6 B6 B6 B6 B6 B6 B6 B6 B6 B6 B6 B6 B6 B6 B6 B6 B6 B6 B6 B6 B6 B6 B6 B6 B6 B6 B6 B6 B6 B6 B6 B6 B6 B6 B6 B6 B6 B6 B6 B6 B6 B6 B6 B6 B6 B6 B6 B6 B6 B6 B6 B6 B6 B6 B6 B6 B6 B6 B6 B6 B6 B6 B6,18.25374s,Vector SLP3,76 33,,,
18.28015s,Vector SLP3,36 34 B6 B6 B6 B6 B6 B6 B6 B6 B6 B6 B6 B6 B6 B6 B6 B6 B6 B6 B6 B6 B6 B6 B6 B6 B6 B6 B6 B6 B6 B6 B6 B6 B6 B6 B6 B6 B6 B6 B6 B6 B6 B6 B6 B6 B6 B6 B6 B6 B6 B6 B6 B6 B6 B6 B6 B6 B6 B6 B6 B6 B6 B6 B6 B6 B6 B6 B6 B6 B6 B6 B6 B6 B6 B6 B6 B6 B6 B6 B6 B6 B6 B6 B6 B6 B6 B6 B6 B6 B6 B6 B6 B6 B6 B6 B6 B6 B6 B6 B6 B6 B6 B6 B6 B6 B6 B6 B6 B6 B6 B6 B6 B6 B6 B6 B6 B6 B6 B6 B6 B6 B6 B6 B6 B6 B6 B6 B6 B6,18.28461s,Vector SLP3,76 34,,,
18.31402s,Vector SLP3,36 35 B6 B6 B6 B6 B6 B6 B6 B6 B6 B6 B6 B6 B6 B6 B6 B6 B6 B6 B6 B6 B6 B6 B6 B6 B6 B6 B6 B6 B6 B6 B6 B6 B6 B6 B6 B6 B6 B6 B6 B6 B6 B6 B6 B6 B6 B6 B6 B6 B6 B6 B6 B6 B6 B6 B6 B6 B6 B6 B6 B6 B6 B6 B6 B6 B6 B6 B6 B6 B6 B6 B6 B6 B6 B6 B6 B6 B6 B6 B6 B6 B6 B6 B6 B6 B6 B6 B6 B6 B6 B6 B6 B6 B6 B6 B6 B6 B6 B6 B6 B6 B6 B6 B6 B6 B6 B6 B6 B6 B6 B6 B6 B6 B6 B6 B6 B6 B6 B6 B6 B6 B6 B6 B6 B6 B6 B6 B6 B6,18.31846s,Vector SLP3,76 35,,,
18.34496s,Vector SLP3,36 36 B6 B6 B6 B6 B6 B6 B6 B6 B6 B6 B6 B6 B6 B6 B6 B6 B6 B6 B6 B6 B6 B6 B6 B6 B6 B6 B6 B6 B6 B6 B6 B6 B6 B6 B6 B6 B6 B6 B6 B6 B6 B6 B6 B6 B6 B6 B6 B6 B6 B6 B6 B6 B6 B6 B6 B6 B6 B6 B6 B6 B6 B6 B6 B6 B6 B6 B6 B6 B6 B6 B6 B6 B6 B6 B6 B6 B6 B6 B6 B6 B6 B6 B6 B6 B6 B6 B6 B6 B6 B6 B6 B6 B6 B6 B6 B6 B6 B6 B6 B6 B6 B6 B6 B6 B6 B6 B6 B6 B6 B6 B6 B6 B6 B6 B6 B6 B6 B6 B6 B6 B6 B6 B6 B6 B6 B6 B6 B6,18.34932s,Vector SLP3,76 36,,,
18.37580s,Vector SLP3,36 37 B6 B6 B6 B6 B6 B6 B6 B6 B6 B6 B6 B6 B6 B6 B6 B6 B6 B6 B6 B6 B6 B6 B6 B6 B6 B6 B6 B6 B6 B6 B6 B6 B6 B6 B6 B6 B6 B6 B6 B6 B6 B6 B6 B6 B6 B6 B6 B6 B6 B6 B6 B6 B6 B6 B6 B6 B6 B6 B6 B6 B6 B6 B6 B6 B6 B6 B6 B6 B6 B6 B6 B6 B6 B6 B6 B6 B6 B6 B6 B6 B6 B6 B6 B6 B6 B6 B6 B6 B6 B6 B6 B6 B6 B6 B6 B6 B6 B6 B6 B6 B6 B6 B6 B6 B6 B6 B6 B6 B6 B6 B6 B6 B6 B6 B6 B6 B6 B6 B6 B6 B6 B6 B6 B6 B6 B6 B6 B6,18.38019s,Vector SLP3,76 37,,,
18.40666s,Vector SLP3,36 38 B6 B6 B6 B6 B6 B6 B6 B6 B6 B6 B6 B6 B6 B6 B6 B6 B6 B6 B6 B6 B6 B6 B6 B6 B6 B6 B6 B6 B6 B6 B6 B6 B6 B6 B6 B6 B6 B6 B6 B6 B6 B6 B6 B6 B6 B6 B6 B6 B6 B6 B6 B6 B6 B6 B6 B6 B6 B6 B6 B6 B6 B6 B6 B6 B6 B6 B6 B6 B6 B6 B6 B6 B6 B6 B6 B6 B6 B6 B6 B6 B6 B6 B6 B6 B6 B6 B6 B6 B6 B6 B6 B6 B6 B6 B6 B6 B6 B6 B6 B6 B6 B6 B6 B6 B6 B6 B6 B6 B6 B6 B6 B6 B6 B6 B6 B6 B6 B6 B6 B6 B6 B6 B6 B6 B6 B6 B6 B6,18.41106s,Vector SLP3,76 38,,,
18.43752s,Vector SLP3,36 39 B6 B6 B6 B6 B6 B6 B6 B6 B6 B6 B6 B6 B6 B6 B6 B6 B6 B6 B6 B6 B6 B6 B6 B6 B6 B6 B6 B6 B6 B6 B6 B6 B6 B6 B6 B6 B6 B6 B6 B6 B6 B6 B6 B6 B6 B6 B6 B6 B6 B6 B6 B6 B6 B6 B6 B6 B6 B6 B6 B6 B6 B6 B6 B6 B6 B6 B6 B6 B6 B6 B6 B6 B6 B6 B6 B6 B6 B6 B6 B6 B6 B6 B6 B6 B6 B6 B6 B6 B6 B6 B6 B6 B6 B6 B6 B6 B6 B6 B6 B6 B6 B6 B6 B6 B6 B6 B6 B6 B6 B6 B6 B6 B6 B6 B6 B6 B6 B6 B6 B6 B6 B6 B6 B6 B6 B6 B6 B6,18.44193s,Vector SLP3,76 39,,,
18.46851s,Vector SLP3,36 3A B6 B6 B6 B6 B6 B6 B6 B6 B6 B6 B6 B6 B6 B6 B6 B6 B6 B6 B6 B6 B6 B6 B6 B6 B6 B6 B6 B6 B6 B6 B6 B6 B6 B6 B6 B6 B6 B6 B6 B6 B6 B6 B6 B6 B6 B6 B6 B6 B6 B6 B6 B6 B6 B6 B6 B6 B6 B6 B6 B6 B6 B6 B6 B6 B6 B6 B6 B6 B6 B6 B6 B6 B6 B6 B6 B6 B6 B6 B6 B6 B6 B6 B6 B6 B6 B6 B6 B6 B6 B6 B6 B6 B6 B6 B6 B6 B6 B6 B6 B6 B6 B6 B6 B6 B6 B6 B6 B6 B6 B6 B6 B6 B6 B6 B6 B6 B6 B6 B6 B6 B6 B6 B6 B6 B6 B6 B6 B6,18.47317s,Vector SLP3,76 3A,,,
18.49934s,Vector SLP3,36 3B B6 B6 B6 B6 B6 B6 B6 B6 B6 B6 B6 B6 B6 B6 B6 B6 B6 B6 B6 B6 B6 B6 B6 B6 B6 B6 B6 B6 B6 B6 B6 B6 B6 B6 B6 B6 B6 B6 B6 B6 B6 B6 B6 B6 B6 B6 B6 B6 B6 B6 B6 B6 B6 B6 B6 B6 B6 B6 B6 B6 B6 B6 B6 B6 B6 B6 B6 B6 B6 B6 B6 B6 B6 B6 B6 B6 B6 B6 B6 B6 B6 B6 B6 B6 B6 B6 B6 B6 B6 B6 B6 B6 B6 B6 B6 B6 B6 B6 B6 B6 B6 B6 B6 B6 B6 B6 B6 B6 B6 B6 B6 B6 B6 B6 B6 B6 B6 B6 B6 B6 B6 B6 B6 B6 B6 B6 B6 B6,18.50404s,Vector SLP3,76 3B,,,
18.53128s,Vector SLP3,36 3C B6 B6 B6 B6 B6 B6 B6 B6 B6 B6 B6 B6 B6 B6 B6 B6 B6 B6 B6 B6 B6 B6 B6 B6 B6 B6 B6 B6 B6 B6 B6 B6 B6 B6 B6 B6 B6 B6 B6 B6 B6 B6 B6 B6 B6 B6 B6 B6 B6 B6 B6 B6 B6 B6 B6 B6 B6 B6 B6 B6 B6 B6 B6 B6 B6 B6 B6 B6 B6 B6 B6 B6 B6 B6 B6 B6 B6 B6 B6 B6 B6 B6 B6 B6 B6 B6 B6 B6 B6 B6 B6 B6 B6 B6 B6 B6 B6 B6 B6 B6 B6 B6 B6 B6 B6 B6 B6 B6 B6 B6 B6 B6 B6 B6 B6 B6 B6 B6 B6 B6 B6 B6 B6 B6 B6 B6 B6 B6,18.53590s,Vector SLP3,76 3C,,,
18.56309s,Vector SLP3,36 3D B6 B6 B6 B6 B6 B6 B6 B6 B6 B6 B6 B6 B6 B6 B6 B6 B6 B6 B6 B6 B6 B6 B6 B6 B6 B6 B6 B6 B6 B6 B6 B6 B6 B6 B6 B6 B6 B6 B6 B6 B6 B6 B6 B6 B6 B6 B6 B6 B6 B6 B6 B6 B6 B6 B6 B6 B6 B6 B6 B6 B6 B6 B6 B6 B6 B6 B6 B6 B6 B6 B6 B6 B6 B6 B6 B6 B6 B6 B6 B6 B6 B6 B6 B6 B6 B6 B6 B6 B6 B6 B6 B6 B6 B6 B6 B6 B6 B6 B6 B6 B6 B6 B6 B6 B6 B6 B6 B6 B6 B6 B6 B6 B6 B6 B6 B6 B6 B6 B6 B6 B6 B6 B6 B6 B6 B6 B6 B6,18.56777s,Vector SLP3,76 3D,,,
18.59501s,Vector SLP3,36 3E B6 B6 B6 B6 B6 B6 B6 B6 B6 B6 B6 B6 B6 B6 B6 B6 B6 B6 B6 B6 B6 B6 B6 B6 B6 B6 B6 B6 B6 B6 B6 B6 B6 B6 B6 B6 B6 B6 B6 B6 B6 B6 B6 B6 B6 B6 B6 B6 B6 B6 B6 B6 B6 B6 B6 B6 B6 B6 B6 B6 B6 B6 B6 B6 B6 B6 B6 B6 B6 B6 B6 B6 B6 B6 B6 B6 B6 B6 B6 B6 B6 B6 B6 B6 B6 B6 B6 B6 B6 B6 B6 B6 B6 B6 B6 B6 B6 B6 B6 B6 B6 B6 B6 B6 B6 B6 B6 B6 B6 B6 B6 B6 B6 B6 B6 B6 B6 B6 B6 B6 B6 B6 B6 B6 B6 B6 B6 B6,18.59963s,Vector SLP3,76 3E,,,
18.62695s,Vector SLP3,36 3F B6 B6 B6 B6 B6 B6 B6 B6 B6 B6 B6 B6 B6 B6 B6 B6 B6 B6 B6 B6 B6 B6 B6 B6 B6 B6 B6 B6 B6 B6 B6 B6 B6 B6 B6 B6 B6 B6 B6 B6 B6 B6 B6 B6 B6 B6 B6 B6 B6 B6 B6 B6 B6 B6 B6 B6 B6 B6 B6 B6 B6 B6 B6 B6 B6 B6 B6 B6 B6 B6 B6 B6 B6 B6 B6 B6 B6 B6 B6 B6 B6 B6 B6 B6 B6 B6 B6 B6 B6 B6 B6 B6 B6 B6 B6 B6 B6 B6 B6 B6 B6 B6 B6 B6 B6 B6 B6 B6 B6 B6 B6 B6 B6 B6 B6 B6 B6 B6 B6 B6 B6 B6 B6 B6 B6 B6 B6 B6,18.63149s,Vector SLP3,76 3F,,,
18.65845s,Vector SLP3,36 40 B6 B6 B6 B6 B6 B6 B6 B6 B6 B6 B6 B6 B6 B6 B6 B6 B6 B6 B6 B6 B6 B6 B6 B6 B6 B6 B6 B6 B6 B6 B6 B6 B6 B6 B6 B6 B6 B6 B6 B6 B6 B6 B6 B6 B6 B6 B6 B6 B6 B6 B6 B6 B6 B6 B6 B6 B6 B6 B6 B6 B6 B6 B6 B6 B6 B6 B6 B6 B6 B6 B6 B6 B6 B6 B6 B6 B6 B6 B6 B6 B6 B6 B6 B6 B6 B6 B6 B6 B6 B6 B6 B6 B6 B6 B6 B6 B6 B6 B6 B6 B6 B6 B6 B6 B6 B6 B6 B6 B6 B6 B6 B6 B6 B6 B6 B6 B6 B6 B6 B6 B6 B6 B6 B6 B6 B6 B6 B6,18.66297s,Vector SLP3,76 40,,,
18.68944s,Vector SLP3,36 41 B6 B6 B6 B6 B6 B6 B6 B6 B6 B6 B6 B6 B6 B6 B6 B6 B6 B6 B6 B6 B6 B6 B6 B6 B6 B6 B6 B6 B6 B6 B6 B6 B6 B6 B6 B6 B6 B6 B6 B6 B6 B6 B6 B6 B6 B6 B6 B6 B6 B6 B6 B6 B6 B6 B6 B6 B6 B6 B6 B6 B6 B6 B6 B6 B6 B6 B6 B6 B6 B6 B6 B6 B6 B6 B6 B6 B6 B6 B6 B6 B6 B6 B6 B6 B6 B6 B6 B6 B6 B6 B6 B6 B6 B6 B6 B6 B6 B6 B6 B6 B6 B6 B6 B6 B6 B6 B6 B6 B6 B6 B6 B6 B6 B6 B6 B6 B6 B6 B6 B6 B6 B6 B6 B6 B6 B6 B6 B6,18.69383s,Vector SLP3,76 41,,,
18.72022s,Vector SLP3,36 42 B6 B6 B6 B6 B6 B6 B6 B6 B6 B6 B6 B6 B6 B6 B6 B6 B6 B6 B6 B6 B6 B6 B6 B6 B6 B6 B6 B6 B6 B6 B6 B6 B6 B6 B6 B6 B6 B6 B6 B6 B6 B6 B6 B6 B6 B6 B6 B6 B6 B6 B6 B6 B6 B6 B6 B6 B6 B6 B6 B6 B6 B6 B6 B6 B6 B6 B6 B6 B6 B6 B6 B6 B6 B6 B6 B6 B6 B6 B6 B6 B6 B6 B6 B6 B6 B6 B6 B6 B6 B6 B6 B6 B6 B6 B6 B6 B6 B6 B6 B6 B6 B6 B6 B6 B6 B6 B6 B6 B6 B6 B6 B6 B6 B6 B6 B6 B6 B6 B6 B6 B6 B6 B6 B6 B6 B6 B6 B6,18.72469s,Vector SLP3,76 42,,,
18.75119s,Vector SLP3,36 43 B6 B6 B6 B6 B6 B6 B6 B6 B6 B6 B6 B6 B6 B6 B6 B6 B6 B6 B6 B6 B6 B6 B6 B6 B6 B6 B6 B6 B6 B6 B6 B6 B6 B6 B6 B6 B6 B6 B6 B6 B6 B6 B6 B6 B6 B6 B6 B6 B6 B6 B6 B6 B6 B6 B6 B6 B6 B6 B6 B6 B6 B6 B6 B6 B6 B6 B6 B6 B6 B6 B6 B6 B6 B6 B6 B6 B6 B6 B6 B6 B6 B6 B6 B6 B6 B6 B6 B6 B6 B6 B6 B6 B6 B6 B6 B6 B6 B6 B6 B6 B6 B6 B6 B6 B6 B6 B6 B6 B6 B6 B6 B6 B6 B6 B6 B6 B6 B6 B6 B6 B6 B6 B6 B6 B6 B6 B6 B6,18.75554s,Vector SLP3,76 43,,,
18.78194s,Vector SLP3,36 44 B6 B6 B6 B6 B6 B6 B6 B6 B6 B6 B6 B6 B6 B6 B6 B6 B6 B6 B6 B6 B6 B6 B6 B6 B6 B6 B6 B6 B6 B6 B6 B6 B6 B6 B6 B6 B6 B6 B6 B6 B6 B6 B6 B6 B6 B6 B6 B6 B6 B6 B6 B6 B6 B6 B6 B6 B6 B6 B6 B6 B6 B6 B6 B6 B6 B6 B6 B6 B6 B6 B6 B6 B6 B6 B6 B6 B6 B6 B6 B6 B6 B6 B6 B6 B6 B6 B6 B6 B6 B6 B6 B6 B6 B6 B6 B6 B6 B6 B6 B6 B6 B6 B6 B6 B6 B6 B6 B6 B6 B6 B6 B6 B6 B6 B6 B6 B6 B6 B6 B6 B6 B6 B6 B6 B6 B6 B6 B6,18.78641s,Vector SLP3,76 44,,,
18.81398s,Vector SLP3,36 45 B6 B6 B6 B6 B6 B6 B6 B6 B6 B6 B6 B6 B6 B6 B6 B6 B6 B6 B6 B6 B6 B6 B6 B6 B6 B6 B6 B6 B6 B6 B6 B6 B6 B6 B6 B6 B6 B6 B6 B6 B6 B6 B6 B6 B6 B6 B6 B6 B6 B6 B6 B6 B6 B6 B6 B6 B6 B6 B6 B6 B6 B6 B6 B6 B6 B6 B6 B6 B6 B6 B6 B6 B6 B6 B6 B6 B6 B6 B6 B6 B6 B6 B6 B6 B6 B6 B6 B6 B6 B6 B6 B6 B6 B6 B6 B6 B6 B6 B6 B6 B6 B6 B6 B6 B6 B6 B6 B6 B6 B6 B6 B6 B6 B6 B6 B6 B6 B6 B6 B6 B6 B6 B6 B6 B6 B6 B6 B6,18.81864s,Vector SLP3,76 45,,,
18.84575s,Vector SLP3,36 46 B6 B6 B6 B6 B6 B6 B6 B6 B6 B6 B6 B6 B6 B6 B6 B6 B6 B6 B6 B6 B6 B6 B6 B6 B6 B6 B6 B6 B6 B6 B6 B6 B6 B6 B6 B6 B6 B6 B6 B6 B6 B6 B6 B6 B6 B6 B6 B6 B6 B6 B6 B6 B6 B6 B6 B6 B6 B6 B6 B6 B6 B6 B6 B6 B6 B6 B6 B6 B6 B6 B6 B6 B6 B6 B6 B6 B6 B6 B6 B6 B6 B6 B6 B6 B6 B6 B6 B6 B6 B6 B6 B6 B6 B6 B6 B6 B6 B6 B6 B6 B6 B6 B6 B6 B6 B6 B6 B6 B6 B6 B6 B6 B6 B6 B6 B6 B6 B6 B6 B6 B6 B6 B6 B6 B6 B6 B6 B6,18.85012s,Vector SLP3,76 46,,,
18.87671s,Vector SLP3,36 47 B6 B6 B6 B6 B6 B6 B6 B6 B6 B6 B6 B6 B6 B6 B6 B6 B6 B6 B6 B6 B6 B6 B6 B6 B6 B6 B6 B6 B6 B6 B6 B6 B6 B6 B6 B6 B6 B6 B6 B6 B6 B6 B6 B6 B6 B6 B6 B6 B6 B6 B6 B6 B6 B6 B6 B6 B6 B6 B6 B6 B6 B6 B6 B6 B6 B6 B6 B6 B6 B6 B6 B6 B6 B6 B6 B6 B6 B6 B6 B6 B6 B6 B6 B6 B6 B6 B6 B6 B6 B6 B6 B6 B6 B6 B6 B6 B6 B6 B6 B6 B6 B6 B6 B6 B6 B6 B6 B6 B6 B6 B6 B6 B6 B6 B6 B6 B6 B6 B6 B6 B6 B6 B6 B6 B6 B6 B6 B6,18.88136s,Vector SLP3,76 47,,,
18.90757s,Vector SLP3,36 48 B6 B6 B6 B6 B6 B6 B6 B6 B6 B6 B6 B6 B6 B6 B6 B6 B6 B6 B6 B6 B6 B6 B6 B6 B6 B6 B6 B6 B6 B6 B6 B6 B6 B6 B6 B6 B6 B6 B6 B6 B6 B6 B6 B6 B6 B6 B6 B6 B6 B6 B6 B6 B6 B6 B6 B6 B6 B6 B6 B6 B6 B6 B6 B6 B6 B6 B6 B6 B6 B6 B6 B6 B6 B6 B6 B6 B6 B6 B6 B6 B6 B6 B6 B6 B6 B6 B6 B6 B6 B6 B6 B6 B6 B6 B6 B6 B6 B6 B6 B6 B6 B6 B6 B6 B6 B6 B6 B6 B6 B6 B6 B6 B6 B6 B6 B6 B6 B6 B6 B6 B6 B6 B6 B6 B6 B6 B6 B6,18.91222s,Vector SLP3,76 48,,,
18.93931s,Vector SLP3,36 49 B6 B6 B6 B6 B6 B6 B6 B6 B6 B6 B6 B6 B6 B6 B6 B6 B6 B6 B6 B6 B6 B6 B6 B6 B6 B6 B6 B6 B6 B6 B6 B6 B6 B6 B6 B6 B6 B6 B6 B6 B6 B6 B6 B6 B6 B6 B6 B6 B6 B6 B6 B6 B6 B6 B6 B6 B6 B6 B6 B6 B6 B6 B6 B6 B6 B6 B6 B6 B6 B6 B6 B6 B6 B6 B6 B6 B6 B6 B6 B6 B6 B6 B6 B6 B6 B6 B6 B6 B6 B6 B6 B6 B6 B6 B6 B6 B6 B6 B6 B6 B6 B6 B6 B6 B6 B6 B6 B6 B6 B6 B6 B6 B6 B6 B6 B6 B6 B6 B6 B6 B6 B6 B6 B6 B6 B6 B6 B6,18.94370s,Vector SLP3,76 49,,,
18.97133s,Vector SLP3,36 4A B6 B6 B6 B6 B6 B6 B6 B6 B6 B6 B6 B6 B6 B6 B6 B6 B6 B6 B6 B6 B6 B6 B6 B6 B6 B6 B6 B6 B6 B6 B6 B6 B6 B6 B6 B6 B6 B6 B6 B6 B6 B6 B6 B6 B6 B6 B6 B6 B6 B6 B6 B6 B6 B6 B6 B6 B6 B6 B6 B6 B6 B6 B6 B6 B6 B6 B6 B6 B6 B6 B6 B6 B6 B6 B6 B6 B6 B6 B6 B6 B6 B6 B6 B6 B6 B6 B6 B6 B6 B6 B6 B6 B6 B6 B6 B6 B6 B6 B6 B6 B6 B6 B6 B6 B6 B6 B6 B6 B6 B6 B6 B6 B6 B6 B6 B6 B6 B6 B6 B6 B6 B6 B6 B6 B6 B6 B6 B6,18.97593s,Vector SLP3,76 4A,,,
19.00201s,Vector SLP3,36 4B B6 B6 B6 B6 B6 B6 B6 B6 B6 B6 B6 B6 B6 B6 B6 B6 B6 B6 B6 B6 B6 B6 B6 B6 B6 B6 B6 B6 B6 B6 B6 B6 B6 B6 B6 B6 B6 B6 B6 B6 B6 B6 B6 B6 B6 B6 B6 B6 B6 B6 B6 B6 B6 B6 B6 B6 B6 B6 B6 B6 B6 B6 B6 B6 B6 B6 B6 B6 B6 B6 B6 B6 B6 B6 B6 B6 B6 B6 B6 B6 B6 B6 B6 B6 B6 B6 B6 B6 B6 B6 B6 B6 B6 B6 B6 B6 B6 B6 B6 B6 B6 B6 B6 B6 B6 B6 B6 B6 B6 B6 B6 B6 B6 B6 B6 B6 B6 B6 B6 B6 B6 B6 B6 B6 B6 B6 B6 B6,19.00642s,Vector SLP3,76 4B,,,
19.03410s,Vector SLP3,36 4C B6 B6 B6 B6 B6 B6 B6 B6 B6 B6 B6 B6 B6 B6 B6 B6 B6 B6 B6 B6 B6 B6 B6 B6 B6 B6 B6 B6 B6 B6 B6 B6 B6 B6 B6 B6 B6 B6 B6 B6 B6 B6 B6 B6 B6 B6 B6 B6 B6 B6 B6 B6 B6 B6 B6 B6 B6 B6 B6 B6 B6 B6 B6 B6 B6 B6 B6 B6 B6 B6 B6 B6 B6 B6 B6 B6 B6 B6 B6 B6 B6 B6 B6 B6 B6 B6 B6 B6 B6 B6 B6 B6 B6 B6 B6 B6 B6 B6 B6 B6 B6 B6 B6 B6 B6 B6 B6 B6 B6 B6 B6 B6 B6 B6 B6 B6 B6 B6 B6 B6 B6 B6 B6 B6 B6 B6 B6 B6,19.03866s,Vector SLP3,76 4C,,,
19.06569s,Vector SLP3,36 4D B6 B6 B6 B6 B6 B6 B6 B6 B6 B6 B6 B6 B6 B6 B6 B6 B6 B6 B6 B6 B6 B6 B6 B6 B6 B6 B6 B6 B6 B6 B6 B6 B6 B6 B6 B6 B6 B6 B6 B6 B6 B6 B6 B6 B6 B6 B6 B6 B6 B6 B6 B6 B6 B6 B6 B6 B6 B6 B6 B6 B6 B6 B6 B6 B6 B6 B6 B6 B6 B6 B6 B6 B6 B6 B6 B6 B6 B6 B6 B6 B6 B6 B6 B6 B6 B6 B6 B6 B6 B6 B6 B6 B6 B6 B6 B6 B6 B6 B6 B6 B6 B6 B6 B6 B6 B6 B6 B6 B6 B6 B6 B6 B6 B6 B6 B6 B6 B6 B6 B6 B6 B6 B6 B6 B6 B6 B6 B6,19.07015s,Vector SLP3,76 4D,,,
19.09694s,Vector SLP3,36 4E B6 B6 B6 B6 B6 B6 B6 B6 B6 B6 B6 B6 B6 B6 B6 B6 B6 B6 B6 B6 B6 B6 B6 B6 B6 B6 B6 B6 B6 B6 B6 B6 B6 B6 B6 B6 B6 B6 B6 B6 B6 B6 B6 B6 B6 B6 B6 B6 B6 B6 B6 B6 B6 B6 B6 B6 B6 B6 B6 B6 B6 B6 B6 B6 B6 B6 B6 B6 B6 B6 B6 B6 B6 B6 B6 B6 B6 B6 B6 B6 B6 B6 B6 B6 B6 B6 B6 B6 B6 B6 B6 B6 B6 B6 B6 B6 B6 B6 B6 B6 B6 B6 B6 B6 B6 B6 B6 B6 B6 B6 B6 B6 B6 B6 B6 B6 B6 B6 B6 B6 B6 B6 B6 B6 B6 B6 B6 B6,19.10139s,Vector SLP3,76 4E,,,
19.12844s,Vector SLP3,36 4F B6 B6 B6 B6 B6 B6 B6 B6 B6 B6 B6 B6 B6 B6 B6 B6 B6 B6 B6 B6 B6 B6 B6 B6 B6 B6 B6 B6 B6 B6 B6 B6 B6 B6 B6 B6 B6 B6 B6 B6 B6 B6 B6 B6 B6 B6 B6 B6 B6 B6 B6 B6 B6 B6 B6 B6 B6 B6 B6 B6 B6 B6 B6 B6 B6 B6 B6 B6 B6 B6 B6 B6 B6 B6 B6 B6 B6 B6 B6 B6 B6 B6 B6 B6 B6 B6 B6 B6 B6 B6 B6 B6 B6 B6 B6 B6 B6 B6 B6 B6 B6 B6 B6 B6 B6 B6 B6 B6 B6 B6 B6 B6 B6 B6 B6 B6 B6 B6 B6 B6 B6 B6 B6 B6 B6 B6 B6 B6,19.13288s,Vector SLP3,76 4F,,,
19.15914s,Vector SLP3,36 50 B6 B6 B6 B6 B6 B6 B6 B6 B6 B6 B6 B6 B6 B6 B6 B6 B6 B6 B6 B6 B6 B6 B6 B6 B6 B6 B6 B6 B6 B6 B6 B6 B6 B6 B6 B6 B6 B6 B6 B6 B6 B6 B6 B6 B6 B6 B6 B6 B6 B6 B6 B6 B6 B6 B6 B6 B6 B6 B6 B6 B6 B6 B6 B6 B6 B6 B6 B6 B6 B6 B6 B6 B6 B6 B6 B6 B6 B6 B6 B6 B6 B6 B6 B6 B6 B6 B6 B6 B6 B6 B6 B6 B6 B6 B6 B6 B6 B6 B6 B6 B6 B6 B6 B6 B6 B6 B6 B6 B6 B6 B6 B6 B6 B6 B6 B6 B6 B6 B6 B6 B6 B6 B6 B6 B6 B6 B6 B6,19.16411s,Vector SLP3,76 50,,,
19.19122s,Vector SLP3,36 51 B6 B6 B6 B6 B6 B6 B6 B6 B6 B6 B6 B6 B6 B6 B6 B6 B6 B6 B6 B6 B6 B6 B6 B6 B6 B6 B6 B6 B6 B6 B6 B6 B6 B6 B6 B6 B6 B6 B6 B6 B6 B6 B6 B6 B6 B6 B6 B6 B6 B6 B6 B6 B6 B6 B6 B6 B6 B6 B6 B6 B6 B6 B6 B6 B6 B6 B6 B6 B6 B6 B6 B6 B6 B6 B6 B6 B6 B6 B6 B6 B6 B6 B6 B6 B6 B6 B6 B6 B6 B6 B6 B6 B6 B6 B6 B6 B6 B6 B6 B6 B6 B6 B6 B6 B6 B6 B6 B6 B6 B6 B6 B6 B6 B6 B6 B6 B6 B6 B6 B6 B6 B6 B6 B6 B6 B6 B6 B6,19.19560s,Vector SLP3,76 51,,,
19.22197s,Vector SLP3,36 52 B6 B6 B6 B6 B6 B6 B6 B6 B6 B6 B6 B6 B6 B6 B6 B6 B6 B6 B6 B6 B6 B6 B6 B6 B6 B6 B6 B6 B6 B6 B6 B6 B6 B6 B6 B6 B6 B6 B6 B6 B6 B6 B6 B6 B6 B6 B6 B6 B6 B6 B6 B6 B6 B6 B6 B6 B6 B6 B6 B6 B6 B6 B6 B6 B6 B6 B6 B6 B6 B6 B6 B6 B6 B6 B6 B6 B6 B6 B6 B6 B6 B6 B6 B6 B6 B6 B6 B6 B6 B6 B6 B6 B6 B6 B6 B6 B6 B6 B6 B6 B6 B6 B6 B6 B6 B6 B6 B6 B6 B6 B6 B6 B6 B6 B6 B6 B6 B6 B6 B6 B6 B6 B6 B6 B6 B6 B6 B6,19.22646s,Vector SLP3,76 52,,,
19.25301s,Vector SLP3,36 53 B6 B6 B6 B6 B6 B6 B6 B6 B6 B6 B6 B6 B6 B6 B6 B6 B6 B6 B6 B6 B6 B6 B6 B6 B6 B6 B6 B6 B6 B6 B6 B6 B6 B6 B6 B6 B6 B6 B6 B6 B6 B6 B6 B6 B6 B6 B6 B6 B6 B6 B6 B6 B6 B6 B6 B6 B6 B6 B6 B6 B6 B6 B6 B6 B6 B6 B6 B6 B6 B6 B6 B6 B6 B6 B6 B6 B6 B6 B6 B6 B6 B6 B6 B6 B6 B6 B6 B6 B6 B6 B6 B6 B6 B6 B6 B6 B6 B6 B6 B6 B6 B6 B6 B6 B6 B6 B6 B6 B6 B6 B6 B6 B6 B6 B6 B6 B6 B6 B6 B6 B6 B6 B6 B6 B6 B6 B6 B6,19.25769s,Vector SLP3,76 53,,,
19.28380s,Vector SLP3,36 54 B6 B6 B6 B6 B6 B6 B6 B6 B6 B6 B6 B6 B6 B6 B6 B6 B6 B6 B6 B6 B6 B6 B6 B6 B6 B6 B6 B6 B6 B6 B6 B6 B6 B6 B6 B6 B6 B6 B6 B6 B6 B6 B6 B6 B6 B6 B6 B6 B6 B6 B6 B6 B6 B6 B6 B6 B6 B6 B6 B6 B6 B6 B6 B6 B6 B6 B6 B6 B6 B6 B6 B6 B6 B6 B6 B6 B6 B6 B6 B6 B6 B6 B6 B6 B6 B6 B6 B6 B6 B6 B6 B6 B6 B6 B6 B6 B6 B6 B6 B6 B6 B6 B6 B6 B6 B6 B6 B6 B6 B6 B6 B6 B6 B6 B6 B6 B6 B6 B6 B6 B6 B6 B6 B6 B6 B6 B6 B6,19.28817s,Vector SLP3,76 54,,,
19.31476s,Vector SLP3,36 55 B6 B6 B6 B6 B6 B6 B6 B6 B6 B6 B6 B6 B6 B6 B6 B6 B6 B6 B6 B6 B6 B6 B6 B6 B6 B6 B6 B6 B6 B6 B6 B6 B6 B6 B6 B6 B6 B6 B6 B6 B6 B6 B6 B6 B6 B6 B6 B6 B6 B6 B6 B6 B6 B6 B6 B6 B6 B6 B6 B6 B6 B6 B6 B6 B6 B6 B6 B6 B6 B6 B6 B6 B6 B6 B6 B6 B6 B6 B6 B6 B6 B6 B6 B6 B6 B6 B6 B6 B6 B6 B6 B6 B6 B6 B6 B6 B6 B6 B6 B6 B6 B6 B6 B6 B6 B6 B6 B6 B6 B6 B6 B6 B6 B6 B6 B6 B6 B6 B6 B6 B6 B6 B6 B6 B6 B6 B6 B6,19.31941s,Vector SLP3,76 55,,,
19.34548s,Vector SLP3,36 56 B6 B6 B6 B6 B6 B6 B6 B6 B6 B6 B6 B6 B6 B6 B6 B6 B6 B6 B6 B6 B6 B6 B6 B6 B6 B6 B6 B6 B6 B6 B6 B6 B6 B6 B6 B6 B6 B6 B6 B6 B6 B6 B6 B6 B6 B6 B6 B6 B6 B6 B6 B6 B6 B6 B6 B6 B6 B6 B6 B6 B6 B6 B6 B6 B6 B6 B6 B6 B6 B6 B6 B6 B6 B6 B6 B6 B6 B6 B6 B6 B6 B6 B6 B6 B6 B6 B6 B6 B6 B6 B6 B6 B6 B6 B6 B6 B6 B6 B6 B6 B6 B6 B6 B6 B6 B6 B6 B6 B6 B6 B6 B6 B6 B6 B6 B6 B6 B6 B6 B6 B6 B6 B6 B6 B6 B6 B6 B6,19.34989s,Vector SLP3,76 56,,,
19.37743s,Vector SLP3,36 57 B6 B6 B6 B6 B6 B6 B6 B6 B6 B6 B6 B6 B6 B6 B6 B6 B6 B6 B6 B6 B6 B6 B6 B6 B6 B6 B6 B6 B6 B6 B6 B6 B6 B6 B6 B6 B6 B6 B6 B6 B6 B6 B6 B6 B6 B6 B6 B6 B6 B6 B6 B6 B6 B6 B6 B6 B6 B6 B6 B6 B6 B6 B6 B6 B6 B6 B6 B6 B6 B6 B6 B6 B6 B6 B6 B6 B6 B6 B6 B6 B6 B6 B6 B6 B6 B6 B6 B6 B6 B6 B6 B6 B6 B6 B6 B6 B6 B6 B6 B6 B6 B6 B6 B6 B6 B6 B6 B6 B6 B6 B6 B6 B6 B6 B6 B6 B6 B6 B6 B6 B6 B6 B6 B6 B6 B6 B6 B6,19.38213s,Vector SLP3,76 57,,,
19.40826s,Vector SLP3,36 58 B6 B6 B6 B6 B6 B6 B6 B6 B6 B6 B6 B6 B6 B6 B6 B6 B6 B6 B6 B6 B6 B6 B6 B6 B6 B6 B6 B6 B6 B6 B6 B6 B6 B6 B6 B6 B6 B6 B6 B6 B6 B6 B6 B6 B6 B6 B6 B6 B6 B6 B6 B6 B6 B6 B6 B6 B6 B6 B6 B6 B6 B6 B6 B6 B6 B6 B6 B6 B6 B6 B6 B6 B6 B6 B6 B6 B6 B6 B6 B6 B6 B6 B6 B6 B6 B6 B6 B6 B6 B6 B6 B6 B6 B6 B6 B6 B6 B6 B6 B6 B6 B6 B6 B6 B6 B6 B6 B6 B6 B6 B6 B6 B6 B6 B6 B6 B6 B6 B6 B6 B6 B6 B6 B6 B6 B6 B6 B6,19.41261s,Vector SLP3,76 58,,,
19.43889s,Vector SLP3,36 59 B6 B6 B6 B6 B6 B6 B6 B6 B6 B6 B6 B6 B6 B6 B6 B6 B6 B6 B6 B6 B6 B6 B6 B6 B6 B6 B6 B6 B6 B6 B6 B6 B6 B6 B6 B6 B6 B6 B6 B6 B6 B6 B6 B6 B6 B6 B6 B6 B6 B6 B6 B6 B6 B6 B6 B6 B6 B6 B6 B6 B6 B6 B6 B6 B6 B6 B6 B6 B6 B6 B6 B6 B6 B6 B6 B6 B6 B6 B6 B6 B6 B6 B6 B6 B6 B6 B6 B6 B6 B6 B6 B6 B6 B6 B6 B6 B6 B6 B6 B6 B6 B6 B6 B6 B6 B6 B6 B6 B6 B6 B6 B6 B6 B6 B6 B6 B6 B6 B6 B6 B6 B6 B6 B6 B6 B6 B6 B6,19.44347s,Vector SLP3,76 59,,,
19.46922s,Vector SLP3,36 5A B6 B6 B6 B6 B6 B6 B6 B6 B6 B6 B6 B6 B6 B6 B6 B6 B6 B6 B6 B6 B6 B6 B6 B6 B6 B6 B6 B6 B6 B6 B6 B6 B6 B6 B6 B6 B6 B6 B6 B6 B6 B6 B6 B6 B6 B6 B6 B6 B6 B6 B6 B6 B6 B6 B6 B6 B6 B6 B6 B6 B6 B6 B6 B6 B6 B6 B6 B6 B6 B6 B6 B6 B6 B6 B6 B6 B6 B6 B6 B6 B6 B6 B6 B6 B6 B6 B6 B6 B6 B6 B6 B6 B6 B6 B6 B6 B6 B6 B6 B6 B6 B6 B6 B6 B6 B6 B6 B6 B6 B6 B6 B6 B6 B6 B6 B6 B6 B6 B6 B6 B6 B6 B6 B6 B6 B6 B6 B6,19.47371s,Vector SLP3,76 5A,,,
19.50072s,Vector SLP3,36 5B B6 B6 B6 B6 B6 B6 B6 B6 B6 B6 B6 B6 B6 B6 B6 B6 B6 B6 B6 B6 B6 B6 B6 B6 B6 B6 B6 B6 B6 B6 B6 B6 B6 B6 B6 B6 B6 B6 B6 B6 B6 B6 B6 B6 B6 B6 B6 B6 B6 B6 B6 B6 B6 B6 B6 B6 B6 B6 B6 B6 B6 B6 B6 B6 B6 B6 B6 B6 B6 B6 B6 B6 B6 B6 B6 B6 B6 B6 B6 B6 B6 B6 B6 B6 B6 B6 B6 B6 B6 B6 B6 B6 B6 B6 B6 B6 B6 B6 B6 B6 B6 B6 B6 B6 B6 B6 B6 B6 B6 B6 B6 B6 B6 B6 B6 B6 B6 B6 B6 B6 B6 B6 B6 B6 B6 B6 B6 B6,19.50519s,Vector SLP3,76 5B,,,
19.53168s,Vector SLP3,36 5C B6 B6 B6 B6 B6 B6 B6 B6 B6 B6 B6 B6 B6 B6 B6 B6 B6 B6 B6 B6 B6 B6 B6 B6 B6 B6 B6 B6 B6 B6 B6 B6 B6 B6 B6 B6 B6 B6 B6 B6 B6 B6 B6 B6 B6 B6 B6 B6 B6 B6 B6 B6 B6 B6 B6 B6 B6 B6 B6 B6 B6 B6 B6 B6 B6 B6 B6 B6 B6 B6 B6 B6 B6 B6 B6 B6 B6 B6 B6 B6 B6 B6 B6 B6 B6 B6 B6 B6 B6 B6 B6 B6 B6 B6 B6 B6 B6 B6 B6 B6 B6 B6 B6 B6 B6 B6 B6 B6 B6 B6 B6 B6 B6 B6 B6 B6 B6 B6 B6 B6 B6 B6 B6 B6 B6 B6 B6 B6,19.53605s,Vector SLP3,76 5C,,,
19.56247s,Vector SLP3,36 5D B6 B6 B6 B6 B6 B6 B6 B6 B6 B6 B6 B6 B6 B6 B6 B6 B6 B6 B6 B6 B6 B6 B6 B6 B6 B6 B6 B6 B6 B6 B6 B6 B6 B6 B6 B6 B6 B6 B6 B6 B6 B6 B6 B6 B6 B6 B6 B6 B6 B6 B6 B6 B6 B6 B6 B6 B6 B6 B6 B6 B6 B6 B6 B6 B6 B6 B6 B6 B6 B6 B6 B6 B6 B6 B6 B6 B6 B6 B6 B6 B6 B6 B6 B6 B6 B6 B6 B6 B6 B6 B6 B6 B6 B6 B6 B6 B6 B6 B6 B6 B6 B6 B6 B6 B6 B6 B6 B6 B6 B6 B6 B6 B6 B6 B6 B6 B6 B6 B6 B6 B6 B6 B6 B6 B6 B6 B6 B6,19.56690s,Vector SLP3,76 5D,,,
19.59346s,Vector SLP3,36 5E B6 B6 B6 B6 B6 B6 B6 B6 B6 B6 B6 B6 B6 B6 B6 B6 B6 B6 B6 B6 B6 B6 B6 B6 B6 B6 B6 B6 B6 B6 B6 B6 B6 B6 B6 B6 B6 B6 B6 B6 B6 B6 B6 B6 B6 B6 B6 B6 B6 B6 B6 B6 B6 B6 B6 B6 B6 B6 B6 B6 B6 B6 B6 B6 B6 B6 B6 B6 B6 B6 B6 B6 B6 B6 B6 B6 B6 B6 B6 B6 B6 B6 B6 B6 B6 B6 B6 B6 B6 B6 B6 B6 B6 B6 B6 B6 B6 B6 B6 B6 B6 B6 B6 B6 B6 B6 B6 B6 B6 B6 B6 B6 B6 B6 B6 B6 B6 B6 B6 B6 B6 B6 B6 B6 B6 B6 B6 B6,19.59814s,Vector SLP3,76 5E,,,
19.62426s,Vector SLP3,36 5F B6 B6 B6 B6 B6 B6 B6 B6 B6 B6 B6 B6 B6 B6 B6 B6 B6 B6 B6 B6 B6 B6 B6 B6 B6 B6 B6 B6 B6 B6 B6 B6 B6 B6 B6 B6 B6 B6 B6 B6 B6 B6 B6 B6 B6 B6 B6 B6 B6 B6 B6 B6 B6 B6 B6 B6 B6 B6 B6 B6 B6 B6 B6 B6 B6 B6 B6 B6 B6 B6 B6 B6 B6 B6 B6 B6 B6 B6 B6 B6 B6 B6 B6 B6 B6 B6 B6 B6 B6 B6 B6 B6 B6 B6 B6 B6 B6 B6 B6 B6 B6 B6 B6 B6 B6 B6 B6 B6 B6 B6 B6 B6 B6 B6 B6 B6 B6 B6 B6 B6 B6 B6 B6 B6 B6 B6 B6 B6,19.62863s,Vector SLP3,76 5F,,,
19.65496s,Vector SLP3,36 60 B6 B6 B6 B6 B6 B6 B6 B6 B6 B6 B6 B6 B6 B6 B6 B6 B6 B6 B6 B6 B6 B6 B6 B6 B6 B6 B6 B6 B6 B6 B6 B6 B6 B6 B6 B6 B6 B6 B6 B6 B6 B6 B6 B6 B6 B6 B6 B6 B6 B6 B6 B6 B6 B6 B6 B6 B6 B6 B6 B6 B6 B6 B6 B6 B6 B6 B6 B6 B6 B6 B6 B6 B6 B6 B6 B6 B6 B6 B6 B6 B6 B6 B6 B6 B6 B6 B6 B6 B6 B6 B6 B6 B6 B6 B6 B6 B6 B6 B6 B6 B6 B6 B6 B6 B6 B6 B6 B6 B6 B6 B6 B6 B6 B6 B6 B6 B6 B6 B6 B6 B6 B6 B6 B6 B6 B6 B6 B6,19.65949s,Vector SLP3,76 60,,,
19.68604s,Vector SLP3,36 61 B6 B6 B6 B6 B6 B6 B6 B6 B6 B6 B6 B6 B6 B6 B6 B6 B6 B6 B6 B6 B6 B6 B6 B6 B6 B6 B6 B6 B6 B6 B6 B6 B6 B6 B6 B6 B6 B6 B6 B6 B6 B6 B6 B6 B6 B6 B6 B6 B6 B6 B6 B6 B6 B6 B6 B6 B6 B6 B6 B6 B6 B6 B6 B6 B6 B6 B6 B6 B6 B6 B6 B6 B6 B6 B6 B6 B6 B6 B6 B6 B6 B6 B6 B6 B6 B6 B6 B6 B6 B6 B6 B6 B6 B6 B6 B6 B6 B6 B6 B6 B6 B6 B6 B6 B6 B6 B6 B6 B6 B6 B6 B6 B6 B6 B6 B6 B6 B6 B6 B6 B6 B6 B6 B6 B6 B6 B6 B6,19.69073s,Vector SLP3,76 61,,,
19.71683s,Vector SLP3,36 62 B6 B6 B6 B6 B6 B6 B6 B6 B6 B6 B6 B6 B6 B6 B6 B6 B6 B6 B6 B6 B6 B6 B6 B6 B6 B6 B6 B6 B6 B6 B6 B6 B6 B6 B6 B6 B6 B6 B6 B6 B6 B6 B6 B6 B6 B6 B6 B6 B6 B6 B6 B6 B6 B6 B6 B6 B6 B6 B6 B6 B6 B6 B6 B6 B6 B6 B6 B6 B6 B6 B6 B6 B6 B6 B6 B6 B6 B6 B6 B6 B6 B6 B6 B6 B6 B6 B6 B6 B6 B6 B6 B6 B6 B6 B6 B6 B6 B6 B6 B6 B6 B6 B6 B6 B6 B6 B6 B6 B6 B6 B6 B6 B6 B6 B6 B6 B6 B6 B6 B6 B6 B6 B6 B6 B6 B6 B6 B6,19.72122s,Vector SLP3,76 62,,,
19.74774s,Vector SLP3,36 63 B6 B6 B6 B6 B6 B6 B6 B6 B6 B6 B6 B6 B6 B6 B6 B6 B6 B6 B6 B6 B6 B6 B6 B6 B6 B6 B6 B6 B6 B6 B6 B6 B6 B6 B6 B6 B6 B6 B6 B6 B6 B6 B6 B6 B6 B6 B6 B6 B6 B6 B6 B6 B6 B6 B6 B6 B6 B6 B6 B6 B6 B6 B6 B6 B6 B6 B6 B6 B6 B6 B6 B6 B6 B6 B6 B6 B6 B6 B6 B6 B6 B6 B6 B6 B6 B6 B6 B6 B6 B6 B6 B6 B6 B6 B6 B6 B6 B6 B6 B6 B6 B6 B6 B6 B6 B6 B6 B6 B6 B6 B6 B6 B6 B6 B6 B6 B6 B6 B6 B6 B6 B6 B6 B6 B6 B6 B6 B6,19.75246s,Vector SLP3,76 63,,,
19.77959s,Vector SLP3,36 64 B6 B6 B6 B6 B6 B6 B6 B6 B6 B6 B6 B6 B6 B6 B6 B6 B6 B6 B6 B6 B6 B6 B6 B6 B6 B6 B6 B6 B6 B6 B6 B6 B6 B6 B6 B6 B6 B6 B6 B6 B6 B6 B6 B6 B6 B6 B6 B6 B6 B6 B6 B6 B6 B6 B6 B6 B6 B6 B6 B6 B6 B6 B6 B6 B6 B6 B6 B6 B6 B6 B6 B6 B6 B6 B6 B6 B6 B6 B6 B6 B6 B6 B6 B6 B6 B6 B6 B6 B6 B6 B6 B6 B6 B6 B6 B6 B6 B6 B6 B6 B6 B6 B6 B6 B6 B6 B6 B6 B6 B6 B6 B6 B6 B6 B6 B6 B6 B6 B6 B6 B6 B6 B6 B6 B6 B6 B6 B6,19.78394s,Vector SLP3,76 64,,,
19.81058s,Vector SLP3,36 65 B6 B6 B6 B6 B6 B6 B6 B6 B6 B6 B6 B6 B6 B6 B6 B6 B6 B6 B6 B6 B6 B6 B6 B6 B6 B6 B6 B6 B6 B6 B6 B6 B6 B6 B6 B6 B6 B6 B6 B6 B6 B6 B6 B6 B6 B6 B6 B6 B6 B6 B6 B6 B6 B6 B6 B6 B6 B6 B6 B6 B6 B6 B6 B6 B6 B6 B6 B6 B6 B6 B6 B6 B6 B6 B6 B6 B6 B6 B6 B6 B6 B6 B6 B6 B6 B6 B6 B6 B6 B6 B6 B6 B6 B6 B6 B6 B6 B6 B6 B6 B6 B6 B6 B6 B6 B6 B6 B6 B6 B6 B6 B6 B6 B6 B6 B6 B6 B6 B6 B6 B6 B6 B6 B6 B6 B6 B6 B6,19.81518s,Vector SLP3,76 65,,,
19.84145s,Vector SLP3,36 66 B6 B6 B6 B6 B6 B6 B6 B6 B6 B6 B6 B6 B6 B6 B6 B6 B6 B6 B6 B6 B6 B6 B6 B6 B6 B6 B6 B6 B6 B6 B6 B6 B6 B6 B6 B6 B6 B6 B6 B6 B6 B6 B6 B6 B6 B6 B6 B6 B6 B6 B6 B6 B6 B6 B6 B6 B6 B6 B6 B6 B6 B6 B6 B6 B6 B6 B6 B6 B6 B6 B6 B6 B6 B6 B6 B6 B6 B6 B6 B6 B6 B6 B6 B6 B6 B6 B6 B6 B6 B6 B6 B6 B6 B6 B6 B6 B6 B6 B6 B6 B6 B6 B6 B6 B6 B6 B6 B6 B6 B6 B6 B6 B6 B6 B6 B6 B6 B6 B6 B6 B6 B6 B6 B6 B6 B6 B6 B6,19.84604s,Vector SLP3,76 66,,,
19.87340s,Vector SLP3,36 67 B6 B6 B6 B6 B6 B6 B6 B6 B6 B6 B6 B6 B6 B6 B6 B6 B6 B6 B6 B6 B6 B6 B6 B6 B6 B6 B6 B6 B6 B6 B6 B6 B6 B6 B6 B6 B6 B6 B6 B6 B6 B6 B6 B6 B6 B6 B6 B6 B6 B6 B6 B6 B6 B6 B6 B6 B6 B6 B6 B6 B6 B6 B6 B6 B6 B6 B6 B6 B6 B6 B6 B6 B6 B6 B6 B6 B6 B6 B6 B6 B6 B6 B6 B6 B6 B6 B6 B6 B6 B6 B6 B6 B6 B6 B6 B6 B6 B6 B6 B6 B6 B6 B6 B6 B6 B6 B6 B6 B6 B6 B6 B6 B6 B6 B6 B6 B6 B6 B6 B6 B6 B6 B6 B6 B6 B6 B6 B6,19.87790s,Vector SLP3,76 67,,,
19.90490s,Vector SLP3,36 68 B6 B6 B6 B6 B6 B6 B6 B6 B6 B6 B6 B6 B6 B6 B6 B6 B6 B6 B6 B6 B6 B6 B6 B6 B6 B6 B6 B6 B6 B6 B6 B6 B6 B6 B6 B6 B6 B6 B6 B6 B6 B6 B6 B6 B6 B6 B6 B6 B6 B6 B6 B6 B6 B6 B6 B6 B6 B6 B6 B6 B6 B6 B6 B6 B6 B6 B6 B6 B6 B6 B6 B6 B6 B6 B6 B6 B6 B6 B6 B6 B6 B6 B6 B6 B6 B6 B6 B6 B6 B6 B6 B6 B6 B6 B6 B6 B6 B6 B6 B6 B6 B6 B6 B6 B6 B6 B6 B6 B6 B6 B6 B6 B6 B6 B6 B6 B6 B6 B6 B6 B6 B6 B6 B6 B6 B6 B6 B6,19.90938s,Vector SLP3,76 68,,,
19.93572s,Vector SLP3,36 69 B6 B6 B6 B6 B6 B6 B6 B6 B6 B6 B6 B6 B6 B6 B6 B6 B6 B6 B6 B6 B6 B6 B6 B6 B6 B6 B6 B6 B6 B6 B6 B6 B6 B6 B6 B6 B6 B6 B6 B6 B6 B6 B6 B6 B6 B6 B6 B6 B6 B6 B6 B6 B6 B6 B6 B6 B6 B6 B6 B6 B6 B6 B6 B6 B6 B6 B6 B6 B6 B6 B6 B6 B6 B6 B6 B6 B6 B6 B6 B6 B6 B6 B6 B6 B6 B6 B6 B6 B6 B6 B6 B6 B6 B6 B6 B6 B6 B6 B6 B6 B6 B6 B6 B6 B6 B6 B6 B6 B6 B6 B6 B6 B6 B6 B6 B6 B6 B6 B6 B6 B6 B6 B6 B6 B6 B6 B6 B6,19.94024s,Vector SLP3,76 69,,,
19.96670s,Vector SLP3,36 6A B6 B6 B6 B6 B6 B6 B6 B6 B6 B6 B6 B6 B6 B6 B6 B6 B6 B6 B6 B6 B6 B6 B6 B6 B6 B6 B6 B6 B6 B6 B6 B6 B6 B6 B6 B6 B6 B6 B6 B6 B6 B6 B6 B6 B6 B6 B6 B6 B6 B6 B6 B6 B6 B6 B6 B6 B6 B6 B6 B6 B6 B6 B6 B6 B6 B6 B6 B6 B6 B6 B6 B6 B6 B6 B6 B6 B6 B6 B6 B6 B6 B6 B6 B6 B6 B6 B6 B6 B6 B6 B6 B6 B6 B6 B6 B6 B6 B6 B6 B6 B6 B6 B6 B6 B6 B6 B6 B6 B6 B6 B6 B6 B6 B6 B6 B6 B6 B6 B6 B6 B6 B6 B6 B6 B6 B6 B6 B6,19.97110s,Vector SLP3,76 6A,,,
19.99751s,Vector SLP3,36 6B B6 B6 B6 B6 B6 B6 B6 B6 B6 B6 B6 B6 B6 B6 B6 B6 B6 B6 B6 B6 B6 B6 B6 B6 B6 B6 B6 B6 B6 B6 B6 B6 B6 B6 B6 B6 B6 B6 B6 B6 B6 B6 B6 B6 B6 B6 B6 B6 B6 B6 B6 B6 B6 B6 B6 B6 B6 B6 B6 B6 B6 B6 B6 B6 B6 B6 B6 B6 B6 B6 B6 B6 B6 B6 B6 B6 B6 B6 B6 B6 B6 B6 B6 B6 B6 B6 B6 B6 B6 B6 B6 B6 B6 B6 B6 B6 B6 B6 B6 B6 B6 B6 B6 B6 B6 B6 B6 B6 B6 B6 B6 B6 B6 B6 B6 B6 B6 B6 B6 B6 B6 B6 B6 B6 B6 B6 B6 B6,20.00196s,Vector SLP3,76 6B,,,
20.02848s,Vector SLP3,36 6C B6 B6 B6 B6 B6 B6 B6 B6 B6 B6 B6 B6 B6 B6 B6 B6 B6 B6 B6 B6 B6 B6 B6 B6 B6 B6 B6 B6 B6 B6 B6 B6 B6 B6 B6 B6 B6 B6 B6 B6 B6 B6 B6 B6 B6 B6 B6 B6 B6 B6 B6 B6 B6 B6 B6 B6 B6 B6 B6 B6 B6 B6 B6 B6 B6 B6 B6 B6 B6 B6 B6 B6 B6 B6 B6 B6 B6 B6 B6 B6 B6 B6 B6 B6 B6 B6 B6 B6 B6 B6 B6 B6 B6 B6 B6 B6 B6 B6 B6 B6 B6 B6 B6 B6 B6 B6 B6 B6 B6 B6 B6 B6 B6 B6 B6 B6 B6 B6 B6 B6 B6 B6 B6 B6 B6 B6 B6 B6,20.03283s,Vector SLP3,76 6C,,,
20.05926s,Vector SLP3,36 6D B6 B6 B6 B6 B6 B6 B6 B6 B6 B6 B6 B6 B6 B6 B6 B6 B6 B6 B6 B6 B6 B6 B6 B6 B6 B6 B6 B6 B6 B6 B6 B6 B6 B6 B6 B6 B6 B6 B6 B6 B6 B6 B6 B6 B6 B6 B6 B6 B6 B6 B6 B6 B6 B6 B6 B6 B6 B6 B6 B6 B6 B6 B6 B6 B6 B6 B6 B6 B6 B6 B6 B6 B6 B6 B6 B6 B6 B6 B6 B6 B6 B6 B6 B6 B6 B6 B6 B6 B6 B6 B6 B6 B6 B6 B6 B6 B6 B6 B6 B6 B6 B6 B6 B6 B6 B6 B6 B6 B6 B6 B6 B6 B6 B6 B6 B6 B6 B6 B6 B6 B6 B6 B6 B6 B6 B6 B6 B6,20.06369s,Vector SLP3,76 6D,,,
20.09027s,Vector SLP3,36 6E B6 B6 B6 B6 B6 B6 B6 B6 B6 B6 B6 B6 B6 B6 B6 B6 B6 B6 B6 B6 B6 B6 B6 B6 B6 B6 B6 B6 B6 B6 B6 B6 B6 B6 B6 B6 B6 B6 B6 B6 B6 B6 B6 B6 B6 B6 B6 B6 B6 B6 B6 B6 B6 B6 B6 B6 B6 B6 B6 B6 B6 B6 B6 B6 B6 B6 B6 B6 B6 B6 B6 B6 B6 B6 B6 B6 B6 B6 B6 B6 B6 B6 B6 B6 B6 B6 B6 B6 B6 B6 B6 B6 B6 B6 B6 B6 B6 B6 B6 B6 B6 B6 B6 B6 B6 B6 B6 B6 B6 B6 B6 B6 B6 B6 B6 B6 B6 B6 B6 B6 B6 B6 B6 B6 B6 B6 B6 B6,20.09493s,Vector SLP3,76 6E,,,
20.12107s,Vector SLP3,36 6F B6 B6 B6 B6 B6 B6 B6 B6 B6 B6 B6 B6 B6 B6 B6 B6 B6 B6 B6 B6 B6 B6 B6 B6 B6 B6 B6 B6 B6 B6 B6 B6 B6 B6 B6 B6 B6 B6 B6 B6 B6 B6 B6 B6 B6 B6 B6 B6 B6 B6 B6 B6 B6 B6 B6 B6 B6 B6 B6 B6 B6 B6 B6 B6 B6 B6 B6 B6 B6 B6 B6 B6 B6 B6 B6 B6 B6 B6 B6 B6 B6 B6 B6 B6 B6 B6 B6 B6 B6 B6 B6 B6 B6 B6 B6 B6 B6 B6 B6 B6 B6 B6 B6 B6 B6 B6 B6 B6 B6 B6 B6 B6 B6 B6 B6 B6 B6 B6 B6 B6 B6 B6 B6 B6 B6 B6 B6 B6,20.12542s,Vector SLP3,76 6F,,,
20.15202s,Vector SLP3,36 70 B6 B6 B6 B6 B6 B6 B6 B6 B6 B6 B6 B6 B6 B6 B6 B6 B6 B6 B6 B6 B6 B6 B6 B6 B6 B6 B6 B6 B6 B6 B6 B6 B6 B6 B6 B6 B6 B6 B6 B6 B6 B6 B6 B6 B6 B6 B6 B6 B6 B6 B6 B6 B6 B6 B6 B6 B6 B6 B6 B6 B6 B6 B6 B6 B6 B6 B6 B6 B6 B6 B6 B6 B6 B6 B6 B6 B6 B6 B6 B6 B6 B6 B6 B6 B6 B6 B6 B6 B6 B6 B6 B6 B6 B6 B6 B6 B6 B6 B6 B6 B6 B6 B6 B6 B6 B6 B6 B6 B6 B6 B6 B6 B6 B6 B6 B6 B6 B6 B6 B6 B6 B6 B6 B6 B6 B6 B6 B6,20.15666s,Vector SLP3,76 70,,,
20.18382s,Vector SLP3,36 71 B6 B6 B6 B6 B6 B6 B6 B6 B6 B6 B6 B6 B6 B6 B6 B6 B6 B6 B6 B6 B6 B6 B6 B6 B6 B6 B6 B6 B6 B6 B6 B6 B6 B6 B6 B6 B6 B6 B6 B6 B6 B6 B6 B6 B6 B6 B6 B6 B6 B6 B6 B6 B6 B6 B6 B6 B6 B6 B6 B6 B6 B6 B6 B6 B6 B6 B6 B6 B6 B6 B6 B6 B6 B6 B6 B6 B6 B6 B6 B6 B6 B6 B6 B6 B6 B6 B6 B6 B6 B6 B6 B6 B6 B6 B6 B6 B6 B6 B6 B6 B6 B6 B6 B6 B6 B6 B6 B6 B6 B6 B6 B6 B6 B6 B6 B6 B6 B6 B6 B6 B6 B6 B6 B6 B6 B6 B6 B6,20.18852s,Vector SLP3,76 71,,,
20.21483s,Vector SLP3,36 72 B6 B6 B6 B6 B6 B6 B6 B6 B6 B6 B6 B6 B6 B6 B6 B6 B6 B6 B6 B6 B6 B6 B6 B6 B6 B6 B6 B6 B6 B6 B6 B6 B6 B6 B6 B6 B6 B6 B6 B6 B6 B6 B6 B6 B6 B6 B6 B6 B6 B6 B6 B6 B6 B6 B6 B6 B6 B6 B6 B6 B6 B6 B6 B6 B6 B6 B6 B6 B6 B6 B6 B6 B6 B6 B6 B6 B6 B6 B6 B6 B6 B6 B6 B6 B6 B6 B6 B6 B6 B6 B6 B6 B6 B6 B6 B6 B6 B6 B6 B6 B6 B6 B6 B6 B6 B6 B6 B6 B6 B6 B6 B6 B6 B6 B6 B6 B6 B6 B6 B6 B6 B6 B6 B6 B6 B6 B6 B6,20.21939s,Vector SLP3,76 72,,,
20.24656s,Vector SLP3,36 73 B6 B6 B6 B6 B6 B6 B6 B6 B6 B6 B6 B6 B6 B6 B6 B6 B6 B6 B6 B6 B6 B6 B6 B6 B6 B6 B6 B6 B6 B6 B6 B6 B6 B6 B6 B6 B6 B6 B6 B6 B6 B6 B6 B6 B6 B6 B6 B6 B6 B6 B6 B6 B6 B6 B6 B6 B6 B6 B6 B6 B6 B6 B6 B6 B6 B6 B6 B6 B6 B6 B6 B6 B6 B6 B6 B6 B6 B6 B6 B6 B6 B6 B6 B6 B6 B6 B6 B6 B6 B6 B6 B6 B6 B6 B6 B6 B6 B6 B6 B6 B6 B6 B6 B6 B6 B6 B6 B6 B6 B6 B6 B6 B6 B6 B6 B6 B6 B6 B6 B6 B6 B6 B6 B6 B6 B6 B6 B6,20.25124s,Vector SLP3,76 73,,,
20.27816s,Vector SLP3,36 74 B6 B6 B6 B6 B6 B6 B6 B6 B6 B6 B6 B6 B6 B6 B6 B6 B6 B6 B6 B6 B6 B6 B6 B6 B6 B6 B6 B6 B6 B6 B6 B6 B6 B6 B6 B6 B6 B6 B6 B6 B6 B6 B6 B6 B6 B6 B6 B6 B6 B6 B6 B6 B6 B6 B6 B6 B6 B6 B6 B6 B6 B6 B6 B6 B6 B6 B6 B6 B6 B6 B6 B6 B6 B6 B6 B6 B6 B6 B6 B6 B6 B6 B6 B6 B6 B6 B6 B6 B6 B6 B6 B6 B6 B6 B6 B6 B6 B6 B6 B6 B6 B6 B6 B6 B6 B6 B6 B6 B6 B6 B6 B6 B6 B6 B6 B6 B6 B6 B6 B6 B6 B6 B6 B6 B6 B6 B6 B6,20.28273s,Vector SLP3,76 74,,,
20.30918s,Vector SLP3,36 75 B6 B6 B6 B6 B6 B6 B6 B6 B6 B6 B6 B6 B6 B6 B6 B6 B6 B6 B6 B6 B6 B6 B6 B6 B6 B6 B6 B6 B6 B6 B6 B6 B6 B6 B6 B6 B6 B6 B6 B6 B6 B6 B6 B6 B6 B6 B6 B6 B6 B6 B6 B6 B6 B6 B6 B6 B6 B6 B6 B6 B6 B6 B6 B6 B6 B6 B6 B6 B6 B6 B6 B6 B6 B6 B6 B6 B6 B6 B6 B6 B6 B6 B6 B6 B6 B6 B6 B6 B6 B6 B6 B6 B6 B6 B6 B6 B6 B6 B6 B6 B6 B6 B6 B6 B6 B6 B6 B6 B6 B6 B6 B6 B6 B6 B6 B6 B6 B6 B6 B6 B6 B6 B6 B6 B6 B6 B6 B6,20.31359s,Vector SLP3,76 75,,,
20.33996s,Vector SLP3,36 76 B6 B6 B6 B6 B6 B6 B6 B6 B6 B6 B6 B6 B6 B6 B6 B6 B6 B6 B6 B6 B6 B6 B6 B6 B6 B6 B6 B6 B6 B6 B6 B6 B6 B6 B6 B6 B6 B6 B6 B6 B6 B6 B6 B6 B6 B6 B6 B6 B6 B6 B6 B6 B6 B6 B6 B6 B6 B6 B6 B6 B6 B6 B6 B6 B6 B6 B6 B6 B6 B6 B6 B6 B6 B6 B6 B6 B6 B6 B6 B6 B6 B6 B6 B6 B6 B6 B6 B6 B6 B6 B6 B6 B6 B6 B6 B6 B6 B6 B6 B6 B6 B6 B6 B6 B6 B6 B6 B6 B6 B6 B6 B6 B6 B6 B6 B6 B6 B6 B6 B6 B6 B6 B6 B6 B6 B6 B6 B6,20.34445s,Vector SLP3,76 76,,,
20.37089s,Vector SLP3,36 77 B6 B6 B6 B6 B6 B6 B6 B6 B6 B6 B6 B6 B6 B6 B6 B6 B6 B6 B6 B6 B6 B6 B6 B6 B6 B6 B6 B6 B6 B6 B6 B6 B6 B6 B6 B6 B6 B6 B6 B6 B6 B6 B6 B6 B6 B6 B6 B6 B6 B6 B6 B6 B6 B6 B6 B6 B6 B6 B6 B6 B6 B6 B6 B6 B6 B6 B6 B6 B6 B6 B6 B6 B6 B6 B6 B6 B6 B6 B6 B6 B6 B6 B6 B6 B6 B6 B6 B6 B6 B6 B6 B6 B6 B6 B6 B6 B6 B6 B6 B6 B6 B6 B6 B6 B6 B6 B6 B6 B6 B6 B6 B6 B6 B6 B6 B6 B6 B6 B6 B6 B6 B6 B6 B6 B6 B6 B6 B6,20.37531s,Vector SLP3,76 77,,,
20.40173s,Vector SLP3,36 78 B6 B6 B6 B6 B6 B6 B6 B6 B6 B6 B6 B6 B6 B6 B6 B6 B6 B6 B6 B6 B6 B6 B6 B6 B6 B6 B6 B6 B6 B6 B6 B6 B6 B6 B6 B6 B6 B6 B6 B6 B6 B6 B6 B6 B6 B6 B6 B6 B6 B6 B6 B6 B6 B6 B6 B6 B6 B6 B6 B6 B6 B6 B6 B6 B6 B6 B6 B6 B6 B6 B6 B6 B6 B6 B6 B6 B6 B6 B6 B6 B6 B6 B6 B6 B6 B6 B6 B6 B6 B6 B6 B6 B6 B6 B6 B6 B6 B6 B6 B6 B6 B6 B6 B6 B6 B6 B6 B6 B6 B6 B6 B6 B6 B6 B6 B6 B6 B6 B6 B6 B6 B6 B6 B6 B6 B6 B6 B6,20.40619s,Vector SLP3,76 78,,,
20.43272s,Vector SLP3,36 79 B6 B6 B6 B6 B6 B6 B6 B6 B6 B6 B6 B6 B6 B6 B6 B6 B6 B6 B6 B6 B6 B6 B6 B6 B6 B6 B6 B6 B6 B6 B6 B6 B6 B6 B6 B6 B6 B6 B6 B6 B6 B6 B6 B6 B6 B6 B6 B6 B6 B6 B6 B6 B6 B6 B6 B6 B6 B6 B6 B6 B6 B6 B6 B6 B6 B6 B6 B6 B6 B6 B6 B6 B6 B6 B6 B6 B6 B6 B6 B6 B6 B6 B6 B6 B6 B6 B6 B6 B6 B6 B6 B6 B6 B6 B6 B6 B6 B6 B6 B6 B6 B6 B6 B6 B6 B6 B6 B6 B6 B6 B6 B6 B6 B6 B6 B6 B6 B6 B6 B6 B6 B6 B6 B6 B6 B6 B6 B6,20.43743s,Vector SLP3,76 79,,,
20.46451s,Vector SLP3,36 7A B6 B6 B6 B6 B6 B6 B6 B6 B6 B6 B6 B6 B6 B6 B6 B6 B6 B6 B6 B6 B6 B6 B6 B6 B6 B6 B6 B6 B6 B6 B6 B6 B6 B6 B6 B6 B6 B6 B6 B6 B6 B6 B6 B6 B6 B6 B6 B6 B6 B6 B6 B6 B6 B6 B6 B6 B6 B6 B6 B6 B6 B6 B6 B6 B6 B6 B6 B6 B6 B6 B6 B6 B6 B6 B6 B6 B6 B6 B6 B6 B6 B6 B6 B6 B6 B6 B6 B6 B6 B6 B6 B6 B6 B6 B6 B6 B6 B6 B6 B6 B6 B6 B6 B6 B6 B6 B6 B6 B6 B6 B6 B6 B6 B6 B6 B6 B6 B6 B6 B6 B6 B6 B6 B6 B6 B6 B6 B6,20.46892s,Vector SLP3,76 7A,,,
20.49552s,Vector SLP3,36 7B B6 B6 B6 B6 B6 B6 B6 B6 B6 B6 B6 B6 B6 B6 B6 B6 B6 B6 B6 B6 B6 B6 B6 B6 B6 B6 B6 B6 B6 B6 B6 B6 B6 B6 B6 B6 B6 B6 B6 B6 B6 B6 B6 B6 B6 B6 B6 B6 B6 B6 B6 B6 B6 B6 B6 B6 B6 B6 B6 B6 B6 B6 B6 B6 B6 B6 B6 B6 B6 B6 B6 B6 B6 B6 B6 B6 B6 B6 B6 B6 B6 B6 B6 B6 B6 B6 B6 B6 B6 B6 B6 B6 B6 B6 B6 B6 B6 B6 B6 B6 B6 B6 B6 B6 B6 B6 B6 B6 B6 B6 B6 B6 B6 B6 B6 B6 B6 B6 B6 B6 B6 B6 B6 B6 B6 B6 B6 B6,20.50016s,Vector SLP3,76 7B,,,
20.52625s,Vector SLP3,36 7C B6 B6 B6 B6 B6 B6 B6 B6 B6 B6 B6 B6 B6 B6 B6 B6 B6 B6 B6 B6 B6 B6 B6 B6 B6 B6 B6 B6 B6 B6 B6 B6 B6 B6 B6 B6 B6 B6 B6 B6 B6 B6 B6 B6 B6 B6 B6 B6 B6 B6 B6 B6 B6 B6 B6 B6 B6 B6 B6 B6 B6 B6 B6 B6 B6 B6 B6 B6 B6 B6 B6 B6 B6 B6 B6 B6 B6 B6 B6 B6 B6 B6 B6 B6 B6 B6 B6 B6 B6 B6 B6 B6 B6 B6 B6 B6 B6 B6 B6 B6 B6 B6 B6 B6 B6 B6 B6 B6 B6 B6 B6 B6 B6 B6 B6 B6 B6 B6 B6 B6 B6 B6 B6 B6 B6 B6 B6 B6,20.53066s,Vector SLP3,76 7C,,,
20.55725s,Vector SLP3,36 7D B6 B6 B6 B6 B6 B6 B6 B6 B6 B6 B6 B6 B6 B6 B6 B6 B6 B6 B6 B6 B6 B6 B6 B6 B6 B6 B6 B6 B6 B6 B6 B6 B6 B6 B6 B6 B6 B6 B6 B6 B6 B6 B6 B6 B6 B6 B6 B6 B6 B6 B6 B6 B6 B6 B6 B6 B6 B6 B6 B6 B6 B6 B6 B6 B6 B6 B6 B6 B6 B6 B6 B6 B6 B6 B6 B6 B6 B6 B6 B6 B6 B6 B6 B6 B6 B6 B6 B6 B6 B6 B6 B6 B6 B6 B6 B6 B6 B6 B6 B6 B6 B6 B6 B6 B6 B6 B6 B6 B6 B6 B6 B6 B6 B6 B6 B6 B6 B6 B6 B6 B6 B6 B6 B6 B6 B6 B6 B6,20.56191s,Vector SLP3,76 7D,,,
20.58900s,Vector SLP3,36 7E B6 B6 B6 B6 B6 B6 B6 B6 B6 B6 B6 B6 B6 B6 B6 B6 B6 B6 B6 B6 B6 B6 B6 B6 B6 B6 B6 B6 B6 B6 B6 B6 B6 B6 B6 B6 B6 B6 B6 B6 B6 B6 B6 B6 B6 B6 B6 B6 B6 B6 B6 B6 B6 B6 B6 B6 B6 B6 B6 B6 B6 B6 B6 B6 B6 B6 B6 B6 B6 B6 B6 B6 B6 B6 B6 B6 B6 B6 B6 B6 B6 B6 B6 B6 B6 B6 B6 B6 B6 B6 B6 B6 B6 B6 B6 B6 B6 B6 B6 B6 B6 B6 B6 B6 B6 B6 B6 B6 B6 B6 B6 B6 B6 B6 B6 B6 B6 B6 B6 B6 B6 B6 B6 B6 B6 B6 B6 B6,20.59340s,Vector SLP3,76 7E,,,
20.62005s,Vector SLP3,36 7F B6 B6 B6 B6 B6 B6 B6 B6 B6 B6 B6 B6 B6 B6 B6 B6 B6 B6 B6 B6 B6 B6 B6 B6 B6 B6 B6 B6 B6 B6 B6 B6 B6 B6 B6 B6 B6 B6 B6 B6 B6 B6 B6 B6 B6 B6 B6 B6 B6 B6 B6 B6 B6 B6 B6 B6 B6 B6 B6 B6 B6 B6 B6 B6 B6 B6 B6 B6 B6 B6 B6 B6 B6 B6 B6 B6 B6 B6 B6 B6 B6 B6 B6 B6 B6 B6 B6 B6 B6 B6 B6 B6 B6 B6 B6 B6 B6 B6 B6 B6 B6 B6 B6 B6 B6 B6 B6 B6 B6 B6 B6 B6 B6 B6 B6 B6 B6 B6 B6 B6 B6 B6 B6 B6 B6 B6 B6 B6,20.62464s,Vector SLP3,76 7F,,,
20.65083s,Vector SLP3,36 80 B6 B6 B6 B6 B6 B6 B6 B6 B6 B6 B6 B6 B6 B6 B6 B6 B6 B6 B6 B6 B6 B6 B6 B6 B6 B6 B6 B6 B6 B6 B6 B6 B6 B6 B6 B6 B6 B6 B6 B6 B6 B6 B6 B6 B6 B6 B6 B6 B6 B6 B6 B6 B6 B6 B6 B6 B6 B6 B6 B6 B6 B6 B6 B6 B6 B6 B6 B6 B6 B6 B6 B6 B6 B6 B6 B6 B6 B6 B6 B6 B6 B6 B6 B6 B6 B6 B6 B6 B6 B6 B6 B6 B6 B6 B6 B6 B6 B6 B6 B6 B6 B6 B6 B6 B6 B6 B6 B6 B6 B6 B6 B6 B6 B6 B6 B6 B6 B6 B6 B6 B6 B6 B6 B6 B6 B6 B6 B6,20.65552s,Vector SLP3,76 80,,,
20.68236s,Vector SLP3,36 81 B6 B6 B6 B6 B6 B6 B6 B6 B6 B6 B6 B6 B6 B6 B6 B6 B6 B6 B6 B6 B6 B6 B6 B6 B6 B6 B6 B6 B6 B6 B6 B6 B6 B6 B6 B6 B6 B6 B6 B6 B6 B6 B6 B6 B6 B6 B6 B6 B6 B6 B6 B6 B6 B6 B6 B6 B6 B6 B6 B6 B6 B6 B6 B6 B6 B6 B6 B6 B6 B6 B6 B6 B6 B6 B6 B6 B6 B6 B6 B6 B6 B6 B6 B6 B6 B6 B6 B6 B6 B6 B6 B6 B6 B6 B6 B6 B6 B6 B6 B6 B6 B6 B6 B6 B6 B6 B6 B6 B6 B6 B6 B6 B6 B6 B6 B6 B6 B6 B6 B6 B6 B6 B6 B6 B6 B6 B6 B6,20.68738s,Vector SLP3,76 81,,,
20.71462s,Vector SLP3,36 82 B6 B6 B6 B6 B6 B6 B6 B6 B6 B6 B6 B6 B6 B6 B6 B6 B6 B6 B6 B6 B6 B6 B6 B6 B6 B6 B6 B6 B6 B6 B6 B6 B6 B6 B6 B6 B6 B6 B6 B6 B6 B6 B6 B6 B6 B6 B6 B6 B6 B6 B6 B6 B6 B6 B6 B6 B6 B6 B6 B6 B6 B6 B6 B6 B6 B6 B6 B6 B6 B6 B6 B6 B6 B6 B6 B6 B6 B6 B6 B6 B6 B6 B6 B6 B6 B6 B6 B6 B6 B6 B6 B6 B6 B6 B6 B6 B6 B6 B6 B6 B6 B6 B6 B6 B6 B6 B6 B6 B6 B6 B6 B6 B6 B6 B6 B6 B6 B6 B6 B6 B6 B6 B6 B6 B6 B6 B6 B6,20.71925s,Vector SLP3,76 82,,,
20.74611s,Vector SLP3,36 83 B6 B6 B6 B6 B6 B6 B6 B6 B6 B6 B6 B6 B6 B6 B6 B6 B6 B6 B6 B6 B6 B6 B6 B6 B6 B6 B6 B6 B6 B6 B6 B6 B6 B6 B6 B6 B6 B6 B6 B6 B6 B6 B6 B6 B6 B6 B6 B6 B6 B6 B6 B6 B6 B6 B6 B6 B6 B6 B6 B6 B6 B6 B6 B6 B6 B6 B6 B6 B6 B6 B6 B6 B6 B6 B6 B6 B6 B6 B6 B6 B6 B6 B6 B6 B6 B6 B6 B6 B6 B6 B6 B6 B6 B6 B6 B6 B6 B6 B6 B6 B6 B6 B6 B6 B6 B6 B6 B6 B6 B6 B6 B6 B6 B6 B6 B6 B6 B6 B6 B6 B6 B6 B6 B6 B6 B6 B6 B6,20.75111s,Vector SLP3,76 83,,,
20.77820s,Vector SLP3,36 84 B6 B6 B6 B6 B6 B6 B6 B6 B6 B6 B6 B6 B6 B6 B6 B6 B6 B6 B6 B6 B6 B6 B6 B6 B6 B6 B6 B6 B6 B6 B6 B6 B6 B6 B6 B6 B6 B6 B6 B6 B6 B6 B6 B6 B6 B6 B6 B6 B6 B6 B6 B6 B6 B6 B6 B6 B6 B6 B6 B6 B6 B6 B6 B6 B6 B6 B6 B6 B6 B6 B6 B6 B6 B6 B6 B6 B6 B6 B6 B6 B6 B6 B6 B6 B6 B6 B6 B6 B6 B6 B6 B6 B6 B6 B6 B6 B6 B6 B6 B6 B6 B6 B6 B6 B6 B6 B6 B6 B6 B6 B6 B6 B6 B6 B6 B6 B6 B6 B6 B6 B6 B6 B6 B6 B6 B6 B6 B6,20.78260s,Vector SLP3,76 84,,,
20.82205s,Vector SLP3,36 85 B6 B6 B6 B6 B6 B6 B6 B6 B6 B6 B6 B6 B6 B6 B6 B6 B6 B6 B6 B6 B6 B6 B6 B6 B6 B6 B6 B6 B6 B6 B6 B6 B6 B6 B6 B6 B6 B6 B6 B6 B6 B6 B6 B6 B6 B6 B6 B6 B6 B6 B6 B6 B6 B6 B6 B6 B6 B6 B6 B6 B6 B6 B6 B6 B6 B6 B6 B6 B6 B6 B6 B6 B6 B6 B6 B6 B6 B6 B6 B6 B6 B6 B6 B6 B6 B6 B6 B6 B6 B6 B6 B6 B6 B6 B6 B6 B6 B6 B6 B6 B6 B6 B6 B6 B6 B6 B6 B6 B6 B6 B6 B6 B6 B6 B6 B6 B6 B6 B6 B6 B6 B6 B6 B6 B6 B6 B6 B6,20.82641s,Vector SLP3,76 85,,,
20.85287s,Vector SLP3,36 86 B6 B6 B6 B6 B6 B6 B6 B6 B6 B6 B6 B6 B6 B6 B6 B6 B6 B6 B6 B6 B6 B6 B6 B6 B6 B6 B6 B6 B6 B6 B6 B6 B6 B6 B6 B6 B6 B6 B6 B6 B6 B6 B6 B6 B6 B6 B6 B6 B6 B6 B6 B6 B6 B6 B6 B6 B6 B6 B6 B6 B6 B6 B6 B6 B6 B6 B6 B6 B6 B6 B6 B6 B6 B6 B6 B6 B6 B6 B6 B6 B6 B6 B6 B6 B6 B6 B6 B6 B6 B6 B6 B6 B6 B6 B6 B6 B6 B6 B6 B6 B6 B6 B6 B6 B6 B6 B6 B6 B6 B6 B6 B6 B6 B6 B6 B6 B6 B6 B6 B6 B6 B6 B6 B6 B6 B6 B6 B6,20.85728s,Vector SLP3,76 86,,,
20.88366s,Vector SLP3,36 87 B6 B6 B6 B6 B6 B6 B6 B6 B6 B6 B6 B6 B6 B6 B6 B6 B6 B6 B6 B6 B6 B6 B6 B6 B6 B6 B6 B6 B6 B6 B6 B6 B6 B6 B6 B6 B6 B6 B6 B6 B6 B6 B6 B6 B6 B6 B6 B6 B6 B6 B6 B6 B6 B6 B6 B6 B6 B6 B6 B6 B6 B6 B6 B6 B6 B6 B6 B6 B6 B6 B6 B6 B6 B6 B6 B6 B6 B6 B6 B6 B6 B6 B6 B6 B6 B6 B6 B6 B6 B6 B6 B6 B6 B6 B6 B6 B6 B6 B6 B6 B6 B6 B6 B6 B6 B6 B6 B6 B6 B6 B6 B6 B6 B6 B6 B6 B6 B6 B6 B6 B6 B6 B6 B6 B6 B6 B6 B6,20.88814s,Vector SLP3,76 87,,,
20.91465s,Vector SLP3,36 88 B6 B6 B6 B6 B6 B6 B6 B6 B6 B6 B6 B6 B6 B6 B6 B6 B6 B6 B6 B6 B6 B6 B6 B6 B6 B6 B6 B6 B6 B6 B6 B6 B6 B6 B6 B6 B6 B6 B6 B6 B6 B6 B6 B6 B6 B6 B6 B6 B6 B6 B6 B6 B6 B6 B6 B6 B6 B6 B6 B6 B6 B6 B6 B6 B6 B6 B6 B6 B6 B6 B6 B6 B6 B6 B6 B6 B6 B6 B6 B6 B6 B6 B6 B6 B6 B6 B6 B6 B6 B6 B6 B6 B6 B6 B6 B6 B6 B6 B6 B6 B6 B6 B6 B6 B6 B6 B6 B6 B6 B6 B6 B6 B6 B6 B6 B6 B6 B6 B6 B6 B6 B6 B6 B6 B6 B6 B6 B6,20.91901s,Vector SLP3,76 88,,,
20.94557s,Vector SLP3,36 89 B6 B6 B6 B6 B6 B6 B6 B6 B6 B6 B6 B6 B6 B6 B6 B6 B6 B6 B6 B6 B6 B6 B6 B6 B6 B6 B6 B6 B6 B6 B6 B6 B6 B6 B6 B6 B6 B6 B6 B6 B6 B6 B6 B6 B6 B6 B6 B6 B6 B6 B6 B6 B6 B6 B6 B6 B6 B6 B6 B6 B6 B6 B6 B6 B6 B6 B6 B6 B6 B6 B6 B6 B6 B6 B6 B6 B6 B6 B6 B6 B6 B6 B6 B6 B6 B6 B6 B6 B6 B6 B6 B6 B6 B6 B6 B6 B6 B6 B6 B6 B6 B6 B6 B6 B6 B6 B6 B6 B6 B6 B6 B6 B6 B6 B6 B6 B6 B6 B6 B6 B6 B6 B6 B6 B6 B6 B6 B6,20.95026s,Vector SLP3,76 89,,,
20.97622s,Vector SLP3,36 8A B6 B6 B6 B6 B6 B6 B6 B6 B6 B6 B6 B6 B6 B6 B6 B6 B6 B6 B6 B6 B6 B6 B6 B6 B6 B6 B6 B6 B6 B6 B6 B6 B6 B6 B6 B6 B6 B6 B6 B6 B6 B6 B6 B6 B6 B6 B6 B6 B6 B6 B6 B6 B6 B6 B6 B6 B6 B6 B6 B6 B6 B6 B6 B6 B6 B6 B6 B6 B6 B6 B6 B6 B6 B6 B6 B6 B6 B6 B6 B6 B6 B6 B6 B6 B6 B6 B6 B6 B6 B6 B6 B6 B6 B6 B6 B6 B6 B6 B6 B6 B6 B6 B6 B6 B6 B6 B6 B6 B6 B6 B6 B6 B6 B6 B6 B6 B6 B6 B6 B6 B6 B6 B6 B6 B6 B6 B6 B6,20.98075s,Vector SLP3,76 8A,,,
21.00725s,Vector SLP3,36 8B B6 B6 B6 B6 B6 B6 B6 B6 B6 B6 B6 B6 B6 B6 B6 B6 B6 B6 B6 B6 B6 B6 B6 B6 B6 B6 B6 B6 B6 B6 B6 B6 B6 B6 B6 B6 B6 B6 B6 B6 B6 B6 B6 B6 B6 B6 B6 B6 B6 B6 B6 B6 B6 B6 B6 B6 B6 B6 B6 B6 B6 B6 B6 B6 B6 B6 B6 B6 B6 B6 B6 B6 B6 B6 B6 B6 B6 B6 B6 B6 B6 B6 B6 B6 B6 B6 B6 B6 B6 B6 B6 B6 B6 B6 B6 B6 B6 B6 B6 B6 B6 B6 B6 B6 B6 B6 B6 B6 B6 B6 B6 B6 B6 B6 B6 B6 B6 B6 B6 B6 B6 B6 B6 B6 B6 B6 B6 B6,21.01162s,Vector SLP3,76 8B,,,
21.03704s,Vector SLP3,36 8C B6 B6 B6 B6 B6 B6 B6 B6 B6 B6 B6 B6 B6 B6 B6 B6 B6 B6 B6 B6 B6 B6 B6 B6 B6 B6 B6 B6 B6 B6 B6 B6 B6 B6 B6 B6 B6 B6 B6 B6 B6 B6 B6 B6 B6 B6 B6 B6 B6 B6 B6 B6 B6 B6 B6 B6 B6 B6 B6 B6 B6 B6 B6 B6 B6 B6 B6 B6 B6 B6 B6 B6 B6 B6 B6 B6 B6 B6 B6 B6 B6 B6 B6 B6 B6 B6 B6 B6 B6 B6 B6 B6 B6 B6 B6 B6 B6 B6 B6 B6 B6 B6 B6 B6 B6 B6 B6 B6 B6 B6 B6 B6 B6 B6 B6 B6 B6 B6 B6 B6 B6 B6 B6 B6 B6 B6 B6 B6,21.04149s,Vector SLP3,76 8C,,,
21.06803s,Vector SLP3,36 8D B6 B6 B6 B6 B6 B6 B6 B6 B6 B6 B6 B6 B6 B6 B6 B6 B6 B6 B6 B6 B6 B6 B6 B6 B6 B6 B6 B6 B6 B6 B6 B6 B6 B6 B6 B6 B6 B6 B6 B6 B6 B6 B6 B6 B6 B6 B6 B6 B6 B6 B6 B6 B6 B6 B6 B6 B6 B6 B6 B6 B6 B6 B6 B6 B6 B6 B6 B6 B6 B6 B6 B6 B6 B6 B6 B6 B6 B6 B6 B6 B6 B6 B6 B6 B6 B6 B6 B6 B6 B6 B6 B6 B6 B6 B6 B6 B6 B6 B6 B6 B6 B6 B6 B6 B6 B6 B6 B6 B6 B6 B6 B6 B6 B6 B6 B6 B6 B6 B6 B6 B6 B6 B6 B6 B6 B6 B6 B6,21.07273s,Vector SLP3,76 8D,,,
21.09897s,Vector SLP3,36 8E B6 B6 B6 B6 B6 B6 B6 B6 B6 B6 B6 B6 B6 B6 B6 B6 B6 B6 B6 B6 B6 B6 B6 B6 B6 B6 B6 B6 B6 B6 B6 B6 B6 B6 B6 B6 B6 B6 B6 B6 B6 B6 B6 B6 B6 B6 B6 B6 B6 B6 B6 B6 B6 B6 B6 B6 B6 B6 B6 B6 B6 B6 B6 B6 B6 B6 B6 B6 B6 B6 B6 B6 B6 B6 B6 B6 B6 B6 B6 B6 B6 B6 B6 B6 B6 B6 B6 B6 B6 B6 B6 B6 B6 B6 B6 B6 B6 B6 B6 B6 B6 B6 B6 B6 B6 B6 B6 B6 B6 B6 B6 B6 B6 B6 B6 B6 B6 B6 B6 B6 B6 B6 B6 B6 B6 B6 B6 B6,21.10360s,Vector SLP3,76 8E,,,
21.13093s,Vector SLP3,36 8F B6 B6 B6 B6 B6 B6 B6 B6 B6 B6 B6 B6 B6 B6 B6 B6 B6 B6 B6 B6 B6 B6 B6 B6 B6 B6 B6 B6 B6 B6 B6 B6 B6 B6 B6 B6 B6 B6 B6 B6 B6 B6 B6 B6 B6 B6 B6 B6 B6 B6 B6 B6 B6 B6 B6 B6 B6 B6 B6 B6 B6 B6 B6 B6 B6 B6 B6 B6 B6 B6 B6 B6 B6 B6 B6 B6 B6 B6 B6 B6 B6 B6 B6 B6 B6 B6 B6 B6 B6 B6 B6 B6 B6 B6 B6 B6 B6 B6 B6 B6 B6 B6 B6 B6 B6 B6 B6 B6 B6 B6 B6 B6 B6 B6 B6 B6 B6 B6 B6 B6 B6 B6 B6 B6 B6 B6 B6 B6,21.13546s,Vector SLP3,76 8F,,,
21.16245s,Vector SLP3,36 90 B6 B6 B6 B6 B6 B6 B6 B6 B6 B6 B6 B6 B6 B6 B6 B6 B6 B6 B6 B6 B6 B6 B6 B6 B6 B6 B6 B6 B6 B6 B6 B6 B6 B6 B6 B6 B6 B6 B6 B6 B6 B6 B6 B6 B6 B6 B6 B6 B6 B6 B6 B6 B6 B6 B6 B6 B6 B6 B6 B6 B6 B6 B6 B6 B6 B6 B6 B6 B6 B6 B6 B6 B6 B6 B6 B6 B6 B6 B6 B6 B6 B6 B6 B6 B6 B6 B6 B6 B6 B6 B6 B6 B6 B6 B6 B6 B6 B6 B6 B6 B6 B6 B6 B6 B6 B6 B6 B6 B6 B6 B6 B6 B6 B6 B6 B6 B6 B6 B6 B6 B6 B6 B6 B6 B6 B6 B6 B6,21.16695s,Vector SLP3,76 90,,,
21.19444s,Vector SLP3,36 91 B6 B6 B6 B6 B6 B6 B6 B6 B6 B6 B6 B6 B6 B6 B6 B6 B6 B6 B6 B6 B6 B6 B6 B6 B6 B6 B6 B6 B6 B6 B6 B6 B6 B6 B6 B6 B6 B6 B6 B6 B6 B6 B6 B6 B6 B6 B6 B6 B6 B6 B6 B6 B6 B6 B6 B6 B6 B6 B6 B6 B6 B6 B6 B6 B6 B6 B6 B6 B6 B6 B6 B6 B6 B6 B6 B6 B6 B6 B6 B6 B6 B6 B6 B6 B6 B6 B6 B6 B6 B6 B6 B6 B6 B6 B6 B6 B6 B6 B6 B6 B6 B6 B6 B6 B6 B6 B6 B6 B6 B6 B6 B6 B6 B6 B6 B6 B6 B6 B6 B6 B6 B6 B6 B6 B6 B6 B6 B6,21.19881s,Vector SLP3,76 91,,,
21.22515s,Vector SLP3,36 92 B6 B6 B6 B6 B6 B6 B6 B6 B6 B6 B6 B6 B6 B6 B6 B6 B6 B6 B6 B6 B6 B6 B6 B6 B6 B6 B6 B6 B6 B6 B6 B6 B6 B6 B6 B6 B6 B6 B6 B6 B6 B6 B6 B6 B6 B6 B6 B6 B6 B6 B6 B6 B6 B6 B6 B6 B6 B6 B6 B6 B6 B6 B6 B6 B6 B6 B6 B6 B6 B6 B6 B6 B6 B6 B6 B6 B6 B6 B6 B6 B6 B6 B6 B6 B6 B6 B6 B6 B6 B6 B6 B6 B6 B6 B6 B6 B6 B6 B6 B6 B6 B6 B6 B6 B6 B6 B6 B6 B6 B6 B6 B6 B6 B6 B6 B6 B6 B6 B6 B6 B6 B6 B6 B6 B6 B6 B6 B6,21.22967s,Vector SLP3,76 92,,,
21.25619s,Vector SLP3,36 93 B6 B6 B6 B6 B6 B6 B6 B6 B6 B6 B6 B6 B6 B6 B6 B6 B6 B6 B6 B6 B6 B6 B6 B6 B6 B6 B6 B6 B6 B6 B6 B6 B6 B6 B6 B6 B6 B6 B6 B6 B6 B6 B6 B6 B6 B6 B6 B6 B6 B6 B6 B6 B6 B6 B6 B6 B6 B6 B6 B6 B6 B6 B6 B6 B6 B6 B6 B6 B6 B6 B6 B6 B6 B6 B6 B6 B6 B6 B6 B6 B6 B6 B6 B6 B6 B6 B6 B6 B6 B6 B6 B6 B6 B6 B6 B6 B6 B6 B6 B6 B6 B6 B6 B6 B6 B6 B6 B6 B6 B6 B6 B6 B6 B6 B6 B6 B6 B6 B6 B6 B6 B6 B6 B6 B6 B6 B6 B6,21.26090s,Vector SLP3,76 93,,,
21.28698s,Vector SLP3,36 94 B6 B6 B6 B6 B6 B6 B6 B6 B6 B6 B6 B6 B6 B6 B6 B6 B6 B6 B6 B6 B6 B6 B6 B6 B6 B6 B6 B6 B6 B6 B6 B6 B6 B6 B6 B6 B6 B6 B6 B6 B6 B6 B6 B6 B6 B6 B6 B6 B6 B6 B6 B6 B6 B6 B6 B6 B6 B6 B6 B6 B6 B6 B6 B6 B6 B6 B6 B6 B6 B6 B6 B6 B6 B6 B6 B6 B6 B6 B6 B6 B6 B6 B6 B6 B6 B6 B6 B6 B6 B6 B6 B6 B6 B6 B6 B6 B6 B6 B6 B6 B6 B6 B6 B6 B6 B6 B6 B6 B6 B6 B6 B6 B6 B6 B6 B6 B6 B6 B6 B6 B6 B6 B6 B6 B6 B6 B6 B6,21.29139s,Vector SLP3,76 94,,,
21.31797s,Vector SLP3,36 95 B6 B6 B6 B6 B6 B6 B6 B6 B6 B6 B6 B6 B6 B6 B6 B6 B6 B6 B6 B6 B6 B6 B6 B6 B6 B6 B6 B6 B6 B6 B6 B6 B6 B6 B6 B6 B6 B6 B6 B6 B6 B6 B6 B6 B6 B6 B6 B6 B6 B6 B6 B6 B6 B6 B6 B6 B6 B6 B6 B6 B6 B6 B6 B6 B6 B6 B6 B6 B6 B6 B6 B6 B6 B6 B6 B6 B6 B6 B6 B6 B6 B6 B6 B6 B6 B6 B6 B6 B6 B6 B6 B6 B6 B6 B6 B6 B6 B6 B6 B6 B6 B6 B6 B6 B6 B6 B6 B6 B6 B6 B6 B6 B6 B6 B6 B6 B6 B6 B6 B6 B6 B6 B6 B6 B6 B6 B6 B6,21.32264s,Vector SLP3,76 95,,,
21.34974s,Vector SLP3,36 96 B6 B6 B6 B6 B6 B6 B6 B6 B6 B6 B6 B6 B6 B6 B6 B6 B6 B6 B6 B6 B6 B6 B6 B6 B6 B6 B6 B6 B6 B6 B6 B6 B6 B6 B6 B6 B6 B6 B6 B6 B6 B6 B6 B6 B6 B6 B6 B6 B6 B6 B6 B6 B6 B6 B6 B6 B6 B6 B6 B6 B6 B6 B6 B6 B6 B6 B6 B6 B6 B6 B6 B6 B6 B6 B6 B6 B6 B6 B6 B6 B6 B6 B6 B6 B6 B6 B6 B6 B6 B6 B6 B6 B6 B6 B6 B6 B6 B6 B6 B6 B6 B6 B6 B6 B6 B6 B6 B6 B6 B6 B6 B6 B6 B6 B6 B6 B6 B6 B6 B6 B6 B6 B6 B6 B6 B6 B6 B6,21.35413s,Vector SLP3,76 96,,,
21.38051s,Vector SLP3,36 97 B6 B6 B6 B6 B6 B6 B6 B6 B6 B6 B6 B6 B6 B6 B6 B6 B6 B6 B6 B6 B6 B6 B6 B6 B6 B6 B6 B6 B6 B6 B6 B6 B6 B6 B6 B6 B6 B6 B6 B6 B6 B6 B6 B6 B6 B6 B6 B6 B6 B6 B6 B6 B6 B6 B6 B6 B6 B6 B6 B6 B6 B6 B6 B6 B6 B6 B6 B6 B6 B6 B6 B6 B6 B6 B6 B6 B6 B6 B6 B6 B6 B6 B6 B6 B6 B6 B6 B6 B6 B6 B6 B6 B6 B6 B6 B6 B6 B6 B6 B6 B6 B6 B6 B6 B6 B6 B6 B6 B6 B6 B6 B6 B6 B6 B6 B6 B6 B6 B6 B6 B6 B6 B6 B6 B6 B6 B6 B6,21.38500s,Vector SLP3,76 97,,,
21.41153s,Vector SLP3,36 98 B6 B6 B6 B6 B6 B6 B6 B6 B6 B6 B6 B6 B6 B6 B6 B6 B6 B6 B6 B6 B6 B6 B6 B6 B6 B6 B6 B6 B6 B6 B6 B6 B6 B6 B6 B6 B6 B6 B6 B6 B6 B6 B6 B6 B6 B6 B6 B6 B6 B6 B6 B6 B6 B6 B6 B6 B6 B6 B6 B6 B6 B6 B6 B6 B6 B6 B6 B6 B6 B6 B6 B6 B6 B6 B6 B6 B6 B6 B6 B6 B6 B6 B6 B6 B6 B6 B6 B6 B6 B6 B6 B6 B6 B6 B6 B6 B6 B6 B6 B6 B6 B6 B6 B6 B6 B6 B6 B6 B6 B6 B6 B6 B6 B6 B6 B6 B6 B6 B6 B6 B6 B6 B6 B6 B6 B6 B6 B6,21.41624s,Vector SLP3,76 98,,,
21.44231s,Vector SLP3,36 99 B6 B6 B6 B6 B6 B6 B6 B6 B6 B6 B6 B6 B6 B6 B6 B6 B6 B6 B6 B6 B6 B6 B6 B6 B6 B6 B6 B6 B6 B6 B6 B6 B6 B6 B6 B6 B6 B6 B6 B6 B6 B6 B6 B6 B6 B6 B6 B6 B6 B6 B6 B6 B6 B6 B6 B6 B6 B6 B6 B6 B6 B6 B6 B6 B6 B6 B6 B6 B6 B6 B6 B6 B6 B6 B6 B6 B6 B6 B6 B6 B6 B6 B6 B6 B6 B6 B6 B6 B6 B6 B6 B6 B6 B6 B6 B6 B6 B6 B6 B6 B6 B6 B6 B6 B6 B6 B6 B6 B6 B6 B6 B6 B6 B6 B6 B6 B6 B6 B6 B6 B6 B6 B6 B6 B6 B6 B6 B6,21.44673s,Vector SLP3,76 99,,,
21.47325s,Vector SLP3,36 9A B6 B6 B6 B6 B6 B6 B6 B6 B6 B6 B6 B6 B6 B6 B6 B6 B6 B6 B6 B6 B6 B6 B6 B6 B6 B6 B6 B6 B6 B6 B6 B6 B6 B6 B6 B6 B6 B6 B6 B6 B6 B6 B6 B6 B6 B6 B6 B6 B6 B6 B6 B6 B6 B6 B6 B6 B6 B6 B6 B6 B6 B6 B6 B6 B6 B6 B6 B6 B6 B6 B6 B6 B6 B6 B6 B6 B6 B6 B6 B6 B6 B6 B6 B6 B6 B6 B6 B6 B6 B6 B6 B6 B6 B6 B6 B6 B6 B6 B6 B6 B6 B6 B6 B6 B6 B6 B6 B6 B6 B6 B6 B6 B6 B6 B6 B6 B6 B6 B6 B6 B6 B6 B6 B6 B6 B6 B6 B6,21.47760s,Vector SLP3,76 9A,,,
21.50415s,Vector SLP3,36 9B B6 B6 B6 B6 B6 B6 B6 B6 B6 B6 B6 B6 B6 B6 B6 B6 B6 B6 B6 B6 B6 B6 B6 B6 B6 B6 B6 B6 B6 B6 B6 B6 B6 B6 B6 B6 B6 B6 B6 B6 B6 B6 B6 B6 B6 B6 B6 B6 B6 B6 B6 B6 B6 B6 B6 B6 B6 B6 B6 B6 B6 B6 B6 B6 B6 B6 B6 B6 B6 B6 B6 B6 B6 B6 B6 B6 B6 B6 B6 B6 B6 B6 B6 B6 B6 B6 B6 B6 B6 B6 B6 B6 B6 B6 B6 B6 B6 B6 B6 B6 B6 B6 B6 B6 B6 B6 B6 B6 B6 B6 B6 B6 B6 B6 B6 B6 B6 B6 B6 B6 B6 B6 B6 B6 B6 B6 B6 B6,21.50884s,Vector SLP3,76 9B,,,
21.53608s,Vector SLP3,36 9C B6 B6 B6 B6 B6 B6 B6 B6 B6 B6 B6 B6 B6 B6 B6 B6 B6 B6 B6 B6 B6 B6 B6 B6 B6 B6 B6 B6 B6 B6 B6 B6 B6 B6 B6 B6 B6 B6 B6 B6 B6 B6 B6 B6 B6 B6 B6 B6 B6 B6 B6 B6 B6 B6 B6 B6 B6 B6 B6 B6 B6 B6 B6 B6 B6 B6 B6 B6 B6 B6 B6 B6 B6 B6 B6 B6 B6 B6 B6 B6 B6 B6 B6 B6 B6 B6 B6 B6 B6 B6 B6 B6 B6 B6 B6 B6 B6 B6 B6 B6 B6 B6 B6 B6 B6 B6 B6 B6 B6 B6 B6 B6 B6 B6 B6 B6 B6 B6 B6 B6 B6 B6 B6 B6 B6 B6 B6 B6,21.54070s,Vector SLP3,76 9C,,,
21.56767s,Vector SLP3,36 9D B6 B6 B6 B6 B6 B6 B6 B6 B6 B6 B6 B6 B6 B6 B6 B6 B6 B6 B6 B6 B6 B6 B6 B6 B6 B6 B6 B6 B6 B6 B6 B6 B6 B6 B6 B6 B6 B6 B6 B6 B6 B6 B6 B6 B6 B6 B6 B6 B6 B6 B6 B6 B6 B6 B6 B6 B6 B6 B6 B6 B6 B6 B6 B6 B6 B6 B6 B6 B6 B6 B6 B6 B6 B6 B6 B6 B6 B6 B6 B6 B6 B6 B6 B6 B6 B6 B6 B6 B6 B6 B6 B6 B6 B6 B6 B6 B6 B6 B6 B6 B6 B6 B6 B6 B6 B6 B6 B6 B6 B6 B6 B6 B6 B6 B6 B6 B6 B6 B6 B6 B6 B6 B6 B6 B6 B6 B6 B6,21.57218s,Vector SLP3,76 9D,,,
21.59790s,Vector SLP3,36 9E B6 B6 B6 B6 B6 B6 B6 B6 B6 B6 B6 B6 B6 B6 B6 B6 B6 B6 B6 B6 B6 B6 B6 B6 B6 B6 B6 B6 B6 B6 B6 B6 B6 B6 B6 B6 B6 B6 B6 B6 B6 B6 B6 B6 B6 B6 B6 B6 B6 B6 B6 B6 B6 B6 B6 B6 B6 B6 B6 B6 B6 B6 B6 B6 B6 B6 B6 B6 B6 B6 B6 B6 B6 B6 B6 B6 B6 B6 B6 B6 B6 B6 B6 B6 B6 B6 B6 B6 B6 B6 B6 B6 B6 B6 B6 B6 B6 B6 B6 B6 B6 B6 B6 B6 B6 B6 B6 B6 B6 B6 B6 B6 B6 B6 B6 B6 B6 B6 B6 B6 B6 B6 B6 B6 B6 B6 B6 B6,21.60242s,Vector SLP3,76 9E,,,
21.62946s,Vector SLP3,36 9F B6 B6 B6 B6 B6 B6 B6 B6 B6 B6 B6 B6 B6 B6 B6 B6 B6 B6 B6 B6 B6 B6 B6 B6 B6 B6 B6 B6 B6 B6 B6 B6 B6 B6 B6 B6 B6 B6 B6 B6 B6 B6 B6 B6 B6 B6 B6 B6 B6 B6 B6 B6 B6 B6 B6 B6 B6 B6 B6 B6 B6 B6 B6 B6 B6 B6 B6 B6 B6 B6 B6 B6 B6 B6 B6 B6 B6 B6 B6 B6 B6 B6 B6 B6 B6 B6 B6 B6 B6 B6 B6 B6 B6 B6 B6 B6 B6 B6 B6 B6 B6 B6 B6 B6 B6 B6 B6 B6 B6 B6 B6 B6 B6 B6 B6 B6 B6 B6 B6 B6 B6 B6 B6 B6 B6 B6 B6 B6,21.63391s,Vector SLP3,76 9F,,,
21.66045s,Vector SLP3,36 A0 B6 B6 B6 B6 B6 B6 B6 B6 B6 B6 B6 B6 B6 B6 B6 B6 B6 B6 B6 B6 B6 B6 B6 B6 B6 B6 B6 B6 B6 B6 B6 B6 B6 B6 B6 B6 B6 B6 B6 B6 B6 B6 B6 B6 B6 B6 B6 B6 B6 B6 B6 B6 B6 B6 B6 B6 B6 B6 B6 B6 B6 B6 B6 B6 B6 B6 B6 B6 B6 B6 B6 B6 B6 B6 B6 B6 B6 B6 B6 B6 B6 B6 B6 B6 B6 B6 B6 B6 B6 B6 B6 B6 B6 B6 B6 B6 B6 B6 B6 B6 B6 B6 B6 B6 B6 B6 B6 B6 B6 B6 B6 B6 B6 B6 B6 B6 B6 B6 B6 B6 B6 B6 B6 B6 B6 B6 B6 B6,21.66515s,Vector SLP3,76 A0,,,
21.69223s,Vector SLP3,36 A1 B6 B6 B6 B6 B6 B6 B6 B6 B6 B6 B6 B6 B6 B6 B6 B6 B6 B6 B6 B6 B6 B6 B6 B6 B6 B6 B6 B6 B6 B6 B6 B6 B6 B6 B6 B6 B6 B6 B6 B6 B6 B6 B6 B6 B6 B6 B6 B6 B6 B6 B6 B6 B6 B6 B6 B6 B6 B6 B6 B6 B6 B6 B6 B6 B6 B6 B6 B6 B6 B6 B6 B6 B6 B6 B6 B6 B6 B6 B6 B6 B6 B6 B6 B6 B6 B6 B6 B6 B6 B6 B6 B6 B6 B6 B6 B6 B6 B6 B6 B6 B6 B6 B6 B6 B6 B6 B6 B6 B6 B6 B6 B6 B6 B6 B6 B6 B6 B6 B6 B6 B6 B6 B6 B6 B6 B6 B6 B6,21.69663s,Vector SLP3,76 A1,,,
21.72293s,Vector SLP3,36 A2 B6 B6 B6 B6 B6 B6 B6 B6 B6 B6 B6 B6 B6 B6 B6 B6 B6 B6 B6 B6 B6 B6 B6 B6 B6 B6 B6 B6 B6 B6 B6 B6 B6 B6 B6 B6 B6 B6 B6 B6 B6 B6 B6 B6 B6 B6 B6 B6 B6 B6 B6 B6 B6 B6 B6 B6 B6 B6 B6 B6 B6 B6 B6 B6 B6 B6 B6 B6 B6 B6 B6 B6 B6 B6 B6 B6 B6 B6 B6 B6 B6 B6 B6 B6 B6 B6 B6 B6 B6 B6 B6 B6 B6 B6 B6 B6 B6 B6 B6 B6 B6 B6 B6 B6 B6 B6 B6 B6 B6 B6 B6 B6 B6 B6 B6 B6 B6 B6 B6 B6 B6 B6 B6 B6 B6 B6 B6 B6,21.72749s,Vector SLP3,76 A2,,,
21.75490s,Vector SLP3,36 A3 B6 B6 B6 B6 B6 B6 B6 B6 B6 B6 B6 B6 B6 B6 B6 B6 B6 B6 B6 B6 B6 B6 B6 B6 B6 B6 B6 B6 B6 B6 B6 B6 B6 B6 B6 B6 B6 B6 B6 B6 B6 B6 B6 B6 B6 B6 B6 B6 B6 B6 B6 B6 B6 B6 B6 B6 B6 B6 B6 B6 B6 B6 B6 B6 B6 B6 B6 B6 B6 B6 B6 B6 B6 B6 B6 B6 B6 B6 B6 B6 B6 B6 B6 B6 B6 B6 B6 B6 B6 B6 B6 B6 B6 B6 B6 B6 B6 B6 B6 B6 B6 B6 B6 B6 B6 B6 B6 B6 B6 B6 B6 B6 B6 B6 B6 B6 B6 B6 B6 B6 B6 B6 B6 B6 B6 B6 B6 B6,21.75935s,Vector SLP3,76 A3,,,
21.78576s,Vector SLP3,36 A4 B6 B6 B6 B6 B6 B6 B6 B6 B6 B6 B6 B6 B6 B6 B6 B6 B6 B6 B6 B6 B6 B6 B6 B6 B6 B6 B6 B6 B6 B6 B6 B6 B6 B6 B6 B6 B6 B6 B6 B6 B6 B6 B6 B6 B6 B6 B6 B6 B6 B6 B6 B6 B6 B6 B6 B6 B6 B6 B6 B6 B6 B6 B6 B6 B6 B6 B6 B6 B6 B6 B6 B6 B6 B6 B6 B6 B6 B6 B6 B6 B6 B6 B6 B6 B6 B6 B6 B6 B6 B6 B6 B6 B6 B6 B6 B6 B6 B6 B6 B6 B6 B6 B6 B6 B6 B6 B6 B6 B6 B6 B6 B6 B6 B6 B6 B6 B6 B6 B6 B6 B6 B6 B6 B6 B6 B6 B6 B6,21.79022s,Vector SLP3,76 A4,,,
21.91425s,Vector SLP3,36 A5 B6 B6 B6 B6 B6 B6 B6 B6 B6 B6 B6 B6 B6 B6 B6 B6 B6 B6 B6 B6 B6 B6 B6 B6 B6 B6 B6 B6 B6 B6 B6 B6 B6 B6 B6 B6 B6 B6 B6 B6 B6 B6 B6 B6 B6 B6 B6 B6 B6 B6 B6 B6 B6 B6 B6 B6 B6 B6 B6 B6 B6 B6 B6 B6 B6 B6 B6 B6 B6 B6 B6 B6 B6 B6 B6 B6 B6 B6 B6 B6 B6 B6 B6 B6 B6 B6 B6 B6 B6 B6 B6 B6 B6 B6 B6 B6 B6 B6 B6 B6 B6 B6 B6 B6 B6 B6 B6 B6 B6 B6 B6 B6 B6 B6 B6 B6 B6 B6 B6 B6 B6 B6 B6 B6 B6 B6 B6 B6,21.91866s,Vector SLP3,76 A5,,,
21.94525s,Vector SLP3,36 A6 B6 B6 B6 B6 B6 B6 B6 B6 B6 B6 B6 B6 B6 B6 B6 B6 B6 B6 B6 B6 B6 B6 B6 B6 B6 B6 B6 B6 B6 B6 B6 B6 B6 B6 B6 B6 B6 B6 B6 B6 B6 B6 B6 B6 B6 B6 B6 B6 B6 B6 B6 B6 B6 B6 B6 B6 B6 B6 B6 B6 B6 B6 B6 B6 B6 B6 B6 B6 B6 B6 B6 B6 B6 B6 B6 B6 B6 B6 B6 B6 B6 B6 B6 B6 B6 B6 B6 B6 B6 B6 B6 B6 B6 B6 B6 B6 B6 B6 B6 B6 B6 B6 B6 B6 B6 B6 B6 B6 B6 B6 B6 B6 B6 B6 B6 B6 B6 B6 B6 B6 B6 B6 B6 B6 B6 B6 B6 B6,21.94990s,Vector SLP3,76 A6,,,
21.97612s,Vector SLP3,36 A7 B6 B6 B6 B6 B6 B6 B6 B6 B6 B6 B6 B6 B6 B6 B6 B6 B6 B6 B6 B6 B6 B6 B6 B6 B6 B6 B6 B6 B6 B6 B6 B6 B6 B6 B6 B6 B6 B6 B6 B6 B6 B6 B6 B6 B6 B6 B6 B6 B6 B6 B6 B6 B6 B6 B6 B6 B6 B6 B6 B6 B6 B6 B6 B6 B6 B6 B6 B6 B6 B6 B6 B6 B6 B6 B6 B6 B6 B6 B6 B6 B6 B6 B6 B6 B6 B6 B6 B6 B6 B6 B6 B6 B6 B6 B6 B6 B6 B6 B6 B6 B6 B6 B6 B6 B6 B6 B6 B6 B6 B6 B6 B6 B6 B6 B6 B6 B6 B6 B6 B6 B6 B6 B6 B6 B6 B6 B6 B6,21.98076s,Vector SLP3,76 A7,,,
22.00768s,Vector SLP3,36 A8 B6 B6 B6 B6 B6 B6 B6 B6 B6 B6 B6 B6 B6 B6 B6 B6 B6 B6 B6 B6 B6 B6 B6 B6 B6 B6 B6 B6 B6 B6 B6 B6 B6 B6 B6 B6 B6 B6 B6 B6 B6 B6 B6 B6 B6 B6 B6 B6 B6 B6 B6 B6 B6 B6 B6 B6 B6 B6 B6 B6 B6 B6 B6 B6 B6 B6 B6 B6 B6 B6 B6 B6 B6 B6 B6 B6 B6 B6 B6 B6 B6 B6 B6 B6 B6 B6 B6 B6 B6 B6 B6 B6 B6 B6 B6 B6 B6 B6 B6 B6 B6 B6 B6 B6 B6 B6 B6 B6 B6 B6 B6 B6 B6 B6 B6 B6 B6 B6 B6 B6 B6 B6 B6 B6 B6 B6 B6 B6,22.01224s,Vector SLP3,76 A8,,,
22.03861s,Vector SLP3,36 A9 B6 B6 B6 B6 B6 B6 B6 B6 B6 B6 B6 B6 B6 B6 B6 B6 B6 B6 B6 B6 B6 B6 B6 B6 B6 B6 B6 B6 B6 B6 B6 B6 B6 B6 B6 B6 B6 B6 B6 B6 B6 B6 B6 B6 B6 B6 B6 B6 B6 B6 B6 B6 B6 B6 B6 B6 B6 B6 B6 B6 B6 B6 B6 B6 B6 B6 B6 B6 B6 B6 B6 B6 B6 B6 B6 B6 B6 B6 B6 B6 B6 B6 B6 B6 B6 B6 B6 B6 B6 B6 B6 B6 B6 B6 B6 B6 B6 B6 B6 B6 B6 B6 B6 B6 B6 B6 B6 B6 B6 B6 B6 B6 B6 B6 B6 B6 B6 B6 B6 B6 B6 B6 B6 B6 B6 B6 B6 B6,22.04310s,Vector SLP3,76 A9,,,
22.06939s,Vector SLP3,36 AA B6 B6 B6 B6 B6 B6 B6 B6 B6 B6 B6 B6 B6 B6 B6 B6 B6 B6 B6 B6 B6 B6 B6 B6 B6 B6 B6 B6 B6 B6 B6 B6 B6 B6 B6 B6 B6 B6 B6 B6 B6 B6 B6 B6 B6 B6 B6 B6 B6 B6 B6 B6 B6 B6 B6 B6 B6 B6 B6 B6 B6 B6 B6 B6 B6 B6 B6 B6 B6 B6 B6 B6 B6 B6 B6 B6 B6 B6 B6 B6 B6 B6 B6 B6 B6 B6 B6 B6 B6 B6 B6 B6 B6 B6 B6 B6 B6 B6 B6 B6 B6 B6 B6 B6 B6 B6 B6 B6 B6 B6 B6 B6 B6 B6 B6 B6 B6 B6 B6 B6 B6 B6 B6 B6 B6 B6 B6 B6,22.07396s,Vector SLP3,76 AA,,,
22.10042s,Vector SLP3,36 AB B6 B6 B6 B6 B6 B6 B6 B6 B6 B6 B6 B6 B6 B6 B6 B6 B6 B6 B6 B6 B6 B6 B6 B6 B6 B6 B6 B6 B6 B6 B6 B6 B6 B6 B6 B6 B6 B6 B6 B6 B6 B6 B6 B6 B6 B6 B6 B6 B6 B6 B6 B6 B6 B6 B6 B6 B6 B6 B6 B6 B6 B6 B6 B6 B6 B6 B6 B6 B6 B6 B6 B6 B6 B6 B6 B6 B6 B6 B6 B6 B6 B6 B6 B6 B6 B6 B6 B6 B6 B6 B6 B6 B6 B6 B6 B6 B6 B6 B6 B6 B6 B6 B6 B6 B6 B6 B6 B6 B6 B6 B6 B6 B6 B6 B6 B6 B6 B6 B6 B6 B6 B6 B6 B6 B6 B6 B6 B6,22.10483s,Vector SLP3,76 AB,,,
22.13124s,Vector SLP3,36 AC B6 B6 B6 B6 B6 B6 B6 B6 B6 B6 B6 B6 B6 B6 B6 B6 B6 B6 B6 B6 B6 B6 B6 B6 B6 B6 B6 B6 B6 B6 B6 B6 B6 B6 B6 B6 B6 B6 B6 B6 B6 B6 B6 B6 B6 B6 B6 B6 B6 B6 B6 B6 B6 B6 B6 B6 B6 B6 B6 B6 B6 B6 B6 B6 B6 B6 B6 B6 B6 B6 B6 B6 B6 B6 B6 B6 B6 B6 B6 B6 B6 B6 B6 B6 B6 B6 B6 B6 B6 B6 B6 B6 B6 B6 B6 B6 B6 B6 B6 B6 B6 B6 B6 B6 B6 B6 B6 B6 B6 B6 B6 B6 B6 B6 B6 B6 B6 B6 B6 B6 B6 B6 B6 B6 B6 B6 B6 B6,22.13569s,Vector SLP3,76 AC,,,
22.16218s,Vector SLP3,36 AD B6 B6 B6 B6 B6 B6 B6 B6 B6 B6 B6 B6 B6 B6 B6 B6 B6 B6 B6 B6 B6 B6 B6 B6 B6 B6 B6 B6 B6 B6 B6 B6 B6 B6 B6 B6 B6 B6 B6 B6 B6 B6 B6 B6 B6 B6 B6 B6 B6 B6 B6 B6 B6 B6 B6 B6 B6 B6 B6 B6 B6 B6 B6 B6 B6 B6 B6 B6 B6 B6 B6 B6 B6 B6 B6 B6 B6 B6 B6 B6 B6 B6 B6 B6 B6 B6 B6 B6 B6 B6 B6 B6 B6 B6 B6 B6 B6 B6 B6 B6 B6 B6 B6 B6 B6 B6 B6 B6 B6 B6 B6 B6 B6 B6 B6 B6 B6 B6 B6 B6 B6 B6 B6 B6 B6 B6 B6 B6,22.16655s,Vector SLP3,76 AD,,,
22.19293s,Vector SLP3,36 AE B6 B6 B6 B6 B6 B6 B6 B6 B6 B6 B6 B6 B6 B6 B6 B6 B6 B6 B6 B6 B6 B6 B6 B6 B6 B6 B6 B6 B6 B6 B6 B6 B6 B6 B6 B6 B6 B6 B6 B6 B6 B6 B6 B6 B6 B6 B6 B6 B6 B6 B6 B6 B6 B6 B6 B6 B6 B6 B6 B6 B6 B6 B6 B6 B6 B6 B6 B6 B6 B6 B6 B6 B6 B6 B6 B6 B6 B6 B6 B6 B6 B6 B6 B6 B6 B6 B6 B6 B6 B6 B6 B6 B6 B6 B6 B6 B6 B6 B6 B6 B6 B6 B6 B6 B6 B6 B6 B6 B6 B6 B6 B6 B6 B6 B6 B6 B6 B6 B6 B6 B6 B6 B6 B6 B6 B6 B6 B6,22.19741s,Vector SLP3,76 AE,,,
22.22419s,Vector SLP3,36 AF B6 B6 B6 B6 B6 B6 B6 B6 B6 B6 B6 B6 B6 B6 B6 B6 B6 B6 B6 B6 B6 B6 B6 B6 B6 B6 B6 B6 B6 B6 B6 B6 B6 B6 B6 B6 B6 B6 B6 B6 B6 B6 B6 B6 B6 B6 B6 B6 B6 B6 B6 B6 B6 B6 B6 B6 B6 B6 B6 B6 B6 B6 B6 B6 B6 B6 B6 B6 B6 B6 B6 B6 B6 B6 B6 B6 B6 B6 B6 B6 B6 B6 B6 B6 B6 B6 B6 B6 B6 B6 B6 B6 B6 B6 B6 B6 B6 B6 B6 B6 B6 B6 B6 B6 B6 B6 B6 B6 B6 B6 B6 B6 B6 B6 B6 B6 B6 B6 B6 B6 B6 B6 B6 B6 B6 B6 B6 B6,22.22865s,Vector SLP3,76 AF,,,
22.25471s,Vector SLP3,36 B0 B6 B6 B6 B6 B6 B6 B6 B6 B6 B6 B6 B6 B6 B6 B6 B6 B6 B6 B6 B6 B6 B6 B6 B6 B6 B6 B6 B6 B6 B6 B6 B6 B6 B6 B6 B6 B6 B6 B6 B6 B6 B6 B6 B6 B6 B6 B6 B6 B6 B6 B6 B6 B6 B6 B6 B6 B6 B6 B6 B6 B6 B6 B6 B6 B6 B6 B6 B6 B6 B6 B6 B6 B6 B6 B6 B6 B6 B6 B6 B6 B6 B6 B6 B6 B6 B6 B6 B6 B6 B6 B6 B6 B6 B6 B6 B6 B6 B6 B6 B6 B6 B6 B6 B6 B6 B6 B6 B6 B6 B6 B6 B6 B6 B6 B6 B6 B6 B6 B6 B6 B6 B6 B6 B6 B6 B6 B6 B6,22.25914s,Vector SLP3,76 B0,,,
22.28558s,Vector SLP3,36 B1 B6 B6 B6 B6 B6 B6 B6 B6 B6 B6 B6 B6 B6 B6 B6 B6 B6 B6 B6 B6 B6 B6 B6 B6 B6 B6 B6 B6 B6 B6 B6 B6 B6 B6 B6 B6 B6 B6 B6 B6 B6 B6 B6 B6 B6 B6 B6 B6 B6 B6 B6 B6 B6 B6 B6 B6 B6 B6 B6 B6 B6 B6 B6 B6 B6 B6 B6 B6 B6 B6 B6 B6 B6 B6 B6 B6 B6 B6 B6 B6 B6 B6 B6 B6 B6 B6 B6 B6 B6 B6 B6 B6 B6 B6 B6 B6 B6 B6 B6 B6 B6 B6 B6 B6 B6 B6 B6 B6 B6 B6 B6 B6 B6 B6 B6 B6 B6 B6 B6 B6 B6 B6 B6 B6 B6 B6 B6 B6,22.29000s,Vector SLP3,76 B1,,,
22.31651s,Vector SLP3,36 B2 B6 B6 B6 B6 B6 B6 B6 B6 B6 B6 B6 B6 B6 B6 B6 B6 B6 B6 B6 B6 B6 B6 B6 B6 B6 B6 B6 B6 B6 B6 B6 B6 B6 B6 B6 B6 B6 B6 B6 B6 B6 B6 B6 B6 B6 B6 B6 B6 B6 B6 B6 B6 B6 B6 B6 B6 B6 B6 B6 B6 B6 B6 B6 B6 B6 B6 B6 B6 B6 B6 B6 B6 B6 B6 B6 B6 B6 B6 B6 B6 B6 B6 B6 B6 B6 B6 B6 B6 B6 B6 B6 B6 B6 B6 B6 B6 B6 B6 B6 B6 B6 B6 B6 B6 B6 B6 B6 B6 B6 B6 B6 B6 B6 B6 B6 B6 B6 B6 B6 B6 B6 B6 B6 B6 B6 B6 B6 B6,22.32086s,Vector SLP3,76 B2,,,
22.34737s,Vector SLP3,36 B3 B6 B6 B6 B6 B6 B6 B6 B6 B6 B6 B6 B6 B6 B6 B6 B6 B6 B6 B6 B6 B6 B6 B6 B6 B6 B6 B6 B6 B6 B6 B6 B6 B6 B6 B6 B6 B6 B6 B6 B6 B6 B6 B6 B6 B6 B6 B6 B6 B6 B6 B6 B6 B6 B6 B6 B6 B6 B6 B6 B6 B6 B6 B6 B6 B6 B6 B6 B6 B6 B6 B6 B6 B6 B6 B6 B6 B6 B6 B6 B6 B6 B6 B6 B6 B6 B6 B6 B6 B6 B6 B6 B6 B6 B6 B6 B6 B6 B6 B6 B6 B6 B6 B6 B6 B6 B6 B6 B6 B6 B6 B6 B6 B6 B6 B6 B6 B6 B6 B6 B6 B6 B6 B6 B6 B6 B6 B6 B6,22.35172s,Vector SLP3,76 B3,,,
22.37833s,Vector SLP3,36 B4 B6 B6 B6 B6 B6 B6 B6 B6 B6 B6 B6 B6 B6 B6 B6 B6 B6 B6 B6 B6 B6 B6 B6 B6 B6 B6 B6 B6 B6 B6 B6 B6 B6 B6 B6 B6 B6 B6 B6 B6 B6 B6 B6 B6 B6 B6 B6 B6 B6 B6 B6 B6 B6 B6 B6 B6 B6 B6 B6 B6 B6 B6 B6 B6 B6 B6 B6 B6 B6 B6 B6 B6 B6 B6 B6 B6 B6 B6 B6 B6 B6 B6 B6 B6 B6 B6 B6 B6 B6 B6 B6 B6 B6 B6 B6 B6 B6 B6 B6 B6 B6 B6 B6 B6 B6 B6 B6 B6 B6 B6 B6 B6 B6 B6 B6 B6 B6 B6 B6 B6 B6 B6 B6 B6 B6 B6 B6 B6,22.38296s,Vector SLP3,76 B4,,,
22.40989s,Vector SLP3,36 B5 B6 B6 B6 B6 B6 B6 B6 B6 B6 B6 B6 B6 B6 B6 B6 B6 B6 B6 B6 B6 B6 B6 B6 B6 B6 B6 B6 B6 B6 B6 B6 B6 B6 B6 B6 B6 B6 B6 B6 B6 B6 B6 B6 B6 B6 B6 B6 B6 B6 B6 B6 B6 B6 B6 B6 B6 B6 B6 B6 B6 B6 B6 B6 B6 B6 B6 B6 B6 B6 B6 B6 B6 B6 B6 B6 B6 B6 B6 B6 B6 B6 B6 B6 B6 B6 B6 B6 B6 B6 B6 B6 B6 B6 B6 B6 B6 B6 B6 B6 B6 B6 B6 B6 B6 B6 B6 B6 B6 B6 B6 B6 B6 B6 B6 B6 B6 B6 B6 B6 B6 B6 B6 B6 B6 B6 B6 B6 B6,22.41444s,Vector SLP3,76 B5,,,
22.44086s,Vector SLP3,36 B6 B6 B6 B6 B6 B6 B6 B6 B6 B6 B6 B6 B6 B6 B6 B6 B6 B6 B6 B6 B6 B6 B6 B6 B6 B6 B6 B6 B6 B6 B6 B6 B6 B6 B6 B6 B6 B6 B6 B6 B6 B6 B6 B6 B6 B6 B6 B6 B6 B6 B6 B6 B6 B6 B6 B6 B6 B6 B6 B6 B6 B6 B6 B6 B6 B6 B6 B6 B6 B6 B6 B6 B6 B6 B6 B6 B6 B6 B6 B6 B6 B6 B6 B6 B6 B6 B6 B6 B6 B6 B6 B6 B6 B6 B6 B6 B6 B6 B6 B6 B6 B6 B6 B6 B6 B6 B6 B6 B6 B6 B6 B6 B6 B6 B6 B6 B6 B6 B6 B6 B6 B6 B6 B6 B6 B6 B6 B6 B6,22.44531s,Vector SLP3,76 B6,,,
22.47169s,Vector SLP3,36 B7 B6 B6 B6 B6 B6 B6 B6 B6 B6 B6 B6 B6 B6 B6 B6 B6 B6 B6 B6 B6 B6 B6 B6 B6 B6 B6 B6 B6 B6 B6 B6 B6 B6 B6 B6 B6 B6 B6 B6 B6 B6 B6 B6 B6 B6 B6 B6 B6 B6 B6 B6 B6 B6 B6 B6 B6 B6 B6 B6 B6 B6 B6 B6 B6 B6 B6 B6 B6 B6 B6 B6 B6 B6 B6 B6 B6 B6 B6 B6 B6 B6 B6 B6 B6 B6 B6 B6 B6 B6 B6 B6 B6 B6 B6 B6 B6 B6 B6 B6 B6 B6 B6 B6 B6 B6 B6 B6 B6 B6 B6 B6 B6 B6 B6 B6 B6 B6 B6 B6 B6 B6 B6 B6 B6 B6 B6 B6 B6,22.47618s,Vector SLP3,76 B7,,,
22.50268s,Vector SLP3,36 B8 B6 B6 B6 B6 B6 B6 B6 B6 B6 B6 B6 B6 B6 B6 B6 B6 B6 B6 B6 B6 B6 B6 B6 B6 B6 B6 B6 B6 B6 B6 B6 B6 B6 B6 B6 B6 B6 B6 B6 B6 B6 B6 B6 B6 B6 B6 B6 B6 B6 B6 B6 B6 B6 B6 B6 B6 B6 B6 B6 B6 B6 B6 B6 B6 B6 B6 B6 B6 B6 B6 B6 B6 B6 B6 B6 B6 B6 B6 B6 B6 B6 B6 B6 B6 B6 B6 B6 B6 B6 B6 B6 B6 B6 B6 B6 B6 B6 B6 B6 B6 B6 B6 B6 B6 B6 B6 B6 B6 B6 B6 B6 B6 B6 B6 B6 B6 B6 B6 B6 B6 B6 B6 B6 B6 B6 B6 B6 B6,22.50704s,Vector SLP3,76 B8,,,
22.53348s,Vector SLP3,36 B9 B6 B6 B6 B6 B6 B6 B6 B6 B6 B6 B6 B6 B6 B6 B6 B6 B6 B6 B6 B6 B6 B6 B6 B6 B6 B6 B6 B6 B6 B6 B6 B6 B6 B6 B6 B6 B6 B6 B6 B6 B6 B6 B6 B6 B6 B6 B6 B6 B6 B6 B6 B6 B6 B6 B6 B6 B6 B6 B6 B6 B6 B6 B6 B6 B6 B6 B6 B6 B6 B6 B6 B6 B6 B6 B6 B6 B6 B6 B6 B6 B6 B6 B6 B6 B6 B6 B6 B6 B6 B6 B6 B6 B6 B6 B6 B6 B6 B6 B6 B6 B6 B6 B6 B6 B6 B6 B6 B6 B6 B6 B6 B6 B6 B6 B6 B6 B6 B6 B6 B6 B6 B6 B6 B6 B6 B6 B6 B6,22.53791s,Vector SLP3,76 B9,,,
22.56447s,Vector SLP3,36 BA B6 B6 B6 B6 B6 B6 B6 B6 B6 B6 B6 B6 B6 B6 B6 B6 B6 B6 B6 B6 B6 B6 B6 B6 B6 B6 B6 B6 B6 B6 B6 B6 B6 B6 B6 B6 B6 B6 B6 B6 B6 B6 B6 B6 B6 B6 B6 B6 B6 B6 B6 B6 B6 B6 B6 B6 B6 B6 B6 B6 B6 B6 B6 B6 B6 B6 B6 B6 B6 B6 B6 B6 B6 B6 B6 B6 B6 B6 B6 B6 B6 B6 B6 B6 B6 B6 B6 B6 B6 B6 B6 B6 B6 B6 B6 B6 B6 B6 B6 B6 B6 B6 B6 B6 B6 B6 B6 B6 B6 B6 B6 B6 B6 B6 B6 B6 B6 B6 B6 B6 B6 B6 B6 B6 B6 B6 B6 B6,22.56916s,Vector SLP3,76 BA,,,
22.59524s,Vector SLP3,36 BB B6 B6 B6 B6 B6 B6 B6 B6 B6 B6 B6 B6 B6 B6 B6 B6 B6 B6 B6 B6 B6 B6 B6 B6 B6 B6 B6 B6 B6 B6 B6 B6 B6 B6 B6 B6 B6 B6 B6 B6 B6 B6 B6 B6 B6 B6 B6 B6 B6 B6 B6 B6 B6 B6 B6 B6 B6 B6 B6 B6 B6 B6 B6 B6 B6 B6 B6 B6 B6 B6 B6 B6 B6 B6 B6 B6 B6 B6 B6 B6 B6 B6 B6 B6 B6 B6 B6 B6 B6 B6 B6 B6 B6 B6 B6 B6 B6 B6 B6 B6 B6 B6 B6 B6 B6 B6 B6 B6 B6 B6 B6 B6 B6 B6 B6 B6 B6 B6 B6 B6 B6 B6 B6 B6 B6 B6 B6 B6,22.59964s,Vector SLP3,76 BB,,,
22.62621s,Vector SLP3,36 BC B6 B6 B6 B6 B6 B6 B6 B6 B6 B6 B6 B6 B6 B6 B6 B6 B6 B6 B6 B6 B6 B6 B6 B6 B6 B6 B6 B6 B6 B6 B6 B6 B6 B6 B6 B6 B6 B6 B6 B6 B6 B6 B6 B6 B6 B6 B6 B6 B6 B6 B6 B6 B6 B6 B6 B6 B6 B6 B6 B6 B6 B6 B6 B6 B6 B6 B6 B6 B6 B6 B6 B6 B6 B6 B6 B6 B6 B6 B6 B6 B6 B6 B6 B6 B6 B6 B6 B6 B6 B6 B6 B6 B6 B6 B6 B6 B6 B6 B6 B6 B6 B6 B6 B6 B6 B6 B6 B6 B6 B6 B6 B6 B6 B6 B6 B6 B6 B6 B6 B6 B6 B6 B6 B6 B6 B6 B6 B6,22.63089s,Vector SLP3,76 BC,,,
22.65703s,Vector SLP3,36 BD B6 B6 B6 B6 B6 B6 B6 B6 B6 B6 B6 B6 B6 B6 B6 B6 B6 B6 B6 B6 B6 B6 B6 B6 B6 B6 B6 B6 B6 B6 B6 B6 B6 B6 B6 B6 B6 B6 B6 B6 B6 B6 B6 B6 B6 B6 B6 B6 B6 B6 B6 B6 B6 B6 B6 B6 B6 B6 B6 B6 B6 B6 B6 B6 B6 B6 B6 B6 B6 B6 B6 B6 B6 B6 B6 B6 B6 B6 B6 B6 B6 B6 B6 B6 B6 B6 B6 B6 B6 B6 B6 B6 B6 B6 B6 B6 B6 B6 B6 B6 B6 B6 B6 B6 B6 B6 B6 B6 B6 B6 B6 B6 B6 B6 B6 B6 B6 B6 B6 B6 B6 B6 B6 B6 B6 B6 B6 B6,22.66138s,Vector SLP3,76 BD,,,
22.68778s,Vector SLP3,36 BE B6 B6 B6 B6 B6 B6 B6 B6 B6 B6 B6 B6 B6 B6 B6 B6 B6 B6 B6 B6 B6 B6 B6 B6 B6 B6 B6 B6 B6 B6 B6 B6 B6 B6 B6 B6 B6 B6 B6 B6 B6 B6 B6 B6 B6 B6 B6 B6 B6 B6 B6 B6 B6 B6 B6 B6 B6 B6 B6 B6 B6 B6 B6 B6 B6 B6 B6 B6 B6 B6 B6 B6 B6 B6 B6 B6 B6 B6 B6 B6 B6 B6 B6 B6 B6 B6 B6 B6 B6 B6 B6 B6 B6 B6 B6 B6 B6 B6 B6 B6 B6 B6 B6 B6 B6 B6 B6 B6 B6 B6 B6 B6 B6 B6 B6 B6 B6 B6 B6 B6 B6 B6 B6 B6 B6 B6 B6 B6,22.69224s,Vector SLP3,76 BE,,,
22.71884s,Vector SLP3,36 BF B6 B6 B6 B6 B6 B6 B6 B6 B6 B6 B6 B6 B6 B6 B6 B6 B6 B6 B6 B6 B6 B6 B6 B6 B6 B6 B6 B6 B6 B6 B6 B6 B6 B6 B6 B6 B6 B6 B6 B6 B6 B6 B6 B6 B6 B6 B6 B6 B6 B6 B6 B6 B6 B6 B6 B6 B6 B6 B6 B6 B6 B6 B6 B6 B6 B6 B6 B6 B6 B6 B6 B6 B6 B6 B6 B6 B6 B6 B6 B6 B6 B6 B6 B6 B6 B6 B6 B6 B6 B6 B6 B6 B6 B6 B6 B6 B6 B6 B6 B6 B6 B6 B6 B6 B6 B6 B6 B6 B6 B6 B6 B6 B6 B6 B6 B6 B6 B6 B6 B6 B6 B6 B6 B6 B6 B6 B6 B6,22.72349s,Vector SLP3,76 BF,,,
22.74956s,Vector SLP3,36 C0 B6 B6 B6 B6 B6 B6 B6 B6 B6 B6 B6 B6 B6 B6 B6 B6 B6 B6 B6 B6 B6 B6 B6 B6 B6 B6 B6 B6 B6 B6 B6 B6 B6 B6 B6 B6 B6 B6 B6 B6 B6 B6 B6 B6 B6 B6 B6 B6 B6 B6 B6 B6 B6 B6 B6 B6 B6 B6 B6 B6 B6 B6 B6 B6 B6 B6 B6 B6 B6 B6 B6 B6 B6 B6 B6 B6 B6 B6 B6 B6 B6 B6 B6 B6 B6 B6 B6 B6 B6 B6 B6 B6 B6 B6 B6 B6 B6 B6 B6 B6 B6 B6 B6 B6 B6 B6 B6 B6 B6 B6 B6 B6 B6 B6 B6 B6 B6 B6 B6 B6 B6 B6 B6 B6 B6 B6 B6 B6,22.75398s,Vector SLP3,76 C0,,,
22.78061s,Vector SLP3,36 C1 B6 B6 B6 B6 B6 B6 B6 B6 B6 B6 B6 B6 B6 B6 B6 B6 B6 B6 B6 B6 B6 B6 B6 B6 B6 B6 B6 B6 B6 B6 B6 B6 B6 B6 B6 B6 B6 B6 B6 B6 B6 B6 B6 B6 B6 B6 B6 B6 B6 B6 B6 B6 B6 B6 B6 B6 B6 B6 B6 B6 B6 B6 B6 B6 B6 B6 B6 B6 B6 B6 B6 B6 B6 B6 B6 B6 B6 B6 B6 B6 B6 B6 B6 B6 B6 B6 B6 B6 B6 B6 B6 B6 B6 B6 B6 B6 B6 B6 B6 B6 B6 B6 B6 B6 B6 B6 B6 B6 B6 B6 B6 B6 B6 B6 B6 B6 B6 B6 B6 B6 B6 B6 B6 B6 B6 B6 B6 B6,22.78522s,Vector SLP3,76 C1,,,
22.81217s,Vector SLP3,36 C2 B6 B6 B6 B6 B6 B6 B6 B6 B6 B6 B6 B6 B6 B6 B6 B6 B6 B6 B6 B6 B6 B6 B6 B6 B6 B6 B6 B6 B6 B6 B6 B6 B6 B6 B6 B6 B6 B6 B6 B6 B6 B6 B6 B6 B6 B6 B6 B6 B6 B6 B6 B6 B6 B6 B6 B6 B6 B6 B6 B6 B6 B6 B6 B6 B6 B6 B6 B6 B6 B6 B6 B6 B6 B6 B6 B6 B6 B6 B6 B6 B6 B6 B6 B6 B6 B6 B6 B6 B6 B6 B6 B6 B6 B6 B6 B6 B6 B6 B6 B6 B6 B6 B6 B6 B6 B6 B6 B6 B6 B6 B6 B6 B6 B6 B6 B6 B6 B6 B6 B6 B6 B6 B6 B6 B6 B6 B6 B6,22.81670s,Vector SLP3,76 C2,,,
22.84344s,Vector SLP3,36 C3 B6 B6 B6 B6 B6 B6 B6 B6 B6 B6 B6 B6 B6 B6 B6 B6 B6 B6 B6 B6 B6 B6 B6 B6 B6 B6 B6 B6 B6 B6 B6 B6 B6 B6 B6 B6 B6 B6 B6 B6 B6 B6 B6 B6 B6 B6 B6 B6 B6 B6 B6 B6 B6 B6 B6 B6 B6 B6 B6 B6 B6 B6 B6 B6 B6 B6 B6 B6 B6 B6 B6 B6 B6 B6 B6 B6 B6 B6 B6 B6 B6 B6 B6 B6 B6 B6 B6 B6 B6 B6 B6 B6 B6 B6 B6 B6 B6 B6 B6 B6 B6 B6 B6 B6 B6 B6 B6 B6 B6 B6 B6 B6 B6 B6 B6 B6 B6 B6 B6 B6 B6 B6 B6 B6 B6 B6 B6 B6,22.84795s,Vector SLP3,76 C3,,,
22.87488s,Vector SLP3,36 C4 B6 B6 B6 B6 B6 B6 B6 B6 B6 B6 B6 B6 B6 B6 B6 B6 B6 B6 B6 B6 B6 B6 B6 B6 B6 B6 B6 B6 B6 B6 B6 B6 B6 B6 B6 B6 B6 B6 B6 B6 B6 B6 B6 B6 B6 B6 B6 B6 B6 B6 B6 B6 B6 B6 B6 B6 B6 B6 B6 B6 B6 B6 B6 B6 B6 B6 B6 B6 B6 B6 B6 B6 B6 B6 B6 B6 B6 B6 B6 B6 B6 B6 B6 B6 B6 B6 B6 B6 B6 B6 B6 B6 B6 B6 B6 B6 B6 B6 B6 B6 B6 B6 B6 B6 B6 B6 B6 B6 B6 B6 B6 B6 B6 B6 B6 B6 B6 B6 B6 B6 B6 B6 B6 B6 B6 B6 B6 B6,22.87943s,Vector SLP3,76 C4,,,
22.90689s,Vector SLP3,36 C5 B6 B6 B6 B6 B6 B6 B6 B6 B6 B6 B6 B6 B6 B6 B6 B6 B6 B6 B6 B6 B6 B6 B6 B6 B6 B6 B6 B6 B6 B6 B6 B6 B6 B6 B6 B6 B6 B6 B6 B6 B6 B6 B6 B6 B6 B6 B6 B6 B6 B6 B6 B6 B6 B6 B6 B6 B6 B6 B6 B6 B6 B6 B6 B6 B6 B6 B6 B6 B6 B6 B6 B6 B6 B6 B6 B6 B6 B6 B6 B6 B6 B6 B6 B6 B6 B6 B6 B6 B6 B6 B6 B6 B6 B6 B6 B6 B6 B6 B6 B6 B6 B6 B6 B6 B6 B6 B6 B6 B6 B6 B6 B6 B6 B6 B6 B6 B6 B6 B6 B6 B6 B6 B6 B6 B6 B6 B6 B6,22.91129s,Vector SLP3,76 C5,,,
22.93772s,Vector SLP3,36 C6 B6 B6 B6 B6 B6 B6 B6 B6 B6 B6 B6 B6 B6 B6 B6 B6 B6 B6 B6 B6 B6 B6 B6 B6 B6 B6 B6 B6 B6 B6 B6 B6 B6 B6 B6 B6 B6 B6 B6 B6 B6 B6 B6 B6 B6 B6 B6 B6 B6 B6 B6 B6 B6 B6 B6 B6 B6 B6 B6 B6 B6 B6 B6 B6 B6 B6 B6 B6 B6 B6 B6 B6 B6 B6 B6 B6 B6 B6 B6 B6 B6 B6 B6 B6 B6 B6 B6 B6 B6 B6 B6 B6 B6 B6 B6 B6 B6 B6 B6 B6 B6 B6 B6 B6 B6 B6 B6 B6 B6 B6 B6 B6 B6 B6 B6 B6 B6 B6 B6 B6 B6 B6 B6 B6 B6 B6 B6 B6,22.94216s,Vector SLP3,76 C6,,,
22.96870s,Vector SLP3,36 C7 B6 B6 B6 B6 B6 B6 B6 B6 B6 B6 B6 B6 B6 B6 B6 B6 B6 B6 B6 B6 B6 B6 B6 B6 B6 B6 B6 B6 B6 B6 B6 B6 B6 B6 B6 B6 B6 B6 B6 B6 B6 B6 B6 B6 B6 B6 B6 B6 B6 B6 B6 B6 B6 B6 B6 B6 B6 B6 B6 B6 B6 B6 B6 B6 B6 B6 B6 B6 B6 B6 B6 B6 B6 B6 B6 B6 B6 B6 B6 B6 B6 B6 B6 B6 B6 B6 B6 B6 B6 B6 B6 B6 B6 B6 B6 B6 B6 B6 B6 B6 B6 B6 B6 B6 B6 B6 B6 B6 B6 B6 B6 B6 B6 B6 B6 B6 B6 B6 B6 B6 B6 B6 B6 B6 B6 B6 B6 B6,22.97340s,Vector SLP3,76 C7,,,
22.99945s,Vector SLP3,36 C8 B6 B6 B6 B6 B6 B6 B6 B6 B6 B6 B6 B6 B6 B6 B6 B6 B6 B6 B6 B6 B6 B6 B6 B6 B6 B6 B6 B6 B6 B6 B6 B6 B6 B6 B6 B6 B6 B6 B6 B6 B6 B6 B6 B6 B6 B6 B6 B6 B6 B6 B6 B6 B6 B6 B6 B6 B6 B6 B6 B6 B6 B6 B6 B6 B6 B6 B6 B6 B6 B6 B6 B6 B6 B6 B6 B6 B6 B6 B6 B6 B6 B6 B6 B6 B6 B6 B6 B6 B6 B6 B6 B6 B6 B6 B6 B6 B6 B6 B6 B6 B6 B6 B6 B6 B6 B6 B6 B6 B6 B6 B6 B6 B6 B6 B6 B6 B6 B6 B6 B6 B6 B6 B6 B6 B6 B6 B6 B6,23.00388s,Vector SLP3,76 C8,,,
23.03028s,Vector SLP3,36 C9 B6 B6 B6 B6 B6 B6 B6 B6 B6 B6 B6 B6 B6 B6 B6 B6 B6 B6 B6 B6 B6 B6 B6 B6 B6 B6 B6 B6 B6 B6 B6 B6 B6 B6 B6 B6 B6 B6 B6 B6 B6 B6 B6 B6 B6 B6 B6 B6 B6 B6 B6 B6 B6 B6 B6 B6 B6 B6 B6 B6 B6 B6 B6 B6 B6 B6 B6 B6 B6 B6 B6 B6 B6 B6 B6 B6 B6 B6 B6 B6 B6 B6 B6 B6 B6 B6 B6 B6 B6 B6 B6 B6 B6 B6 B6 B6 B6 B6 B6 B6 B6 B6 B6 B6 B6 B6 B6 B6 B6 B6 B6 B6 B6 B6 B6 B6 B6 B6 B6 B6 B6 B6 B6 B6 B6 B6 B6 B6,23.03475s,Vector SLP3,76 C9,,,
23.06124s,Vector SLP3,36 CA B6 B6 B6 B6 B6 B6 B6 B6 B6 B6 B6 B6 B6 B6 B6 B6 B6 B6 B6 B6 B6 B6 B6 B6 B6 B6 B6 B6 B6 B6 B6 B6 B6 B6 B6 B6 B6 B6 B6 B6 B6 B6 B6 B6 B6 B6 B6 B6 B6 B6 B6 B6 B6 B6 B6 B6 B6 B6 B6 B6 B6 B6 B6 B6 B6 B6 B6 B6 B6 B6 B6 B6 B6 B6 B6 B6 B6 B6 B6 B6 B6 B6 B6 B6 B6 B6 B6 B6 B6 B6 B6 B6 B6 B6 B6 B6 B6 B6 B6 B6 B6 B6 B6 B6 B6 B6 B6 B6 B6 B6 B6 B6 B6 B6 B6 B6 B6 B6 B6 B6 B6 B6 B6 B6 B6 B6 B6 B6,23.06561s,Vector SLP3,76 CA,,,
23.09201s,Vector SLP3,36 CB B6 B6 B6 B6 B6 B6 B6 B6 B6 B6 B6 B6 B6 B6 B6 B6 B6 B6 B6 B6 B6 B6 B6 B6 B6 B6 B6 B6 B6 B6 B6 B6 B6 B6 B6 B6 B6 B6 B6 B6 B6 B6 B6 B6 B6 B6 B6 B6 B6 B6 B6 B6 B6 B6 B6 B6 B6 B6 B6 B6 B6 B6 B6 B6 B6 B6 B6 B6 B6 B6 B6 B6 B6 B6 B6 B6 B6 B6 B6 B6 B6 B6 B6 B6 B6 B6 B6 B6 B6 B6 B6 B6 B6 B6 B6 B6 B6 B6 B6 B6 B6 B6 B6 B6 B6 B6 B6 B6 B6 B6 B6 B6 B6 B6 B6 B6 B6 B6 B6 B6 B6 B6 B6 B6 B6 B6 B6 B6,23.09647s,Vector SLP3,76 CB,,,
23.12309s,Vector SLP3,36 CC B6 B6 B6 B6 B6 B6 B6 B6 B6 B6 B6 B6 B6 B6 B6 B6 B6 B6 B6 B6 B6 B6 B6 B6 B6 B6 B6 B6 B6 B6 B6 B6 B6 B6 B6 B6 B6 B6 B6 B6 B6 B6 B6 B6 B6 B6 B6 B6 B6 B6 B6 B6 B6 B6 B6 B6 B6 B6 B6 B6 B6 B6 B6 B6 B6 B6 B6 B6 B6 B6 B6 B6 B6 B6 B6 B6 B6 B6 B6 B6 B6 B6 B6 B6 B6 B6 B6 B6 B6 B6 B6 B6 B6 B6 B6 B6 B6 B6 B6 B6 B6 B6 B6 B6 B6 B6 B6 B6 B6 B6 B6 B6 B6 B6 B6 B6 B6 B6 B6 B6 B6 B6 B6 B6 B6 B6 B6 B6,23.12770s,Vector SLP3,76 CC,,,
23.15472s,Vector SLP3,36 CD B6 B6 B6 B6 B6 B6 B6 B6 B6 B6 B6 B6 B6 B6 B6 B6 B6 B6 B6 B6 B6 B6 B6 B6 B6 B6 B6 B6 B6 B6 B6 B6 B6 B6 B6 B6 B6 B6 B6 B6 B6 B6 B6 B6 B6 B6 B6 B6 B6 B6 B6 B6 B6 B6 B6 B6 B6 B6 B6 B6 B6 B6 B6 B6 B6 B6 B6 B6 B6 B6 B6 B6 B6 B6 B6 B6 B6 B6 B6 B6 B6 B6 B6 B6 B6 B6 B6 B6 B6 B6 B6 B6 B6 B6 B6 B6 B6 B6 B6 B6 B6 B6 B6 B6 B6 B6 B6 B6 B6 B6 B6 B6 B6 B6 B6 B6 B6 B6 B6 B6 B6 B6 B6 B6 B6 B6 B6 B6,23.15918s,Vector SLP3,76 CD,,,
23.18573s,Vector SLP3,36 CE B6 B6 B6 B6 B6 B6 B6 B6 B6 B6 B6 B6 B6 B6 B6 B6 B6 B6 B6 B6 B6 B6 B6 B6 B6 B6 B6 B6 B6 B6 B6 B6 B6 B6 B6 B6 B6 B6 B6 B6 B6 B6 B6 B6 B6 B6 B6 B6 B6 B6 B6 B6 B6 B6 B6 B6 B6 B6 B6 B6 B6 B6 B6 B6 B6 B6 B6 B6 B6 B6 B6 B6 B6 B6 B6 B6 B6 B6 B6 B6 B6 B6 B6 B6 B6 B6 B6 B6 B6 B6 B6 B6 B6 B6 B6 B6 B6 B6 B6 B6 B6 B6 B6 B6 B6 B6 B6 B6 B6 B6 B6 B6 B6 B6 B6 B6 B6 B6 B6 B6 B6 B6 B6 B6 B6 B6 B6 B6,23.19042s,Vector SLP3,76 CE,,,
23.21661s,Vector SLP3,36 CF B6 B6 B6 B6 B6 B6 B6 B6 B6 B6 B6 B6 B6 B6 B6 B6 B6 B6 B6 B6 B6 B6 B6 B6 B6 B6 B6 B6 B6 B6 B6 B6 B6 B6 B6 B6 B6 B6 B6 B6 B6 B6 B6 B6 B6 B6 B6 B6 B6 B6 B6 B6 B6 B6 B6 B6 B6 B6 B6 B6 B6 B6 B6 B6 B6 B6 B6 B6 B6 B6 B6 B6 B6 B6 B6 B6 B6 B6 B6 B6 B6 B6 B6 B6 B6 B6 B6 B6 B6 B6 B6 B6 B6 B6 B6 B6 B6 B6 B6 B6 B6 B6 B6 B6 B6 B6 B6 B6 B6 B6 B6 B6 B6 B6 B6 B6 B6 B6 B6 B6 B6 B6 B6 B6 B6 B6 B6 B6,23.22128s,Vector SLP3,76 CF,,,
23.24858s,Vector SLP3,36 D0 B6 B6 B6 B6 B6 B6 B6 B6 B6 B6 B6 B6 B6 B6 B6 B6 B6 B6 B6 B6 B6 B6 B6 B6 B6 B6 B6 B6 B6 B6 B6 B6 B6 B6 B6 B6 B6 B6 B6 B6 B6 B6 B6 B6 B6 B6 B6 B6 B6 B6 B6 B6 B6 B6 B6 B6 B6 B6 B6 B6 B6 B6 B6 B6 B6 B6 B6 B6 B6 B6 B6 B6 B6 B6 B6 B6 B6 B6 B6 B6 B6 B6 B6 B6 B6 B6 B6 B6 B6 B6 B6 B6 B6 B6 B6 B6 B6 B6 B6 B6 B6 B6 B6 B6 B6 B6 B6 B6 B6 B6 B6 B6 B6 B6 B6 B6 B6 B6 B6 B6 B6 B6 B6 B6 B6 B6 B6 B6,23.25313s,Vector SLP3,76 D0,,,
23.28009s,Vector SLP3,36 D1 B6 B6 B6 B6 B6 B6 B6 B6 B6 B6 B6 B6 B6 B6 B6 B6 B6 B6 B6 B6 B6 B6 B6 B6 B6 B6 B6 B6 B6 B6 B6 B6 B6 B6 B6 B6 B6 B6 B6 B6 B6 B6 B6 B6 B6 B6 B6 B6 B6 B6 B6 B6 B6 B6 B6 B6 B6 B6 B6 B6 B6 B6 B6 B6 B6 B6 B6 B6 B6 B6 B6 B6 B6 B6 B6 B6 B6 B6 B6 B6 B6 B6 B6 B6 B6 B6 B6 B6 B6 B6 B6 B6 B6 B6 B6 B6 B6 B6 B6 B6 B6 B6 B6 B6 B6 B6 B6 B6 B6 B6 B6 B6 B6 B6 B6 B6 B6 B6 B6 B6 B6 B6 B6 B6 B6 B6 B6 B6,23.28461s,Vector SLP3,76 D1,,,
23.31090s,Vector SLP3,36 D2 B6 B6 B6 B6 B6 B6 B6 B6 B6 B6 B6 B6 B6 B6 B6 B6 B6 B6 B6 B6 B6 B6 B6 B6 B6 B6 B6 B6 B6 B6 B6 B6 B6 B6 B6 B6 B6 B6 B6 B6 B6 B6 B6 B6 B6 B6 B6 B6 B6 B6 B6 B6 B6 B6 B6 B6 B6 B6 B6 B6 B6 B6 B6 B6 B6 B6 B6 B6 B6 B6 B6 B6 B6 B6 B6 B6 B6 B6 B6 B6 B6 B6 B6 B6 B6 B6 B6 B6 B6 B6 B6 B6 B6 B6 B6 B6 B6 B6 B6 B6 B6 B6 B6 B6 B6 B6 B6 B6 B6 B6 B6 B6 B6 B6 B6 B6 B6 B6 B6 B6 B6 B6 B6 B6 B6 B6 B6 B6,23.31548s,Vector SLP3,76 D2,,,
23.41781s,Vector SLP3,36 D3 B6 B6 B6 B6 B6 B6 B6 B6 B6 B6 B6 B6 B6 B6 B6 B6 B6 B6 B6 B6 B6 B6 B6 B6 B6 B6 B6 B6 B6 B6 B6 B6 B6 B6 B6 B6 B6 B6 B6 B6 B6 B6 B6 B6 B6 B6 B6 B6 B6 B6 B6 B6 B6 B6 B6 B6 B6 B6 B6 B6 B6 B6 B6 B6 B6 B6 B6 B6 B6 B6 B6 B6 B6 B6 B6 B6 B6 B6 B6 B6 B6 B6 B6 B6 B6 B6 B6 B6 B6 B6 B6 B6 B6 B6 B6 B6 B6 B6 B6 B6 B6 B6 B6 B6 B6 B6 B6 B6 B6 B6 B6 B6 B6 B6 B6 B6 B6 B6 B6 B6 B6 B6 B6 B6 B6 B6 B6 B6,23.42239s,Vector SLP3,76 D3,,,
23.44843s,Vector SLP3,36 D4 B6 B6 B6 B6 B6 B6 B6 B6 B6 B6 B6 B6 B6 B6 B6 B6 B6 B6 B6 B6 B6 B6 B6 B6 B6 B6 B6 B6 B6 B6 B6 B6 B6 B6 B6 B6 B6 B6 B6 B6 B6 B6 B6 B6 B6 B6 B6 B6 B6 B6 B6 B6 B6 B6 B6 B6 B6 B6 B6 B6 B6 B6 B6 B6 B6 B6 B6 B6 B6 B6 B6 B6 B6 B6 B6 B6 B6 B6 B6 B6 B6 B6 B6 B6 B6 B6 B6 B6 B6 B6 B6 B6 B6 B6 B6 B6 B6 B6 B6 B6 B6 B6 B6 B6 B6 B6 B6 B6 B6 B6 B6 B6 B6 B6 B6 B6 B6 B6 B6 B6 B6 B6 B6 B6 B6 B6 B6 B6,23.45287s,Vector SLP3,76 D4,,,
23.47921s,Vector SLP3,36 D5 B6 B6 B6 B6 B6 B6 B6 B6 B6 B6 B6 B6 B6 B6 B6 B6 B6 B6 B6 B6 B6 B6 B6 B6 B6 B6 B6 B6 B6 B6 B6 B6 B6 B6 B6 B6 B6 B6 B6 B6 B6 B6 B6 B6 B6 B6 B6 B6 B6 B6 B6 B6 B6 B6 B6 B6 B6 B6 B6 B6 B6 B6 B6 B6 B6 B6 B6 B6 B6 B6 B6 B6 B6 B6 B6 B6 B6 B6 B6 B6 B6 B6 B6 B6 B6 B6 B6 B6 B6 B6 B6 B6 B6 B6 B6 B6 B6 B6 B6 B6 B6 B6 B6 B6 B6 B6 B6 B6 B6 B6 B6 B6 B6 B6 B6 B6 B6 B6 B6 B6 B6 B6 B6 B6 B6 B6 B6 B6,23.48374s,Vector SLP3,76 D5,,,
23.51020s,Vector SLP3,36 D6 B6 B6 B6 B6 B6 B6 B6 B6 B6 B6 B6 B6 B6 B6 B6 B6 B6 B6 B6 B6 B6 B6 B6 B6 B6 B6 B6 B6 B6 B6 B6 B6 B6 B6 B6 B6 B6 B6 B6 B6 B6 B6 B6 B6 B6 B6 B6 B6 B6 B6 B6 B6 B6 B6 B6 B6 B6 B6 B6 B6 B6 B6 B6 B6 B6 B6 B6 B6 B6 B6 B6 B6 B6 B6 B6 B6 B6 B6 B6 B6 B6 B6 B6 B6 B6 B6 B6 B6 B6 B6 B6 B6 B6 B6 B6 B6 B6 B6 B6 B6 B6 B6 B6 B6 B6 B6 B6 B6 B6 B6 B6 B6 B6 B6 B6 B6 B6 B6 B6 B6 B6 B6 B6 B6 B6 B6 B6 B6,23.51460s,Vector SLP3,76 D6,,,
23.54004s,Vector SLP3,36 D7 B6 B6 B6 B6 B6 B6 B6 B6 B6 B6 B6 B6 B6 B6 B6 B6 B6 B6 B6 B6 B6 B6 B6 B6 B6 B6 B6 B6 B6 B6 B6 B6 B6 B6 B6 B6 B6 B6 B6 B6 B6 B6 B6 B6 B6 B6 B6 B6 B6 B6 B6 B6 B6 B6 B6 B6 B6 B6 B6 B6 B6 B6 B6 B6 B6 B6 B6 B6 B6 B6 B6 B6 B6 B6 B6 B6 B6 B6 B6 B6 B6 B6 B6 B6 B6 B6 B6 B6 B6 B6 B6 B6 B6 B6 B6 B6 B6 B6 B6 B6 B6 B6 B6 B6 B6 B6 B6 B6 B6 B6 B6 B6 B6 B6 B6 B6 B6 B6 B6 B6 B6 B6 B6 B6 B6 B6 B6 B6,23.54447s,Vector SLP3,76 D7,,,
23.57103s,Vector SLP3,36 D8 B6 B6 B6 B6 B6 B6 B6 B6 B6 B6 B6 B6 B6 B6 B6 B6 B6 B6 B6 B6 B6 B6 B6 B6 B6 B6 B6 B6 B6 B6 B6 B6 B6 B6 B6 B6 B6 B6 B6 B6 B6 B6 B6 B6 B6 B6 B6 B6 B6 B6 B6 B6 B6 B6 B6 B6 B6 B6 B6 B6 B6 B6 B6 B6 B6 B6 B6 B6 B6 B6 B6 B6 B6 B6 B6 B6 B6 B6 B6 B6 B6 B6 B6 B6 B6 B6 B6 B6 B6 B6 B6 B6 B6 B6 B6 B6 B6 B6 B6 B6 B6 B6 B6 B6 B6 B6 B6 B6 B6 B6 B6 B6 B6 B6 B6 B6 B6 B6 B6 B6 B6 B6 B6 B6 B6 B6 B6 B6,23.57571s,Vector SLP3,76 D8,,,
23.60199s,Vector SLP3,36 D9 B6 B6 B6 B6 B6 B6 B6 B6 B6 B6 B6 B6 B6 B6 B6 B6 B6 B6 B6 B6 B6 B6 B6 B6 B6 B6 B6 B6 B6 B6 B6 B6 B6 B6 B6 B6 B6 B6 B6 B6 B6 B6 B6 B6 B6 B6 B6 B6 B6 B6 B6 B6 B6 B6 B6 B6 B6 B6 B6 B6 B6 B6 B6 B6 B6 B6 B6 B6 B6 B6 B6 B6 B6 B6 B6 B6 B6 B6 B6 B6 B6 B6 B6 B6 B6 B6 B6 B6 B6 B6 B6 B6 B6 B6 B6 B6 B6 B6 B6 B6 B6 B6 B6 B6 B6 B6 B6 B6 B6 B6 B6 B6 B6 B6 B6 B6 B6 B6 B6 B6 B6 B6 B6 B6 B6 B6 B6 B6,23.60657s,Vector SLP3,76 D9,,,
23.63387s,Vector SLP3,36 DA B6 B6 B6 B6 B6 B6 B6 B6 B6 B6 B6 B6 B6 B6 B6 B6 B6 B6 B6 B6 B6 B6 B6 B6 B6 B6 B6 B6 B6 B6 B6 B6 B6 B6 B6 B6 B6 B6 B6 B6 B6 B6 B6 B6 B6 B6 B6 B6 B6 B6 B6 B6 B6 B6 B6 B6 B6 B6 B6 B6 B6 B6 B6 B6 B6 B6 B6 B6 B6 B6 B6 B6 B6 B6 B6 B6 B6 B6 B6 B6 B6 B6 B6 B6 B6 B6 B6 B6 B6 B6 B6 B6 B6 B6 B6 B6 B6 B6 B6 B6 B6 B6 B6 B6 B6 B6 B6 B6 B6 B6 B6 B6 B6 B6 B6 B6 B6 B6 B6 B6 B6 B6 B6 B6 B6 B6 B6 B6,23.63844s,Vector SLP3,76 DA,,,
23.66539s,Vector SLP3,36 DB B6 B6 B6 B6 B6 B6 B6 B6 B6 B6 B6 B6 B6 B6 B6 B6 B6 B6 B6 B6 B6 B6 B6 B6 B6 B6 B6 B6 B6 B6 B6 B6 B6 B6 B6 B6 B6 B6 B6 B6 B6 B6 B6 B6 B6 B6 B6 B6 B6 B6 B6 B6 B6 B6 B6 B6 B6 B6 B6 B6 B6 B6 B6 B6 B6 B6 B6 B6 B6 B6 B6 B6 B6 B6 B6 B6 B6 B6 B6 B6 B6 B6 B6 B6 B6 B6 B6 B6 B6 B6 B6 B6 B6 B6 B6 B6 B6 B6 B6 B6 B6 B6 B6 B6 B6 B6 B6 B6 B6 B6 B6 B6 B6 B6 B6 B6 B6 B6 B6 B6 B6 B6 B6 B6 B6 B6 B6 B6,23.66992s,Vector SLP3,76 DB,,,
23.69640s,Vector SLP3,36 DC B6 B6 B6 B6 B6 B6 B6 B6 B6 B6 B6 B6 B6 B6 B6 B6 B6 B6 B6 B6 B6 B6 B6 B6 B6 B6 B6 B6 B6 B6 B6 B6 B6 B6 B6 B6 B6 B6 B6 B6 B6 B6 B6 B6 B6 B6 B6 B6 B6 B6 B6 B6 B6 B6 B6 B6 B6 B6 B6 B6 B6 B6 B6 B6 B6 B6 B6 B6 B6 B6 B6 B6 B6 B6 B6 B6 B6 B6 B6 B6 B6 B6 B6 B6 B6 B6 B6 B6 B6 B6 B6 B6 B6 B6 B6 B6 B6 B6 B6 B6 B6 B6 B6 B6 B6 B6 B6 B6 B6 B6 B6 B6 B6 B6 B6 B6 B6 B6 B6 B6 B6 B6 B6 B6 B6 B6 B6 B6,23.70078s,Vector SLP3,76 DC,,,
23.72723s,Vector SLP3,36 DD B6 B6 B6 B6 B6 B6 B6 B6 B6 B6 B6 B6 B6 B6 B6 B6 B6 B6 B6 B6 B6 B6 B6 B6 B6 B6 B6 B6 B6 B6 B6 B6 B6 B6 B6 B6 B6 B6 B6 B6 B6 B6 B6 B6 B6 B6 B6 B6 B6 B6 B6 B6 B6 B6 B6 B6 B6 B6 B6 B6 B6 B6 B6 B6 B6 B6 B6 B6 B6 B6 B6 B6 B6 B6 B6 B6 B6 B6 B6 B6 B6 B6 B6 B6 B6 B6 B6 B6 B6 B6 B6 B6 B6 B6 B6 B6 B6 B6 B6 B6 B6 B6 B6 B6 B6 B6 B6 B6 B6 B6 B6 B6 B6 B6 B6 B6 B6 B6 B6 B6 B6 B6 B6 B6 B6 B6 B6 B6,23.73165s,Vector SLP3,76 DD,,,
23.75819s,Vector SLP3,36 DE B6 B6 B6 B6 B6 B6 B6 B6 B6 B6 B6 B6 B6 B6 B6 B6 B6 B6 B6 B6 B6 B6 B6 B6 B6 B6 B6 B6 B6 B6 B6 B6 B6 B6 B6 B6 B6 B6 B6 B6 B6 B6 B6 B6 B6 B6 B6 B6 B6 B6 B6 B6 B6 B6 B6 B6 B6 B6 B6 B6 B6 B6 B6 B6 B6 B6 B6 B6 B6 B6 B6 B6 B6 B6 B6 B6 B6 B6 B6 B6 B6 B6 B6 B6 B6 B6 B6 B6 B6 B6 B6 B6 B6 B6 B6 B6 B6 B6 B6 B6 B6 B6 B6 B6 B6 B6 B6 B6 B6 B6 B6 B6 B6 B6 B6 B6 B6 B6 B6 B6 B6 B6 B6 B6 B6 B6 B6 B6,23.76288s,Vector SLP3,76 DE,,,
23.79003s,Vector SLP3,36 DF B6 B6 B6 B6 B6 B6 B6 B6 B6 B6 B6 B6 B6 B6 B6 B6 B6 B6 B6 B6 B6 B6 B6 B6 B6 B6 B6 B6 B6 B6 B6 B6 B6 B6 B6 B6 B6 B6 B6 B6 B6 B6 B6 B6 B6 B6 B6 B6 B6 B6 B6 B6 B6 B6 B6 B6 B6 B6 B6 B6 B6 B6 B6 B6 B6 B6 B6 B6 B6 B6 B6 B6 B6 B6 B6 B6 B6 B6 B6 B6 B6 B6 B6 B6 B6 B6 B6 B6 B6 B6 B6 B6 B6 B6 B6 B6 B6 B6 B6 B6 B6 B6 B6 B6 B6 B6 B6 B6 B6 B6 B6 B6 B6 B6 B6 B6 B6 B6 B6 B6 B6 B6 B6 B6 B6 B6 B6 B6,23.79475s,Vector SLP3,76 DF,,,
23.82074s,Vector SLP3,36 E0 B6 B6 B6 B6 B6 B6 B6 B6 B6 B6 B6 B6 B6 B6 B6 B6 B6 B6 B6 B6 B6 B6 B6 B6 B6 B6 B6 B6 B6 B6 B6 B6 B6 B6 B6 B6 B6 B6 B6 B6 B6 B6 B6 B6 B6 B6 B6 B6 B6 B6 B6 B6 B6 B6 B6 B6 B6 B6 B6 B6 B6 B6 B6 B6 B6 B6 B6 B6 B6 B6 B6 B6 B6 B6 B6 B6 B6 B6 B6 B6 B6 B6 B6 B6 B6 B6 B6 B6 B6 B6 B6 B6 B6 B6 B6 B6 B6 B6 B6 B6 B6 B6 B6 B6 B6 B6 B6 B6 B6 B6 B6 B6 B6 B6 B6 B6 B6 B6 B6 B6 B6 B6 B6 B6 B6 B6 B6 B6,23.82524s,Vector SLP3,76 E0,,,
23.85174s,Vector SLP3,36 E1 B6 B6 B6 B6 B6 B6 B6 B6 B6 B6 B6 B6 B6 B6 B6 B6 B6 B6 B6 B6 B6 B6 B6 B6 B6 B6 B6 B6 B6 B6 B6 B6 B6 B6 B6 B6 B6 B6 B6 B6 B6 B6 B6 B6 B6 B6 B6 B6 B6 B6 B6 B6 B6 B6 B6 B6 B6 B6 B6 B6 B6 B6 B6 B6 B6 B6 B6 B6 B6 B6 B6 B6 B6 B6 B6 B6 B6 B6 B6 B6 B6 B6 B6 B6 B6 B6 B6 B6 B6 B6 B6 B6 B6 B6 B6 B6 B6 B6 B6 B6 B6 B6 B6 B6 B6 B6 B6 B6 B6 B6 B6 B6 B6 B6 B6 B6 B6 B6 B6 B6 B6 B6 B6 B6 B6 B6 B6 B6,23.85609s,Vector SLP3,76 E1,,,
23.88251s,Vector SLP3,36 E2 B6 B6 B6 B6 B6 B6 B6 B6 B6 B6 B6 B6 B6 B6 B6 B6 B6 B6 B6 B6 B6 B6 B6 B6 B6 B6 B6 B6 B6 B6 B6 B6 B6 B6 B6 B6 B6 B6 B6 B6 B6 B6 B6 B6 B6 B6 B6 B6 B6 B6 B6 B6 B6 B6 B6 B6 B6 B6 B6 B6 B6 B6 B6 B6 B6 B6 B6 B6 B6 B6 B6 B6 B6 B6 B6 B6 B6 B6 B6 B6 B6 B6 B6 B6 B6 B6 B6 B6 B6 B6 B6 B6 B6 B6 B6 B6 B6 B6 B6 B6 B6 B6 B6 B6 B6 B6 B6 B6 B6 B6 B6 B6 B6 B6 B6 B6 B6 B6 B6 B6 B6 B6 B6 B6 B6 B6 B6 B6,23.88696s,Vector SLP3,76 E2,,,
23.91254s,Vector SLP3,36 E3 B6 B6 B6 B6 B6 B6 B6 B6 B6 B6 B6 B6 B6 B6 B6 B6 B6 B6 B6 B6 B6 B6 B6 B6 B6 B6 B6 B6 B6 B6 B6 B6 B6 B6 B6 B6 B6 B6 B6 B6 B6 B6 B6 B6 B6 B6 B6 B6 B6 B6 B6 B6 B6 B6 B6 B6 B6 B6 B6 B6 B6 B6 B6 B6 B6 B6 B6 B6 B6 B6 B6 B6 B6 B6 B6 B6 B6 B6 B6 B6 B6 B6 B6 B6 B6 B6 B6 B6 B6 B6 B6 B6 B6 B6 B6 B6 B6 B6 B6 B6 B6 B6 B6 B6 B6 B6 B6 B6 B6 B6 B6 B6 B6 B6 B6 B6 B6 B6 B6 B6 B6 B6 B6 B6 B6 B6 B6 B6,23.91720s,Vector SLP3,76 E3,,,
23.94329s,Vector SLP3,36 E4 B6 B6 B6 B6 B6 B6 B6 B6 B6 B6 B6 B6 B6 B6 B6 B6 B6 B6 B6 B6 B6 B6 B6 B6 B6 B6 B6 B6 B6 B6 B6 B6 B6 B6 B6 B6 B6 B6 B6 B6 B6 B6 B6 B6 B6 B6 B6 B6 B6 B6 B6 B6 B6 B6 B6 B6 B6 B6 B6 B6 B6 B6 B6 B6 B6 B6 B6 B6 B6 B6 B6 B6 B6 B6 B6 B6 B6 B6 B6 B6 B6 B6 B6 B6 B6 B6 B6 B6 B6 B6 B6 B6 B6 B6 B6 B6 B6 B6 B6 B6 B6 B6 B6 B6 B6 B6 B6 B6 B6 B6 B6 B6 B6 B6 B6 B6 B6 B6 B6 B6 B6 B6 B6 B6 B6 B6 B6 B6,23.94768s,Vector SLP3,76 E4,,,
23.97432s,Vector SLP3,36 E5 B6 B6 B6 B6 B6 B6 B6 B6 B6 B6 B6 B6 B6 B6 B6 B6 B6 B6 B6 B6 B6 B6 B6 B6 B6 B6 B6 B6 B6 B6 B6 B6 B6 B6 B6 B6 B6 B6 B6 B6 B6 B6 B6 B6 B6 B6 B6 B6 B6 B6 B6 B6 B6 B6 B6 B6 B6 B6 B6 B6 B6 B6 B6 B6 B6 B6 B6 B6 B6 B6 B6 B6 B6 B6 B6 B6 B6 B6 B6 B6 B6 B6 B6 B6 B6 B6 B6 B6 B6 B6 B6 B6 B6 B6 B6 B6 B6 B6 B6 B6 B6 B6 B6 B6 B6 B6 B6 B6 B6 B6 B6 B6 B6 B6 B6 B6 B6 B6 B6 B6 B6 B6 B6 B6 B6 B6 B6 B6,23.97891s,Vector SLP3,76 E5,,,
24.00509s,Vector SLP3,36 E6 B6 B6 B6 B6 B6 B6 B6 B6 B6 B6 B6 B6 B6 B6 B6 B6 B6 B6 B6 B6 B6 B6 B6 B6 B6 B6 B6 B6 B6 B6 B6 B6 B6 B6 B6 B6 B6 B6 B6 B6 B6 B6 B6 B6 B6 B6 B6 B6 B6 B6 B6 B6 B6 B6 B6 B6 B6 B6 B6 B6 B6 B6 B6 B6 B6 B6 B6 B6 B6 B6 B6 B6 B6 B6 B6 B6 B6 B6 B6 B6 B6 B6 B6 B6 B6 B6 B6 B6 B6 B6 B6 B6 B6 B6 B6 B6 B6 B6 B6 B6 B6 B6 B6 B6 B6 B6 B6 B6 B6 B6 B6 B6 B6 B6 B6 B6 B6 B6 B6 B6 B6 B6 B6 B6 B6 B6 B6 B6,24.00977s,Vector SLP3,76 E6,,,
24.03708s,Vector SLP3,36 E7 B6 B6 B6 B6 B6 B6 B6 B6 B6 B6 B6 B6 B6 B6 B6 B6 B6 B6 B6 B6 B6 B6 B6 B6 B6 B6 B6 B6 B6 B6 B6 B6 B6 B6 B6 B6 B6 B6 B6 B6 B6 B6 B6 B6 B6 B6 B6 B6 B6 B6 B6 B6 B6 B6 B6 B6 B6 B6 B6 B6 B6 B6 B6 B6 B6 B6 B6 B6 B6 B6 B6 B6 B6 B6 B6 B6 B6 B6 B6 B6 B6 B6 B6 B6 B6 B6 B6 B6 B6 B6 B6 B6 B6 B6 B6 B6 B6 B6 B6 B6 B6 B6 B6 B6 B6 B6 B6 B6 B6 B6 B6 B6 B6 B6 B6 B6 B6 B6 B6 B6 B6 B6 B6 B6 B6 B6 B6 B6,24.04162s,Vector SLP3,76 E7,,,
24.06771s,Vector SLP3,36 E8 B6 B6 B6 B6 B6 B6 B6 B6 B6 B6 B6 B6 B6 B6 B6 B6 B6 B6 B6 B6 B6 B6 B6 B6 B6 B6 B6 B6 B6 B6 B6 B6 B6 B6 B6 B6 B6 B6 B6 B6 B6 B6 B6 B6 B6 B6 B6 B6 B6 B6 B6 B6 B6 B6 B6 B6 B6 B6 B6 B6 B6 B6 B6 B6 B6 B6 B6 B6 B6 B6 B6 B6 B6 B6 B6 B6 B6 B6 B6 B6 B6 B6 B6 B6 B6 B6 B6 B6 B6 B6 B6 B6 B6 B6 B6 B6 B6 B6 B6 B6 B6 B6 B6 B6 B6 B6 B6 B6 B6 B6 B6 B6 B6 B6 B6 B6 B6 B6 B6 B6 B6 B6 B6 B6 B6 B6 B6 B6,24.07211s,Vector SLP3,76 E8,,,
24.09842s,Vector SLP3,36 E9 B6 B6 B6 B6 B6 B6 B6 B6 B6 B6 B6 B6 B6 B6 B6 B6 B6 B6 B6 B6 B6 B6 B6 B6 B6 B6 B6 B6 B6 B6 B6 B6 B6 B6 B6 B6 B6 B6 B6 B6 B6 B6 B6 B6 B6 B6 B6 B6 B6 B6 B6 B6 B6 B6 B6 B6 B6 B6 B6 B6 B6 B6 B6 B6 B6 B6 B6 B6 B6 B6 B6 B6 B6 B6 B6 B6 B6 B6 B6 B6 B6 B6 B6 B6 B6 B6 B6 B6 B6 B6 B6 B6 B6 B6 B6 B6 B6 B6 B6 B6 B6 B6 B6 B6 B6 B6 B6 B6 B6 B6 B6 B6 B6 B6 B6 B6 B6 B6 B6 B6 B6 B6 B6 B6 B6 B6 B6 B6,24.10296s,Vector SLP3,76 E9,,,
24.12944s,Vector SLP3,36 EA B6 B6 B6 B6 B6 B6 B6 B6 B6 B6 B6 B6 B6 B6 B6 B6 B6 B6 B6 B6 B6 B6 B6 B6 B6 B6 B6 B6 B6 B6 B6 B6 B6 B6 B6 B6 B6 B6 B6 B6 B6 B6 B6 B6 B6 B6 B6 B6 B6 B6 B6 B6 B6 B6 B6 B6 B6 B6 B6 B6 B6 B6 B6 B6 B6 B6 B6 B6 B6 B6 B6 B6 B6 B6 B6 B6 B6 B6 B6 B6 B6 B6 B6 B6 B6 B6 B6 B6 B6 B6 B6 B6 B6 B6 B6 B6 B6 B6 B6 B6 B6 B6 B6 B6 B6 B6 B6 B6 B6 B6 B6 B6 B6 B6 B6 B6 B6 B6 B6 B6 B6 B6 B6 B6 B6 B6 B6 B6,24.13382s,Vector SLP3,76 EA,,,
24.16025s,Vector SLP3,36 EB B6 B6 B6 B6 B6 B6 B6 B6 B6 B6 B6 B6 B6 B6 B6 B6 B6 B6 B6 B6 B6 B6 B6 B6 B6 B6 B6 B6 B6 B6 B6 B6 B6 B6 B6 B6 B6 B6 B6 B6 B6 B6 B6 B6 B6 B6 B6 B6 B6 B6 B6 B6 B6 B6 B6 B6 B6 B6 B6 B6 B6 B6 B6 B6 B6 B6 B6 B6 B6 B6 B6 B6 B6 B6 B6 B6 B6 B6 B6 B6 B6 B6 B6 B6 B6 B6 B6 B6 B6 B6 B6 B6 B6 B6 B6 B6 B6 B6 B6 B6 B6 B6 B6 B6 B6 B6 B6 B6 B6 B6 B6 B6 B6 B6 B6 B6 B6 B6 B6 B6 B6 B6 B6 B6 B6 B6 B6 B6,24.16468s,Vector SLP3,76 EB,,,
24.19121s,Vector SLP3,36 EC B6 B6 B6 B6 B6 B6 B6 B6 B6 B6 B6 B6 B6 B6 B6 B6 B6 B6 B6 B6 B6 B6 B6 B6 B6 B6 B6 B6 B6 B6 B6 B6 B6 B6 B6 B6 B6 B6 B6 B6 B6 B6 B6 B6 B6 B6 B6 B6 B6 B6 B6 B6 B6 B6 B6 B6 B6 B6 B6 B6 B6 B6 B6 B6 B6 B6 B6 B6 B6 B6 B6 B6 B6 B6 B6 B6 B6 B6 B6 B6 B6 B6 B6 B6 B6 B6 B6 B6 B6 B6 B6 B6 B6 B6 B6 B6 B6 B6 B6 B6 B6 B6 B6 B6 B6 B6 B6 B6 B6 B6 B6 B6 B6 B6 B6 B6 B6 B6 B6 B6 B6 B6 B6 B6 B6 B6 B6 B6,24.19592s,Vector SLP3,76 EC,,,
24.22200s,Vector SLP3,36 ED B6 B6 B6 B6 B6 B6 B6 B6 B6 B6 B6 B6 B6 B6 B6 B6 B6 B6 B6 B6 B6 B6 B6 B6 B6 B6 B6 B6 B6 B6 B6 B6 B6 B6 B6 B6 B6 B6 B6 B6 B6 B6 B6 B6 B6 B6 B6 B6 B6 B6 B6 B6 B6 B6 B6 B6 B6 B6 B6 B6 B6 B6 B6 B6 B6 B6 B6 B6 B6 B6 B6 B6 B6 B6 B6 B6 B6 B6 B6 B6 B6 B6 B6 B6 B6 B6 B6 B6 B6 B6 B6 B6 B6 B6 B6 B6 B6 B6 B6 B6 B6 B6 B6 B6 B6 B6 B6 B6 B6 B6 B6 B6 B6 B6 B6 B6 B6 B6 B6 B6 B6 B6 B6 B6 B6 B6 B6 B6,24.22640s,Vector SLP3,76 ED,,,
24.25295s,Vector SLP3,36 EE B6 B6 B6 B6 B6 B6 B6 B6 B6 B6 B6 B6 B6 B6 B6 B6 B6 B6 B6 B6 B6 B6 B6 B6 B6 B6 B6 B6 B6 B6 B6 B6 B6 B6 B6 B6 B6 B6 B6 B6 B6 B6 B6 B6 B6 B6 B6 B6 B6 B6 B6 B6 B6 B6 B6 B6 B6 B6 B6 B6 B6 B6 B6 B6 B6 B6 B6 B6 B6 B6 B6 B6 B6 B6 B6 B6 B6 B6 B6 B6 B6 B6 B6 B6 B6 B6 B6 B6 B6 B6 B6 B6 B6 B6 B6 B6 B6 B6 B6 B6 B6 B6 B6 B6 B6 B6 B6 B6 B6 B6 B6 B6 B6 B6 B6 B6 B6 B6 B6 B6 B6 B6 B6 B6 B6 B6 B6 B6,24.25764s,Vector SLP3,76 EE,,,
24.28378s,Vector SLP3,36 EF B6 B6 B6 B6 B6 B6 B6 B6 B6 B6 B6 B6 B6 B6 B6 B6 B6 B6 B6 B6 B6 B6 B6 B6 B6 B6 B6 B6 B6 B6 B6 B6 B6 B6 B6 B6 B6 B6 B6 B6 B6 B6 B6 B6 B6 B6 B6 B6 B6 B6 B6 B6 B6 B6 B6 B6 B6 B6 B6 B6 B6 B6 B6 B6 B6 B6 B6 B6 B6 B6 B6 B6 B6 B6 B6 B6 B6 B6 B6 B6 B6 B6 B6 B6 B6 B6 B6 B6 B6 B6 B6 B6 B6 B6 B6 B6 B6 B6 B6 B6 B6 B6 B6 B6 B6 B6 B6 B6 B6 B6 B6 B6 B6 B6 B6 B6 B6 B6 B6 B6 B6 B6 B6 B6 B6 B6 B6 B6,24.28849s,Vector SLP3,76 EF,,,
24.31459s,Vector SLP3,36 F0 B6 B6 B6 B6 B6 B6 B6 B6 B6 B6 B6 B6 B6 B6 B6 B6 B6 B6 B6 B6 B6 B6 B6 B6 B6 B6 B6 B6 B6 B6 B6 B6 B6 B6 B6 B6 B6 B6 B6 B6 B6 B6 B6 B6 B6 B6 B6 B6 B6 B6 B6 B6 B6 B6 B6 B6 B6 B6 B6 B6 B6 B6 B6 B6 B6 B6 B6 B6 B6 B6 B6 B6 B6 B6 B6 B6 B6 B6 B6 B6 B6 B6 B6 B6 B6 B6 B6 B6 B6 B6 B6 B6 B6 B6 B6 B6 B6 B6 B6 B6 B6 B6 B6 B6 B6 B6 B6 B6 B6 B6 B6 B6 B6 B6 B6 B6 B6 B6 B6 B6 B6 B6 B6 B6 B6 B6 B6 B6,24.31897s,Vector SLP3,76 F0,,,
24.34558s,Vector SLP3,36 F1 B6 B6 B6 B6 B6 B6 B6 B6 B6 B6 B6 B6 B6 B6 B6 B6 B6 B6 B6 B6 B6 B6 B6 B6 B6 B6 B6 B6 B6 B6 B6 B6 B6 B6 B6 B6 B6 B6 B6 B6 B6 B6 B6 B6 B6 B6 B6 B6 B6 B6 B6 B6 B6 B6 B6 B6 B6 B6 B6 B6 B6 B6 B6 B6 B6 B6 B6 B6 B6 B6 B6 B6 B6 B6 B6 B6 B6 B6 B6 B6 B6 B6 B6 B6 B6 B6 B6 B6 B6 B6 B6 B6 B6 B6 B6 B6 B6 B6 B6 B6 B6 B6 B6 B6 B6 B6 B6 B6 B6 B6 B6 B6 B6 B6 B6 B6 B6 B6 B6 B6 B6 B6 B6 B6 B6 B6 B6 B6,24.35021s,Vector SLP3,76 F1,,,
24.37640s,Vector SLP3,36 F2 B6 B6 B6 B6 B6 B6 B6 B6 B6 B6 B6 B6 B6 B6 B6 B6 B6 B6 B6 B6 B6 B6 B6 B6 B6 B6 B6 B6 B6 B6 B6 B6 B6 B6 B6 B6 B6 B6 B6 B6 B6 B6 B6 B6 B6 B6 B6 B6 B6 B6 B6 B6 B6 B6 B6 B6 B6 B6 B6 B6 B6 B6 B6 B6 B6 B6 B6 B6 B6 B6 B6 B6 B6 B6 B6 B6 B6 B6 B6 B6 B6 B6 B6 B6 B6 B6 B6 B6 B6 B6 B6 B6 B6 B6 B6 B6 B6 B6 B6 B6 B6 B6 B6 B6 B6 B6 B6 B6 B6 B6 B6 B6 B6 B6 B6 B6 B6 B6 B6 B6 B6 B6 B6 B6 B6 B6 B6 B6,24.38108s,Vector SLP3,76 F2,,,
24.40733s,Vector SLP3,36 F3 B6 B6 B6 B6 B6 B6 B6 B6 B6 B6 B6 B6 B6 B6 B6 B6 B6 B6 B6 B6 B6 B6 B6 B6 B6 B6 B6 B6 B6 B6 B6 B6 B6 B6 B6 B6 B6 B6 B6 B6 B6 B6 B6 B6 B6 B6 B6 B6 B6 B6 B6 B6 B6 B6 B6 B6 B6 B6 B6 B6 B6 B6 B6 B6 B6 B6 B6 B6 B6 B6 B6 B6 B6 B6 B6 B6 B6 B6 B6 B6 B6 B6 B6 B6 B6 B6 B6 B6 B6 B6 B6 B6 B6 B6 B6 B6 B6 B6 B6 B6 B6 B6 B6 B6 B6 B6 B6 B6 B6 B6 B6 B6 B6 B6 B6 B6 B6 B6 B6 B6 B6 B6 B6 B6 B6 B6 B6 B6,24.41194s,Vector SLP3,76 F3,,,
24.43897s,Vector SLP3,36 F4 B6 B6 B6 B6 B6 B6 B6 B6 B6 B6 B6 B6 B6 B6 B6 B6 B6 B6 B6 B6 B6 B6 B6 B6 B6 B6 B6 B6 B6 B6 B6 B6 B6 B6 B6 B6 B6 B6 B6 B6 B6 B6 B6 B6 B6 B6 B6 B6 B6 B6 B6 B6 B6 B6 B6 B6 B6 B6 B6 B6 B6 B6 B6 B6 B6 B6 B6 B6 B6 B6 B6 B6 B6 B6 B6 B6 B6 B6 B6 B6 B6 B6 B6 B6 B6 B6 B6 B6 B6 B6 B6 B6 B6 B6 B6 B6 B6 B6 B6 B6 B6 B6 B6 B6 B6 B6 B6 B6 B6 B6 B6 B6 B6 B6 B6 B6 B6 B6 B6 B6 B6 B6 B6 B6 B6 B6 B6 B6,24.44342s,Vector SLP3,76 F4,,,
24.47002s,Vector SLP3,36 F5 B6 B6 B6 B6 B6 B6 B6 B6 B6 B6 B6 B6 B6 B6 B6 B6 B6 B6 B6 B6 B6 B6 B6 B6 B6 B6 B6 B6 B6 B6 B6 B6 B6 B6 B6 B6 B6 B6 B6 B6 B6 B6 B6 B6 B6 B6 B6 B6 B6 B6 B6 B6 B6 B6 B6 B6 B6 B6 B6 B6 B6 B6 B6 B6 B6 B6 B6 B6 B6 B6 B6 B6 B6 B6 B6 B6 B6 B6 B6 B6 B6 B6 B6 B6 B6 B6 B6 B6 B6 B6 B6 B6 B6 B6 B6 B6 B6 B6 B6 B6 B6 B6 B6 B6 B6 B6 B6 B6 B6 B6 B6 B6 B6 B6 B6 B6 B6 B6 B6 B6 B6 B6 B6 B6 B6 B6 B6 B6,24.47466s,Vector SLP3,76 F5,,,
24.50163s,Vector SLP3,36 F6 B6 B6 B6 B6 B6 B6 B6 B6 B6 B6 B6 B6 B6 B6 B6 B6 B6 B6 B6 B6 B6 B6 B6 B6 B6 B6 B6 B6 B6 B6 B6 B6 B6 B6 B6 B6 B6 B6 B6 B6 B6 B6 B6 B6 B6 B6 B6 B6 B6 B6 B6 B6 B6 B6 B6 B6 B6 B6 B6 B6 B6 B6 B6 B6 B6 B6 B6 B6 B6 B6 B6 B6 B6 B6 B6 B6 B6 B6 B6 B6 B6 B6 B6 B6 B6 B6 B6 B6 B6 B6 B6 B6 B6 B6 B6 B6 B6 B6 B6 B6 B6 B6 B6 B6 B6 B6 B6 B6 B6 B6 B6 B6 B6 B6 B6 B6 B6 B6 B6 B6 B6 B6 B6 B6 B6 B6 B6 B6,24.50614s,Vector SLP3,76 F6,,,
24.53267s,Vector SLP3,36 F7 B6 B6 B6 B6 B6 B6 B6 B6 B6 B6 B6 B6 B6 B6 B6 B6 B6 B6 B6 B6 B6 B6 B6 B6 B6 B6 B6 B6 B6 B6 B6 B6 B6 B6 B6 B6 B6 B6 B6 B6 B6 B6 B6 B6 B6 B6 B6 B6 B6 B6 B6 B6 B6 B6 B6 B6 B6 B6 B6 B6 B6 B6 B6 B6 B6 B6 B6 B6 B6 B6 B6 B6 B6 B6 B6 B6 B6 B6 B6 B6 B6 B6 B6 B6 B6 B6 B6 B6 B6 B6 B6 B6 B6 B6 B6 B6 B6 B6 B6 B6 B6 B6 B6 B6 B6 B6 B6 B6 B6 B6 B6 B6 B6 B6 B6 B6 B6 B6 B6 B6 B6 B6 B6 B6 B6 B6 B6 B6,24.53738s,Vector SLP3,76 F7,,,
24.56340s,Vector SLP3,36 F8 B6 B6 B6 B6 B6 B6 B6 B6 B6 B6 B6 B6 B6 B6 B6 B6 B6 B6 B6 B6 B6 B6 B6 B6 B6 B6 B6 B6 B6 B6 B6 B6 B6 B6 B6 B6 B6 B6 B6 B6 B6 B6 B6 B6 B6 B6 B6 B6 B6 B6 B6 B6 B6 B6 B6 B6 B6 B6 B6 B6 B6 B6 B6 B6 B6 B6 B6 B6 B6 B6 B6 B6 B6 B6 B6 B6 B6 B6 B6 B6 B6 B6 B6 B6 B6 B6 B6 B6 B6 B6 B6 B6 B6 B6 B6 B6 B6 B6 B6 B6 B6 B6 B6 B6 B6 B6 B6 B6 B6 B6 B6 B6 B6 B6 B6 B6 B6 B6 B6 B6 B6 B6 B6 B6 B6 B6 B6 B6,24.56787s,Vector SLP3,76 F8,,,
24.59417s,Vector SLP3,36 F9 B6 B6 B6 B6 B6 B6 B6 B6 B6 B6 B6 B6 B6 B6 B6 B6 B6 B6 B6 B6 B6 B6 B6 B6 B6 B6 B6 B6 B6 B6 B6 B6 B6 B6 B6 B6 B6 B6 B6 B6 B6 B6 B6 B6 B6 B6 B6 B6 B6 B6 B6 B6 B6 B6 B6 B6 B6 B6 B6 B6 B6 B6 B6 B6 B6 B6 B6 B6 B6 B6 B6 B6 B6 B6 B6 B6 B6 B6 B6 B6 B6 B6 B6 B6 B6 B6 B6 B6 B6 B6 B6 B6 B6 B6 B6 B6 B6 B6 B6 B6 B6 B6 B6 B6 B6 B6 B6 B6 B6 B6 B6 B6 B6 B6 B6 B6 B6 B6 B6 B6 B6 B6 B6 B6 B6 B6 B6 B6,24.59873s,Vector SLP3,76 F9,,,
24.62621s,Vector SLP3,36 FA B6 B6 B6 B6 B6 B6 B6 B6 B6 B6 B6 B6 B6 B6 B6 B6 B6 B6 B6 B6 B6 B6 B6 B6 B6 B6 B6 B6 B6 B6 B6 B6 B6 B6 B6 B6 B6 B6 B6 B6 B6 B6 B6 B6 B6 B6 B6 B6 B6 B6 B6 B6 B6 B6 B6 B6 B6 B6 B6 B6 B6 B6 B6 B6 B6 B6 B6 B6 B6 B6 B6 B6 B6 B6 B6 B6 B6 B6 B6 B6 B6 B6 B6 B6 B6 B6 B6 B6 B6 B6 B6 B6 B6 B6 B6 B6 B6 B6 B6 B6 B6 B6 B6 B6 B6 B6 B6 B6 B6 B6 B6 B6 B6 B6 B6 B6 B6 B6 B6 B6 B6 B6 B6 B6 B6 B6 B6 B6,24.63057s,Vector SLP3,76 FA,,,
24.65696s,Vector SLP3,36 FB B6 B6 B6 B6 B6 B6 B6 B6 B6 B6 B6 B6 B6 B6 B6 B6 B6 B6 B6 B6 B6 B6 B6 B6 B6 B6 B6 B6 B6 B6 B6 B6 B6 B6 B6 B6 B6 B6 B6 B6 B6 B6 B6 B6 B6 B6 B6 B6 B6 B6 B6 B6 B6 B6 B6 B6 B6 B6 B6 B6 B6 B6 B6 B6 B6 B6 B6 B6 B6 B6 B6 B6 B6 B6 B6 B6 B6 B6 B6 B6 B6 B6 B6 B6 B6 B6 B6 B6 B6 B6 B6 B6 B6 B6 B6 B6 B6 B6 B6 B6 B6 B6 B6 B6 B6 B6 B6 B6 B6 B6 B6 B6 B6 B6 B6 B6 B6 B6 B6 B6 B6 B6 B6 B6 B6 B6 B6 B6,24.66143s,Vector SLP3,76 FB,,,
24.68802s,Vector SLP3,36 FC B6 B6 B6 B6 B6 B6 B6 B6 B6 B6 B6 B6 B6 B6 B6 B6 B6 B6 B6 B6 B6 B6 B6 B6 B6 B6 B6 B6 B6 B6 B6 B6 B6 B6 B6 B6 B6 B6 B6 B6 B6 B6 B6 B6 B6 B6 B6 B6 B6 B6 B6 B6 B6 B6 B6 B6 B6 B6 B6 B6 B6 B6 B6 B6 B6 B6 B6 B6 B6 B6 B6 B6 B6 B6 B6 B6 B6 B6 B6 B6 B6 B6 B6 B6 B6 B6 B6 B6 B6 B6 B6 B6 B6 B6 B6 B6 B6 B6 B6 B6 B6 B6 B6 B6 B6 B6 B6 B6 B6 B6 B6 B6 B6 B6 B6 B6 B6 B6 B6 B6 B6 B6 B6 B6 B6 B6 B6 B6,24.69267s,Vector SLP3,76 FC,,,
24.71874s,Vector SLP3,36 FD B6 B6 B6 B6 B6 B6 B6 B6 B6 B6 B6 B6 B6 B6 B6 B6 B6 B6 B6 B6 B6 B6 B6 B6 B6 B6 B6 B6 B6 B6 B6 B6 B6 B6 B6 B6 B6 B6 B6 B6 B6 B6 B6 B6 B6 B6 B6 B6 B6 B6 B6 B6 B6 B6 B6 B6 B6 B6 B6 B6 B6 B6 B6 B6 B6 B6 B6 B6 B6 B6 B6 B6 B6 B6 B6 B6 B6 B6 B6 B6 B6 B6 B6 B6 B6 B6 B6 B6 B6 B6 B6 B6 B6 B6 B6 B6 B6 B6 B6 B6 B6 B6 B6 B6 B6 B6 B6 B6 B6 B6 B6 B6 B6 B6 B6 B6 B6 B6 B6 B6 B6 B6 B6 B6 B6 B6 B6 B6,24.72315s,Vector SLP3,76 FD,,,
24.74879s,Vector SLP3,36 FE B6 B6 B6 B6 B6 B6 B6 B6 B6 B6 B6 B6 B6 B6 B6 B6 B6 B6 B6 B6 B6 B6 B6 B6 B6 B6 B6 B6 B6 B6 B6 B6 B6 B6 B6 B6 B6 B6 B6 B6 B6 B6 B6 B6 B6 B6 B6 B6 B6 B6 B6 B6 B6 B6 B6 B6 B6 B6 B6 B6 B6 B6 B6 B6 B6 B6 B6 B6 B6 B6 B6 B6 B6 B6 B6 B6 B6 B6 B6 B6 B6 B6 B6 B6 B6 B6 B6 B6 B6 B6 B6 B6 B6 B6 B6 B6 B6 B6 B6 B6 B6 B6 B6 B6 B6 B6 B6 B6 B6 B6 B6 B6 B6 B6 B6 B6 B6 B6 B6 B6 B6 B6 B6 B6 B6 B6 B6 B6,24.75339s,Vector SLP3,76 FE,,,
24.77958s,Vector SLP3,36 FF B6 B6 B6 B6 B6 B6 B6 B6 B6 B6 B6 B6 B6 B6 B6 B6 B6 B6 B6 B6 B6 B6 B6 B6 B6 B6 B6 B6 B6 B6 B6 B6 B6 B6 B6 B6 B6 B6 B6 B6 B6 B6 B6 B6 B6 B6 B6 B6 B6 B6 B6 B6 B6 B6 B6 B6 B6 B6 B6 B6 B6 B6 B6 B6 B6 B6 B6 B6 B6 B6 B6 B6 B6 B6 B6 B6 B6 B6 B6 B6 B6 B6 B6 B6 B6 B6 B6 B6 B6 B6 B6 B6 B6 B6 B6 B6 B6 B6 B6 B6 B6 B6 B6 B6 B6 B6 B6 B6 B6 B6 B6 B6 B6 B6 B6 B6 B6 B6 B6 B6 B6 B6 B6 B6 B6 B6 B6 B6,24.78425s,Vector SLP3,76 FF,,,
24.81117s,Vector SLP3,36 00 B6 B6 B6 B6 B6 B6 B6 B6 B6 B6 B6 B6 B6 B6 B6 B6 B6 B6 B6 B6 B6 B6 B6 B6 B6 B6 B6 B6 B6 B6 B6 B6 B6 B6 B6 B6 B6 B6 B6 B6 B6 B6 B6 B6 B6 B6 B6 B6 B6 B6 B6 B6 B6 B6 B6 B6 B6 B6 B6 B6 B6 B6 B6 B6 B6 B6 B6 B6 B6 B6 B6 B6 B6 B6 B6 B6 B6 B6 B6 B6 B6 B6 B6 B6 B6 B6 B6 B6 B6 B6 B6 B6 B6 B6 B6 B6 B6 B6 B6 B6 B6 B6 B6 B6 B6 B6 B6 B6 B6 B6 B6 B6 B6 B6 B6 B6 B6 B6 B6 B6 B6 B6 B6 B6 B6 B6 B6 B6,24.81573s,Vector SLP3,76 00,,,
24.84237s,Vector SLP3,36 01 B6 B6 B6 B6 B6 B6 B6 B6 B6 B6 B6 B6 B6 B6 B6 B6 B6 B6 B6 B6 B6 B6 B6 B6 B6 B6 B6 B6 B6 B6 B6 B6 B6 B6 B6 B6 B6 B6 B6 B6 B6 B6 B6 B6 B6 B6 B6 B6 B6 B6 B6 B6 B6 B6 B6 B6 B6 B6 B6 B6 B6 B6 B6 B6 B6 B6 B6 B6 B6 B6 B6 B6 B6 B6 B6 B6 B6 B6 B6 B6 B6 B6 B6 B6 B6 B6 B6 B6 B6 B6 B6 B6 B6 B6 B6 B6 B6 B6 B6 B6 B6 B6 B6 B6 B6 B6 B6 B6 B6 B6 B6 B6 B6 B6 B6 B6 B6 B6 B6 B6 B6 B6 B6 B6 B6 B6 B6 B6,24.84696s,Vector SLP3,76 01,,,
24.87294s,Vector SLP3,36 02 B6 B6 B6 B6 B6 B6 B6 B6 B6 B6 B6 B6 B6 B6 B6 B6 B6 B6 B6 B6 B6 B6 B6 B6 B6 B6 B6 B6 B6 B6 B6 B6 B6 B6 B6 B6 B6 B6 B6 B6 B6 B6 B6 B6 B6 B6 B6 B6 B6 B6 B6 B6 B6 B6 B6 B6 B6 B6 B6 B6 B6 B6 B6 B6 B6 B6 B6 B6 B6 B6 B6 B6 B6 B6 B6 B6 B6 B6 B6 B6 B6 B6 B6 B6 B6 B6 B6 B6 B6 B6 B6 B6 B6 B6 B6 B6 B6 B6 B6 B6 B6 B6 B6 B6 B6 B6 B6 B6 B6 B6 B6 B6 B6 B6 B6 B6 B6 B6 B6 B6 B6 B6 B6 B6 B6 B6 B6 B6,24.87744s,Vector SLP3,76 02,,,
24.90395s,Vector SLP3,36 03 B6 B6 B6 B6 B6 B6 B6 B6 B6 B6 B6 B6 B6 B6 B6 B6 B6 B6 B6 B6 B6 B6 B6 B6 B6 B6 B6 B6 B6 B6 B6 B6 B6 B6 B6 B6 B6 B6 B6 B6 B6 B6 B6 B6 B6 B6 B6 B6 B6 B6 B6 B6 B6 B6 B6 B6 B6 B6 B6 B6 B6 B6 B6 B6 B6 B6 B6 B6 B6 B6 B6 B6 B6 B6 B6 B6 B6 B6 B6 B6 B6 B6 B6 B6 B6 B6 B6 B6 B6 B6 B6 B6 B6 B6 B6 B6 B6 B6 B6 B6 B6 B6 B6 B6 B6 B6 B6 B6 B6 B6 B6 B6 B6 B6 B6 B6 B6 B6 B6 B6 B6 B6 B6 B6 B6 B6 B6 B6,24.90830s,Vector SLP3,76 03,,,
24.93472s,Vector SLP3,36 04 B6 B6 B6 B6 B6 B6 B6 B6 B6 B6 B6 B6 B6 B6 B6 B6 B6 B6 B6 B6 B6 B6 B6 B6 B6 B6 B6 B6 B6 B6 B6 B6 B6 B6 B6 B6 B6 B6 B6 B6 B6 B6 B6 B6 B6 B6 B6 B6 B6 B6 B6 B6 B6 B6 B6 B6 B6 B6 B6 B6 B6 B6 B6 B6 B6 B6 B6 B6 B6 B6 B6 B6 B6 B6 B6 B6 B6 B6 B6 B6 B6 B6 B6 B6 B6 B6 B6 B6 B6 B6 B6 B6 B6 B6 B6 B6 B6 B6 B6 B6 B6 B6 B6 B6 B6 B6 B6 B6 B6 B6 B6 B6 B6 B6 B6 B6 B6 B6 B6 B6 B6 B6 B6 B6 B6 B6 B6 B6,24.93916s,Vector SLP3,76 04,,,
25.05024s,Vector SLP3,36 05 B6 B6 B6 B6 B6 B6 B6 B6 B6 B6 B6 B6 B6 B6 B6 B6 B6 B6 B6 B6 B6 B6 B6 B6 B6 B6 B6 B6 B6 B6 B6 B6 B6 B6 B6 B6 B6 B6 B6 B6 B6 B6 B6 B6 B6 B6 B6 B6 B6 B6 B6 B6 B6 B6 B6 B6 B6 B6 B6 B6 B6 B6 B6 B6 B6 B6 B6 B6 B6 B6 B6 B6 B6 B6 B6 B6 B6 B6 B6 B6 B6 B6 B6 B6 B6 B6 B6 B6 B6 B6 B6 B6 B6 B6 B6 B6 B6 B6 B6 B6 B6 B6 B6 B6 B6 B6 B6 B6 B6 B6 B6 B6 B6 B6 B6 B6 B6 B6 B6 B6 B6 B6 B6 B6 B6 B6 B6 B6,25.05464s,Vector SLP3,76 05,,,
25.08097s,Vector SLP3,36 06 B6 B6 B6 B6 B6 B6 B6 B6 B6 B6 B6 B6 B6 B6 B6 B6 B6 B6 B6 B6 B6 B6 B6 B6 B6 B6 B6 B6 B6 B6 B6 B6 B6 B6 B6 B6 B6 B6 B6 B6 B6 B6 B6 B6 B6 B6 B6 B6 B6 B6 B6 B6 B6 B6 B6 B6 B6 B6 B6 B6 B6 B6 B6 B6 B6 B6 B6 B6 B6 B6 B6 B6 B6 B6 B6 B6 B6 B6 B6 B6 B6 B6 B6 B6 B6 B6 B6 B6 B6 B6 B6 B6 B6 B6 B6 B6 B6 B6 B6 B6 B6 B6 B6 B6 B6 B6 B6 B6 B6 B6 B6 B6 B6 B6 B6 B6 B6 B6 B6 B6 B6 B6 B6 B6 B6 B6 B6 B6,25.08549s,Vector SLP3,76 06,,,
25.11196s,Vector SLP3,36 07 B6 B6 B6 B6 B6 B6 B6 B6 B6 B6 B6 B6 B6 B6 B6 B6 B6 B6 B6 B6 B6 B6 B6 B6 B6 B6 B6 B6 B6 B6 B6 B6 B6 B6 B6 B6 B6 B6 B6 B6 B6 B6 B6 B6 B6 B6 B6 B6 B6 B6 B6 B6 B6 B6 B6 B6 B6 B6 B6 B6 B6 B6 B6 B6 B6 B6 B6 B6 B6 B6 B6 B6 B6 B6 B6 B6 B6 B6 B6 B6 B6 B6 B6 B6 B6 B6 B6 B6 B6 B6 B6 B6 B6 B6 B6 B6 B6 B6 B6 B6 B6 B6 B6 B6 B6 B6 B6 B6 B6 B6 B6 B6 B6 B6 B6 B6 B6 B6 B6 B6 B6 B6 B6 B6 B6 B6 B6 B6,25.11636s,Vector SLP3,76 07,,,
25.14383s,Vector SLP3,36 08 B6 B6 B6 B6 B6 B6 B6 B6 B6 B6 B6 B6 B6 B6 B6 B6 B6 B6 B6 B6 B6 B6 B6 B6 B6 B6 B6 B6 B6 B6 B6 B6 B6 B6 B6 B6 B6 B6 B6 B6 B6 B6 B6 B6 B6 B6 B6 B6 B6 B6 B6 B6 B6 B6 B6 B6 B6 B6 B6 B6 B6 B6 B6 B6 B6 B6 B6 B6 B6 B6 B6 B6 B6 B6 B6 B6 B6 B6 B6 B6 B6 B6 B6 B6 B6 B6 B6 B6 B6 B6 B6 B6 B6 B6 B6 B6 B6 B6 B6 B6 B6 B6 B6 B6 B6 B6 B6 B6 B6 B6 B6 B6 B6 B6 B6 B6 B6 B6 B6 B6 B6 B6 B6 B6 B6 B6 B6 B6,25.14820s,Vector SLP3,76 08,,,
25.17476s,Vector SLP3,36 09 B6 B6 B6 B6 B6 B6 B6 B6 B6 B6 B6 B6 B6 B6 B6 B6 B6 B6 B6 B6 B6 B6 B6 B6 B6 B6 B6 B6 B6 B6 B6 B6 B6 B6 B6 B6 B6 B6 B6 B6 B6 B6 B6 B6 B6 B6 B6 B6 B6 B6 B6 B6 B6 B6 B6 B6 B6 B6 B6 B6 B6 B6 B6 B6 B6 B6 B6 B6 B6 B6 B6 B6 B6 B6 B6 B6 B6 B6 B6 B6 B6 B6 B6 B6 B6 B6 B6 B6 B6 B6 B6 B6 B6 B6 B6 B6 B6 B6 B6 B6 B6 B6 B6 B6 B6 B6 B6 B6 B6 B6 B6 B6 B6 B6 B6 B6 B6 B6 B6 B6 B6 B6 B6 B6 B6 B6 B6 B6,25.17944s,Vector SLP3,76 09,,,
25.20653s,Vector SLP3,36 0A B6 B6 B6 B6 B6 B6 B6 B6 B6 B6 B6 B6 B6 B6 B6 B6 B6 B6 B6 B6 B6 B6 B6 B6 B6 B6 B6 B6 B6 B6 B6 B6 B6 B6 B6 B6 B6 B6 B6 B6 B6 B6 B6 B6 B6 B6 B6 B6 B6 B6 B6 B6 B6 B6 B6 B6 B6 B6 B6 B6 B6 B6 B6 B6 B6 B6 B6 B6 B6 B6 B6 B6 B6 B6 B6 B6 B6 B6 B6 B6 B6 B6 B6 B6 B6 B6 B6 B6 B6 B6 B6 B6 B6 B6 B6 B6 B6 B6 B6 B6 B6 B6 B6 B6 B6 B6 B6 B6 B6 B6 B6 B6 B6 B6 B6 B6 B6 B6 B6 B6 B6 B6 B6 B6 B6 B6 B6 B6,25.21092s,Vector SLP3,76 0A,,,
25.23757s,Vector SLP3,36 0B B6 B6 B6 B6 B6 B6 B6 B6 B6 B6 B6 B6 B6 B6 B6 B6 B6 B6 B6 B6 B6 B6 B6 B6 B6 B6 B6 B6 B6 B6 B6 B6 B6 B6 B6 B6 B6 B6 B6 B6 B6 B6 B6 B6 B6 B6 B6 B6 B6 B6 B6 B6 B6 B6 B6 B6 B6 B6 B6 B6 B6 B6 B6 B6 B6 B6 B6 B6 B6 B6 B6 B6 B6 B6 B6 B6 B6 B6 B6 B6 B6 B6 B6 B6 B6 B6 B6 B6 B6 B6 B6 B6 B6 B6 B6 B6 B6 B6 B6 B6 B6 B6 B6 B6 B6 B6 B6 B6 B6 B6 B6 B6 B6 B6 B6 B6 B6 B6 B6 B6 B6 B6 B6 B6 B6 B6 B6 B6,25.24216s,Vector SLP3,76 0B,,,
25.26915s,Vector SLP3,36 0C B6 B6 B6 B6 B6 B6 B6 B6 B6 B6 B6 B6 B6 B6 B6 B6 B6 B6 B6 B6 B6 B6 B6 B6 B6 B6 B6 B6 B6 B6 B6 B6 B6 B6 B6 B6 B6 B6 B6 B6 B6 B6 B6 B6 B6 B6 B6 B6 B6 B6 B6 B6 B6 B6 B6 B6 B6 B6 B6 B6 B6 B6 B6 B6 B6 B6 B6 B6 B6 B6 B6 B6 B6 B6 B6 B6 B6 B6 B6 B6 B6 B6 B6 B6 B6 B6 B6 B6 B6 B6 B6 B6 B6 B6 B6 B6 B6 B6 B6 B6 B6 B6 B6 B6 B6 B6 B6 B6 B6 B6 B6 B6 B6 B6 B6 B6 B6 B6 B6 B6 B6 B6 B6 B6 B6 B6 B6 B6,25.27365s,Vector SLP3,76 0C,,,
25.30017s,Vector SLP3,36 0D B6 B6 B6 B6 B6 B6 B6 B6 B6 B6 B6 B6 B6 B6 B6 B6 B6 B6 B6 B6 B6 B6 B6 B6 B6 B6 B6 B6 B6 B6 B6 B6 B6 B6 B6 B6 B6 B6 B6 B6 B6 B6 B6 B6 B6 B6 B6 B6 B6 B6 B6 B6 B6 B6 B6 B6 B6 B6 B6 B6 B6 B6 B6 B6 B6 B6 B6 B6 B6 B6 B6 B6 B6 B6 B6 B6 B6 B6 B6 B6 B6 B6 B6 B6 B6 B6 B6 B6 B6 B6 B6 B6 B6 B6 B6 B6 B6 B6 B6 B6 B6 B6 B6 B6 B6 B6 B6 B6 B6 B6 B6 B6 B6 B6 B6 B6 B6 B6 B6 B6 B6 B6 B6 B6 B6 B6 B6 B6,25.30489s,Vector SLP3,76 0D,,,
25.33188s,Vector SLP3,36 0E B6 B6 B6 B6 B6 B6 B6 B6 B6 B6 B6 B6 B6 B6 B6 B6 B6 B6 B6 B6 B6 B6 B6 B6 B6 B6 B6 B6 B6 B6 B6 B6 B6 B6 B6 B6 B6 B6 B6 B6 B6 B6 B6 B6 B6 B6 B6 B6 B6 B6 B6 B6 B6 B6 B6 B6 B6 B6 B6 B6 B6 B6 B6 B6 B6 B6 B6 B6 B6 B6 B6 B6 B6 B6 B6 B6 B6 B6 B6 B6 B6 B6 B6 B6 B6 B6 B6 B6 B6 B6 B6 B6 B6 B6 B6 B6 B6 B6 B6 B6 B6 B6 B6 B6 B6 B6 B6 B6 B6 B6 B6 B6 B6 B6 B6 B6 B6 B6 B6 B6 B6 B6 B6 B6 B6 B6 B6 B6,25.33637s,Vector SLP3,76 0E,,,
25.36266s,Vector SLP3,36 0F B6 B6 B6 B6 B6 B6 B6 B6 B6 B6 B6 B6 B6 B6 B6 B6 B6 B6 B6 B6 B6 B6 B6 B6 B6 B6 B6 B6 B6 B6 B6 B6 B6 B6 B6 B6 B6 B6 B6 B6 B6 B6 B6 B6 B6 B6 B6 B6 B6 B6 B6 B6 B6 B6 B6 B6 B6 B6 B6 B6 B6 B6 B6 B6 B6 B6 B6 B6 B6 B6 B6 B6 B6 B6 B6 B6 B6 B6 B6 B6 B6 B6 B6 B6 B6 B6 B6 B6 B6 B6 B6 B6 B6 B6 B6 B6 B6 B6 B6 B6 B6 B6 B6 B6 B6 B6 B6 B6 B6 B6 B6 B6 B6 B6 B6 B6 B6 B6 B6 B6 B6 B6 B6 B6 B6 B6 B6 B6,25.36724s,Vector SLP3,76 0F,,,
25.39367s,Vector SLP3,36 10 B6 B6 B6 B6 B6 B6 B6 B6 B6 B6 B6 B6 B6 B6 B6 B6 B6 B6 B6 B6 B6 B6 B6 B6 B6 B6 B6 B6 B6 B6 B6 B6 B6 B6 B6 B6 B6 B6 B6 B6 B6 B6 B6 B6 B6 B6 B6 B6 B6 B6 B6 B6 B6 B6 B6 B6 B6 B6 B6 B6 B6 B6 B6 B6 B6 B6 B6 B6 B6 B6 B6 B6 B6 B6 B6 B6 B6 B6 B6 B6 B6 B6 B6 B6 B6 B6 B6 B6 B6 B6 B6 B6 B6 B6 B6 B6 B6 B6 B6 B6 B6 B6 B6 B6 B6 B6 B6 B6 B6 B6 B6 B6 B6 B6 B6 B6 B6 B6 B6 B6 B6 B6 B6 B6 B6 B6 B6 B6,25.39809s,Vector SLP3,76 10,,,
25.42448s,Vector SLP3,36 11 B6 B6 B6 B6 B6 B6 B6 B6 B6 B6 B6 B6 B6 B6 B6 B6 B6 B6 B6 B6 B6 B6 B6 B6 B6 B6 B6 B6 B6 B6 B6 B6 B6 B6 B6 B6 B6 B6 B6 B6 B6 B6 B6 B6 B6 B6 B6 B6 B6 B6 B6 B6 B6 B6 B6 B6 B6 B6 B6 B6 B6 B6 B6 B6 B6 B6 B6 B6 B6 B6 B6 B6 B6 B6 B6 B6 B6 B6 B6 B6 B6 B6 B6 B6 B6 B6 B6 B6 B6 B6 B6 B6 B6 B6 B6 B6 B6 B6 B6 B6 B6 B6 B6 B6 B6 B6 B6 B6 B6 B6 B6 B6 B6 B6 B6 B6 B6 B6 B6 B6 B6 B6 B6 B6 B6 B6 B6 B6,25.42896s,Vector SLP3,76 11,,,
25.45544s,Vector SLP3,36 12 B6 B6 B6 B6 B6 B6 B6 B6 B6 B6 B6 B6 B6 B6 B6 B6 B6 B6 B6 B6 B6 B6 B6 B6 B6 B6 B6 B6 B6 B6 B6 B6 B6 B6 B6 B6 B6 B6 B6 B6 B6 B6 B6 B6 B6 B6 B6 B6 B6 B6 B6 B6 B6 B6 B6 B6 B6 B6 B6 B6 B6 B6 B6 B6 B6 B6 B6 B6 B6 B6 B6 B6 B6 B6 B6 B6 B6 B6 B6 B6 B6 B6 B6 B6 B6 B6 B6 B6 B6 B6 B6 B6 B6 B6 B6 B6 B6 B6 B6 B6 B6 B6 B6 B6 B6 B6 B6 B6 B6 B6 B6 B6 B6 B6 B6 B6 B6 B6 B6 B6 B6 B6 B6 B6 B6 B6 B6 B6,25.45982s,Vector SLP3,76 12,,,
25.48622s,Vector SLP3,36 13 B6 B6 B6 B6 B6 B6 B6 B6 B6 B6 B6 B6 B6 B6 B6 B6 B6 B6 B6 B6 B6 B6 B6 B6 B6 B6 B6 B6 B6 B6 B6 B6 B6 B6 B6 B6 B6 B6 B6 B6 B6 B6 B6 B6 B6 B6 B6 B6 B6 B6 B6 B6 B6 B6 B6 B6 B6 B6 B6 B6 B6 B6 B6 B6 B6 B6 B6 B6 B6 B6 B6 B6 B6 B6 B6 B6 B6 B6 B6 B6 B6 B6 B6 B6 B6 B6 B6 B6 B6 B6 B6 B6 B6 B6 B6 B6 B6 B6 B6 B6 B6 B6 B6 B6 B6 B6 B6 B6 B6 B6 B6 B6 B6 B6 B6 B6 B6 B6 B6 B6 B6 B6 B6 B6 B6 B6 B6 B6,25.49069s,Vector SLP3,76 13,,,
25.51728s,Vector SLP3,36 14 B6 B6 B6 B6 B6 B6 B6 B6 B6 B6 B6 B6 B6 B6 B6 B6 B6 B6 B6 B6 B6 B6 B6 B6 B6 B6 B6 B6 B6 B6 B6 B6 B6 B6 B6 B6 B6 B6 B6 B6 B6 B6 B6 B6 B6 B6 B6 B6 B6 B6 B6 B6 B6 B6 B6 B6 B6 B6 B6 B6 B6 B6 B6 B6 B6 B6 B6 B6 B6 B6 B6 B6 B6 B6 B6 B6 B6 B6 B6 B6 B6 B6 B6 B6 B6 B6 B6 B6 B6 B6 B6 B6 B6 B6 B6 B6 B6 B6 B6 B6 B6 B6 B6 B6 B6 B6 B6 B6 B6 B6 B6 B6 B6 B6 B6 B6 B6 B6 B6 B6 B6 B6 B6 B6 B6 B6 B6 B6,25.52193s,Vector SLP3,76 14,,,
25.54806s,Vector SLP3,36 15 B6 B6 B6 B6 B6 B6 B6 B6 B6 B6 B6 B6 B6 B6 B6 B6 B6 B6 B6 B6 B6 B6 B6 B6 B6 B6 B6 B6 B6 B6 B6 B6 B6 B6 B6 B6 B6 B6 B6 B6 B6 B6 B6 B6 B6 B6 B6 B6 B6 B6 B6 B6 B6 B6 B6 B6 B6 B6 B6 B6 B6 B6 B6 B6 B6 B6 B6 B6 B6 B6 B6 B6 B6 B6 B6 B6 B6 B6 B6 B6 B6 B6 B6 B6 B6 B6 B6 B6 B6 B6 B6 B6 B6 B6 B6 B6 B6 B6 B6 B6 B6 B6 B6 B6 B6 B6 B6 B6 B6 B6 B6 B6 B6 B6 B6 B6 B6 B6 B6 B6 B6 B6 B6 B6 B6 B6 B6 B6,25.55241s,Vector SLP3,76 15,,,
25.57903s,Vector SLP3,36 16 B6 B6 B6 B6 B6 B6 B6 B6 B6 B6 B6 B6 B6 B6 B6 B6 B6 B6 B6 B6 B6 B6 B6 B6 B6 B6 B6 B6 B6 B6 B6 B6 B6 B6 B6 B6 B6 B6 B6 B6 B6 B6 B6 B6 B6 B6 B6 B6 B6 B6 B6 B6 B6 B6 B6 B6 B6 B6 B6 B6 B6 B6 B6 B6 B6 B6 B6 B6 B6 B6 B6 B6 B6 B6 B6 B6 B6 B6 B6 B6 B6 B6 B6 B6 B6 B6 B6 B6 B6 B6 B6 B6 B6 B6 B6 B6 B6 B6 B6 B6 B6 B6 B6 B6 B6 B6 B6 B6 B6 B6 B6 B6 B6 B6 B6 B6 B6 B6 B6 B6 B6 B6 B6 B6 B6 B6 B6 B6,25.58366s,Vector SLP3,76 16,,,
25.61086s,Vector SLP3,36 17 B6 B6 B6 B6 B6 B6 B6 B6 B6 B6 B6 B6 B6 B6 B6 B6 B6 B6 B6 B6 B6 B6 B6 B6 B6 B6 B6 B6 B6 B6 B6 B6 B6 B6 B6 B6 B6 B6 B6 B6 B6 B6 B6 B6 B6 B6 B6 B6 B6 B6 B6 B6 B6 B6 B6 B6 B6 B6 B6 B6 B6 B6 B6 B6 B6 B6 B6 B6 B6 B6 B6 B6 B6 B6 B6 B6 B6 B6 B6 B6 B6 B6 B6 B6 B6 B6 B6 B6 B6 B6 B6 B6 B6 B6 B6 B6 B6 B6 B6 B6 B6 B6 B6 B6 B6 B6 B6 B6 B6 B6 B6 B6 B6 B6 B6 B6 B6 B6 B6 B6 B6 B6 B6 B6 B6 B6 B6 B6,25.61552s,Vector SLP3,76 17,,,
25.64246s,Vector SLP3,36 18 B6 B6 B6 B6 B6 B6 B6 B6 B6 B6 B6 B6 B6 B6 B6 B6 B6 B6 B6 B6 B6 B6 B6 B6 B6 B6 B6 B6 B6 B6 B6 B6 B6 B6 B6 B6 B6 B6 B6 B6 B6 B6 B6 B6 B6 B6 B6 B6 B6 B6 B6 B6 B6 B6 B6 B6 B6 B6 B6 B6 B6 B6 B6 B6 B6 B6 B6 B6 B6 B6 B6 B6 B6 B6 B6 B6 B6 B6 B6 B6 B6 B6 B6 B6 B6 B6 B6 B6 B6 B6 B6 B6 B6 B6 B6 B6 B6 B6 B6 B6 B6 B6 B6 B6 B6 B6 B6 B6 B6 B6 B6 B6 B6 B6 B6 B6 B6 B6 B6 B6 B6 B6 B6 B6 B6 B6 B6 B6,25.64700s,Vector SLP3,76 18,,,
25.67342s,Vector SLP3,36 19 B6 B6 B6 B6 B6 B6 B6 B6 B6 B6 B6 B6 B6 B6 B6 B6 B6 B6 B6 B6 B6 B6 B6 B6 B6 B6 B6 B6 B6 B6 B6 B6 B6 B6 B6 B6 B6 B6 B6 B6 B6 B6 B6 B6 B6 B6 B6 B6 B6 B6 B6 B6 B6 B6 B6 B6 B6 B6 B6 B6 B6 B6 B6 B6 B6 B6 B6 B6 B6 B6 B6 B6 B6 B6 B6 B6 B6 B6 B6 B6 B6 B6 B6 B6 B6 B6 B6 B6 B6 B6 B6 B6 B6 B6 B6 B6 B6 B6 B6 B6 B6 B6 B6 B6 B6 B6 B6 B6 B6 B6 B6 B6 B6 B6 B6 B6 B6 B6 B6 B6 B6 B6 B6 B6 B6 B6 B6 B6,25.67786s,Vector SLP3,76 19,,,
25.70415s,Vector SLP3,36 1A B6 B6 B6 B6 B6 B6 B6 B6 B6 B6 B6 B6 B6 B6 B6 B6 B6 B6 B6 B6 B6 B6 B6 B6 B6 B6 B6 B6 B6 B6 B6 B6 B6 B6 B6 B6 B6 B6 B6 B6 B6 B6 B6 B6 B6 B6 B6 B6 B6 B6 B6 B6 B6 B6 B6 B6 B6 B6 B6 B6 B6 B6 B6 B6 B6 B6 B6 B6 B6 B6 B6 B6 B6 B6 B6 B6 B6 B6 B6 B6 B6 B6 B6 B6 B6 B6 B6 B6 B6 B6 B6 B6 B6 B6 B6 B6 B6 B6 B6 B6 B6 B6 B6 B6 B6 B6 B6 B6 B6 B6 B6 B6 B6 B6 B6 B6 B6 B6 B6 B6 B6 B6 B6 B6 B6 B6 B6 B6,25.70873s,Vector SLP3,76 1A,,,
25.73622s,Vector SLP3,36 1B B6 B6 B6 B6 B6 B6 B6 B6 B6 B6 B6 B6 B6 B6 B6 B6 B6 B6 B6 B6 B6 B6 B6 B6 B6 B6 B6 B6 B6 B6 B6 B6 B6 B6 B6 B6 B6 B6 B6 B6 B6 B6 B6 B6 B6 B6 B6 B6 B6 B6 B6 B6 B6 B6 B6 B6 B6 B6 B6 B6 B6 B6 B6 B6 B6 B6 B6 B6 B6 B6 B6 B6 B6 B6 B6 B6 B6 B6 B6 B6 B6 B6 B6 B6 B6 B6 B6 B6 B6 B6 B6 B6 B6 B6 B6 B6 B6 B6 B6 B6 B6 B6 B6 B6 B6 B6 B6 B6 B6 B6 B6 B6 B6 B6 B6 B6 B6 B6 B6 B6 B6 B6 B6 B6 B6 B6 B6 B6,25.74058s,Vector SLP3,76 1B,,,
25.76695s,Vector SLP3,36 1C B6 B6 B6 B6 B6 B6 B6 B6 B6 B6 B6 B6 B6 B6 B6 B6 B6 B6 B6 B6 B6 B6 B6 B6 B6 B6 B6 B6 B6 B6 B6 B6 B6 B6 B6 B6 B6 B6 B6 B6 B6 B6 B6 B6 B6 B6 B6 B6 B6 B6 B6 B6 B6 B6 B6 B6 B6 B6 B6 B6 B6 B6 B6 B6 B6 B6 B6 B6 B6 B6 B6 B6 B6 B6 B6 B6 B6 B6 B6 B6 B6 B6 B6 B6 B6 B6 B6 B6 B6 B6 B6 B6 B6 B6 B6 B6 B6 B6 B6 B6 B6 B6 B6 B6 B6 B6 B6 B6 B6 B6 B6 B6 B6 B6 B6 B6 B6 B6 B6 B6 B6 B6 B6 B6 B6 B6 B6 B6,25.77144s,Vector SLP3,76 1C,,,
25.79797s,Vector SLP3,36 1D B6 B6 B6 B6 B6 B6 B6 B6 B6 B6 B6 B6 B6 B6 B6 B6 B6 B6 B6 B6 B6 B6 B6 B6 B6 B6 B6 B6 B6 B6 B6 B6 B6 B6 B6 B6 B6 B6 B6 B6 B6 B6 B6 B6 B6 B6 B6 B6 B6 B6 B6 B6 B6 B6 B6 B6 B6 B6 B6 B6 B6 B6 B6 B6 B6 B6 B6 B6 B6 B6 B6 B6 B6 B6 B6 B6 B6 B6 B6 B6 B6 B6 B6 B6 B6 B6 B6 B6 B6 B6 B6 B6 B6 B6 B6 B6 B6 B6 B6 B6 B6 B6 B6 B6 B6 B6 B6 B6 B6 B6 B6 B6 B6 B6 B6 B6 B6 B6 B6 B6 B6 B6 B6 B6 B6 B6 B6 B6,25.80268s,Vector SLP3,76 1D,,,
25.82969s,Vector SLP3,36 1E B6 B6 B6 B6 B6 B6 B6 B6 B6 B6 B6 B6 B6 B6 B6 B6 B6 B6 B6 B6 B6 B6 B6 B6 B6 B6 B6 B6 B6 B6 B6 B6 B6 B6 B6 B6 B6 B6 B6 B6 B6 B6 B6 B6 B6 B6 B6 B6 B6 B6 B6 B6 B6 B6 B6 B6 B6 B6 B6 B6 B6 B6 B6 B6 B6 B6 B6 B6 B6 B6 B6 B6 B6 B6 B6 B6 B6 B6 B6 B6 B6 B6 B6 B6 B6 B6 B6 B6 B6 B6 B6 B6 B6 B6 B6 B6 B6 B6 B6 B6 B6 B6 B6 B6 B6 B6 B6 B6 B6 B6 B6 B6 B6 B6 B6 B6 B6 B6 B6 B6 B6 B6 B6 B6 B6 B6 B6 B6,25.83416s,Vector SLP3,76 1E,,,
25.86071s,Vector SLP3,36 1F B6 B6 B6 B6 B6 B6 B6 B6 B6 B6 B6 B6 B6 B6 B6 B6 B6 B6 B6 B6 B6 B6 B6 B6 B6 B6 B6 B6 B6 B6 B6 B6 B6 B6 B6 B6 B6 B6 B6 B6 B6 B6 B6 B6 B6 B6 B6 B6 B6 B6 B6 B6 B6 B6 B6 B6 B6 B6 B6 B6 B6 B6 B6 B6 B6 B6 B6 B6 B6 B6 B6 B6 B6 B6 B6 B6 B6 B6 B6 B6 B6 B6 B6 B6 B6 B6 B6 B6 B6 B6 B6 B6 B6 B6 B6 B6 B6 B6 B6 B6 B6 B6 B6 B6 B6 B6 B6 B6 B6 B6 B6 B6 B6 B6 B6 B6 B6 B6 B6 B6 B6 B6 B6 B6 B6 B6 B6 B6,25.86540s,Vector SLP3,76 1F,,,
25.89145s,Vector SLP3,36 20 B6 B6 B6 B6 B6 B6 B6 B6 B6 B6 B6 B6 B6 B6 B6 B6 B6 B6 B6 B6 B6 B6 B6 B6 B6 B6 B6 B6 B6 B6 B6 B6 B6 B6 B6 B6 B6 B6 B6 B6 B6 B6 B6 B6 B6 B6 B6 B6 B6 B6 B6 B6 B6 B6 B6 B6 B6 B6 B6 B6 B6 B6 B6 B6 B6 B6 B6 B6 B6 B6 B6 B6 B6 B6 B6 B6 B6 B6 B6 B6 B6 B6 B6 B6 B6 B6 B6 B6 B6 B6 B6 B6 B6 B6 B6 B6 B6 B6 B6 B6 B6 B6 B6 B6 B6 B6 B6 B6 B6 B6 B6 B6 B6 B6 B6 B6 B6 B6 B6 B6 B6 B6 B6 B6 B6 B6 B6 B6,25.89589s,Vector SLP3,76 20,,,
25.92332s,Vector SLP3,36 21 B6 B6 B6 B6 B6 B6 B6 B6 B6 B6 B6 B6 B6 B6 B6 B6 B6 B6 B6 B6 B6 B6 B6 B6 B6 B6 B6 B6 B6 B6 B6 B6 B6 B6 B6 B6 B6 B6 B6 B6 B6 B6 B6 B6 B6 B6 B6 B6 B6 B6 B6 B6 B6 B6 B6 B6 B6 B6 B6 B6 B6 B6 B6 B6 B6 B6 B6 B6 B6 B6 B6 B6 B6 B6 B6 B6 B6 B6 B6 B6 B6 B6 B6 B6 B6 B6 B6 B6 B6 B6 B6 B6 B6 B6 B6 B6 B6 B6 B6 B6 B6 B6 B6 B6 B6 B6 B6 B6 B6 B6 B6 B6 B6 B6 B6 B6 B6 B6 B6 B6 B6 B6 B6 B6 B6 B6 B6 B6,25.92775s,Vector SLP3,76 21,,,
25.95427s,Vector SLP3,36 22 B6 B6 B6 B6 B6 B6 B6 B6 B6 B6 B6 B6 B6 B6 B6 B6 B6 B6 B6 B6 B6 B6 B6 B6 B6 B6 B6 B6 B6 B6 B6 B6 B6 B6 B6 B6 B6 B6 B6 B6 B6 B6 B6 B6 B6 B6 B6 B6 B6 B6 B6 B6 B6 B6 B6 B6 B6 B6 B6 B6 B6 B6 B6 B6 B6 B6 B6 B6 B6 B6 B6 B6 B6 B6 B6 B6 B6 B6 B6 B6 B6 B6 B6 B6 B6 B6 B6 B6 B6 B6 B6 B6 B6 B6 B6 B6 B6 B6 B6 B6 B6 B6 B6 B6 B6 B6 B6 B6 B6 B6 B6 B6 B6 B6 B6 B6 B6 B6 B6 B6 B6 B6 B6 B6 B6 B6 B6 B6,25.95899s,Vector SLP3,76 22,,,
25.98618s,Vector SLP3,36 23 B6 B6 B6 B6 B6 B6 B6 B6 B6 B6 B6 B6 B6 B6 B6 B6 B6 B6 B6 B6 B6 B6 B6 B6 B6 B6 B6 B6 B6 B6 B6 B6 B6 B6 B6 B6 B6 B6 B6 B6 B6 B6 B6 B6 B6 B6 B6 B6 B6 B6 B6 B6 B6 B6 B6 B6 B6 B6 B6 B6 B6 B6 B6 B6 B6 B6 B6 B6 B6 B6 B6 B6 B6 B6 B6 B6 B6 B6 B6 B6 B6 B6 B6 B6 B6 B6 B6 B6 B6 B6 B6 B6 B6 B6 B6 B6 B6 B6 B6 B6 B6 B6 B6 B6 B6 B6 B6 B6 B6 B6 B6 B6 B6 B6 B6 B6 B6 B6 B6 B6 B6 B6 B6 B6 B6 B6 B6 B6,25.99085s,Vector SLP3,76 23,,,
26.01820s,Vector SLP3,36 24 B6 B6 B6 B6 B6 B6 B6 B6 B6 B6 B6 B6 B6 B6 B6 B6 B6 B6 B6 B6 B6 B6 B6 B6 B6 B6 B6 B6 B6 B6 B6 B6 B6 B6 B6 B6 B6 B6 B6 B6 B6 B6 B6 B6 B6 B6 B6 B6 B6 B6 B6 B6 B6 B6 B6 B6 B6 B6 B6 B6 B6 B6 B6 B6 B6 B6 B6 B6 B6 B6 B6 B6 B6 B6 B6 B6 B6 B6 B6 B6 B6 B6 B6 B6 B6 B6 B6 B6 B6 B6 B6 B6 B6 B6 B6 B6 B6 B6 B6 B6 B6 B6 B6 B6 B6 B6 B6 B6 B6 B6 B6 B6 B6 B6 B6 B6 B6 B6 B6 B6 B6 B6 B6 B6 B6 B6 B6 B6,26.02271s,Vector SLP3,76 24,,,
26.04962s,Vector SLP3,36 25 B6 B6 B6 B6 B6 B6 B6 B6 B6 B6 B6 B6 B6 B6 B6 B6 B6 B6 B6 B6 B6 B6 B6 B6 B6 B6 B6 B6 B6 B6 B6 B6 B6 B6 B6 B6 B6 B6 B6 B6 B6 B6 B6 B6 B6 B6 B6 B6 B6 B6 B6 B6 B6 B6 B6 B6 B6 B6 B6 B6 B6 B6 B6 B6 B6 B6 B6 B6 B6 B6 B6 B6 B6 B6 B6 B6 B6 B6 B6 B6 B6 B6 B6 B6 B6 B6 B6 B6 B6 B6 B6 B6 B6 B6 B6 B6 B6 B6 B6 B6 B6 B6 B6 B6 B6 B6 B6 B6 B6 B6 B6 B6 B6 B6 B6 B6 B6 B6 B6 B6 B6 B6 B6 B6 B6 B6 B6 B6,26.05419s,Vector SLP3,76 25,,,
26.08087s,Vector SLP3,36 26 B6 B6 B6 B6 B6 B6 B6 B6 B6 B6 B6 B6 B6 B6 B6 B6 B6 B6 B6 B6 B6 B6 B6 B6 B6 B6 B6 B6 B6 B6 B6 B6 B6 B6 B6 B6 B6 B6 B6 B6 B6 B6 B6 B6 B6 B6 B6 B6 B6 B6 B6 B6 B6 B6 B6 B6 B6 B6 B6 B6 B6 B6 B6 B6 B6 B6 B6 B6 B6 B6 B6 B6 B6 B6 B6 B6 B6 B6 B6 B6 B6 B6 B6 B6 B6 B6 B6 B6 B6 B6 B6 B6 B6 B6 B6 B6 B6 B6 B6 B6 B6 B6 B6 B6 B6 B6 B6 B6 B6 B6 B6 B6 B6 B6 B6 B6 B6 B6 B6 B6 B6 B6 B6 B6 B6 B6 B6 B6,26.08543s,Vector SLP3,76 26,,,
26.11241s,Vector SLP3,36 27 B6 B6 B6 B6 B6 B6 B6 B6 B6 B6 B6 B6 B6 B6 B6 B6 B6 B6 B6 B6 B6 B6 B6 B6 B6 B6 B6 B6 B6 B6 B6 B6 B6 B6 B6 B6 B6 B6 B6 B6 B6 B6 B6 B6 B6 B6 B6 B6 B6 B6 B6 B6 B6 B6 B6 B6 B6 B6 B6 B6 B6 B6 B6 B6 B6 B6 B6 B6 B6 B6 B6 B6 B6 B6 B6 B6 B6 B6 B6 B6 B6 B6 B6 B6 B6 B6 B6 B6 B6 B6 B6 B6 B6 B6 B6 B6 B6 B6 B6 B6 B6 B6 B6 B6 B6 B6 B6 B6 B6 B6 B6 B6 B6 B6 B6 B6 B6 B6 B6 B6 B6 B6 B6 B6 B6 B6 B6 B6,26.11691s,Vector SLP3,76 27,,,
26.14345s,Vector SLP3,36 28 B6 B6 B6 B6 B6 B6 B6 B6 B6 B6 B6 B6 B6 B6 B6 B6 B6 B6 B6 B6 B6 B6 B6 B6 B6 B6 B6 B6 B6 B6 B6 B6 B6 B6 B6 B6 B6 B6 B6 B6 B6 B6 B6 B6 B6 B6 B6 B6 B6 B6 B6 B6 B6 B6 B6 B6 B6 B6 B6 B6 B6 B6 B6 B6 B6 B6 B6 B6 B6 B6 B6 B6 B6 B6 B6 B6 B6 B6 B6 B6 B6 B6 B6 B6 B6 B6 B6 B6 B6 B6 B6 B6 B6 B6 B6 B6 B6 B6 B6 B6 B6 B6 B6 B6 B6 B6 B6 B6 B6 B6 B6 B6 B6 B6 B6 B6 B6 B6 B6 B6 B6 B6 B6 B6 B6 B6 B6 B6,26.14814s,Vector SLP3,76 28,,,
26.17422s,Vector SLP3,36 29 B6 B6 B6 B6 B6 B6 B6 B6 B6 B6 B6 B6 B6 B6 B6 B6 B6 B6 B6 B6 B6 B6 B6 B6 B6 B6 B6 B6 B6 B6 B6 B6 B6 B6 B6 B6 B6 B6 B6 B6 B6 B6 B6 B6 B6 B6 B6 B6 B6 B6 B6 B6 B6 B6 B6 B6 B6 B6 B6 B6 B6 B6 B6 B6 B6 B6 B6 B6 B6 B6 B6 B6 B6 B6 B6 B6 B6 B6 B6 B6 B6 B6 B6 B6 B6 B6 B6 B6 B6 B6 B6 B6 B6 B6 B6 B6 B6 B6 B6 B6 B6 B6 B6 B6 B6 B6 B6 B6 B6 B6 B6 B6 B6 B6 B6 B6 B6 B6 B6 B6 B6 B6 B6 B6 B6 B6 B6 B6,26.17863s,Vector SLP3,76 29,,,
26.20394s,Vector SLP3,36 2A B6 B6 B6 B6 B6 B6 B6 B6 B6 B6 B6 B6 B6 B6 B6 B6 B6 B6 B6 B6 B6 B6 B6 B6 B6 B6 B6 B6 B6 B6 B6 B6 B6 B6 B6 B6 B6 B6 B6 B6 B6 B6 B6 B6 B6 B6 B6 B6 B6 B6 B6 B6 B6 B6 B6 B6 B6 B6 B6 B6 B6 B6 B6 B6 B6 B6 B6 B6 B6 B6 B6 B6 B6 B6 B6 B6 B6 B6 B6 B6 B6 B6 B6 B6 B6 B6 B6 B6 B6 B6 B6 B6 B6 B6 B6 B6 B6 B6 B6 B6 B6 B6 B6 B6 B6 B6 B6 B6 B6 B6 B6 B6 B6 B6 B6 B6 B6 B6 B6 B6 B6 B6 B6 B6 B6 B6 B6 B6,26.20850s,Vector SLP3,76 2A,,,
26.23494s,Vector SLP3,36 2B B6 B6 B6 B6 B6 B6 B6 B6 B6 B6 B6 B6 B6 B6 B6 B6 B6 B6 B6 B6 B6 B6 B6 B6 B6 B6 B6 B6 B6 B6 B6 B6 B6 B6 B6 B6 B6 B6 B6 B6 B6 B6 B6 B6 B6 B6 B6 B6 B6 B6 B6 B6 B6 B6 B6 B6 B6 B6 B6 B6 B6 B6 B6 B6 B6 B6 B6 B6 B6 B6 B6 B6 B6 B6 B6 B6 B6 B6 B6 B6 B6 B6 B6 B6 B6 B6 B6 B6 B6 B6 B6 B6 B6 B6 B6 B6 B6 B6 B6 B6 B6 B6 B6 B6 B6 B6 B6 B6 B6 B6 B6 B6 B6 B6 B6 B6 B6 B6 B6 B6 B6 B6 B6 B6 B6 B6 B6 B6,26.23936s,Vector SLP3,76 2B,,,
26.26573s,Vector SLP3,36 2C B6 B6 B6 B6 B6 B6 B6 B6 B6 B6 B6 B6 B6 B6 B6 B6 B6 B6 B6 B6 B6 B6 B6 B6 B6 B6 B6 B6 B6 B6 B6 B6 B6 B6 B6 B6 B6 B6 B6 B6 B6 B6 B6 B6 B6 B6 B6 B6 B6 B6 B6 B6 B6 B6 B6 B6 B6 B6 B6 B6 B6 B6 B6 B6 B6 B6 B6 B6 B6 B6 B6 B6 B6 B6 B6 B6 B6 B6 B6 B6 B6 B6 B6 B6 B6 B6 B6 B6 B6 B6 B6 B6 B6 B6 B6 B6 B6 B6 B6 B6 B6 B6 B6 B6 B6 B6 B6 B6 B6 B6 B6 B6 B6 B6 B6 B6 B6 B6 B6 B6 B6 B6 B6 B6 B6 B6 B6 B6,26.27023s,Vector SLP3,76 2C,,,
26.29677s,Vector SLP3,36 2D B6 B6 B6 B6 B6 B6 B6 B6 B6 B6 B6 B6 B6 B6 B6 B6 B6 B6 B6 B6 B6 B6 B6 B6 B6 B6 B6 B6 B6 B6 B6 B6 B6 B6 B6 B6 B6 B6 B6 B6 B6 B6 B6 B6 B6 B6 B6 B6 B6 B6 B6 B6 B6 B6 B6 B6 B6 B6 B6 B6 B6 B6 B6 B6 B6 B6 B6 B6 B6 B6 B6 B6 B6 B6 B6 B6 B6 B6 B6 B6 B6 B6 B6 B6 B6 B6 B6 B6 B6 B6 B6 B6 B6 B6 B6 B6 B6 B6 B6 B6 B6 B6 B6 B6 B6 B6 B6 B6 B6 B6 B6 B6 B6 B6 B6 B6 B6 B6 B6 B6 B6 B6 B6 B6 B6 B6 B6 B6,26.30147s,Vector SLP3,76 2D,,,
26.32856s,Vector SLP3,36 2E B6 B6 B6 B6 B6 B6 B6 B6 B6 B6 B6 B6 B6 B6 B6 B6 B6 B6 B6 B6 B6 B6 B6 B6 B6 B6 B6 B6 B6 B6 B6 B6 B6 B6 B6 B6 B6 B6 B6 B6 B6 B6 B6 B6 B6 B6 B6 B6 B6 B6 B6 B6 B6 B6 B6 B6 B6 B6 B6 B6 B6 B6 B6 B6 B6 B6 B6 B6 B6 B6 B6 B6 B6 B6 B6 B6 B6 B6 B6 B6 B6 B6 B6 B6 B6 B6 B6 B6 B6 B6 B6 B6 B6 B6 B6 B6 B6 B6 B6 B6 B6 B6 B6 B6 B6 B6 B6 B6 B6 B6 B6 B6 B6 B6 B6 B6 B6 B6 B6 B6 B6 B6 B6 B6 B6 B6 B6 B6,26.33295s,Vector SLP3,76 2E,,,
26.35952s,Vector SLP3,36 2F B6 B6 B6 B6 B6 B6 B6 B6 B6 B6 B6 B6 B6 B6 B6 B6 B6 B6 B6 B6 B6 B6 B6 B6 B6 B6 B6 B6 B6 B6 B6 B6 B6 B6 B6 B6 B6 B6 B6 B6 B6 B6 B6 B6 B6 B6 B6 B6 B6 B6 B6 B6 B6 B6 B6 B6 B6 B6 B6 B6 B6 B6 B6 B6 B6 B6 B6 B6 B6 B6 B6 B6 B6 B6 B6 B6 B6 B6 B6 B6 B6 B6 B6 B6 B6 B6 B6 B6 B6 B6 B6 B6 B6 B6 B6 B6 B6 B6 B6 B6 B6 B6 B6 B6 B6 B6 B6 B6 B6 B6 B6 B6 B6 B6 B6 B6 B6 B6 B6 B6 B6 B6 B6 B6 B6 B6 B6 B6,26.36419s,Vector SLP3,76 2F,,,
26.39145s,Vector SLP3,36 30 B6 B6 B6 B6 B6 B6 B6 B6 B6 B6 B6 B6 B6 B6 B6 B6 B6 B6 B6 B6 B6 B6 B6 B6 B6 B6 B6 B6 B6 B6 B6 B6 B6 B6 B6 B6 B6 B6 B6 B6 B6 B6 B6 B6 B6 B6 B6 B6 B6 B6 B6 B6 B6 B6 B6 B6 B6 B6 B6 B6 B6 B6 B6 B6 B6 B6 B6 B6 B6 B6 B6 B6 B6 B6 B6 B6 B6 B6 B6 B6 B6 B6 B6 B6 B6 B6 B6 B6 B6 B6 B6 B6 B6 B6 B6 B6 B6 B6 B6 B6 B6 B6 B6 B6 B6 B6 B6 B6 B6 B6 B6 B6 B6 B6 B6 B6 B6 B6 B6 B6 B6 B6 B6 B6 B6 B6 B6 B6,26.39603s,Vector SLP3,76 30,,,
26.42315s,Vector SLP3,36 31 B6 B6 B6 B6 B6 B6 B6 B6 B6 B6 B6 B6 B6 B6 B6 B6 B6 B6 B6 B6 B6 B6 B6 B6 B6 B6 B6 B6 B6 B6 B6 B6 B6 B6 B6 B6 B6 B6 B6 B6 B6 B6 B6 B6 B6 B6 B6 B6 B6 B6 B6 B6 B6 B6 B6 B6 B6 B6 B6 B6 B6 B6 B6 B6 B6 B6 B6 B6 B6 B6 B6 B6 B6 B6 B6 B6 B6 B6 B6 B6 B6 B6 B6 B6 B6 B6 B6 B6 B6 B6 B6 B6 B6 B6 B6 B6 B6 B6 B6 B6 B6 B6 B6 B6 B6 B6 B6 B6 B6 B6 B6 B6 B6 B6 B6 B6 B6 B6 B6 B6 B6 B6 B6 B6 B6 B6 B6 B6,26.42751s,Vector SLP3,76 31,,,
26.55350s,Vector SLP3,36 32 B6 B6 B6 B6 B6 B6 B6 B6 B6 B6 B6 B6 B6 B6 B6 B6 B6 B6 B6 B6 B6 B6 B6 B6 B6 B6 B6 B6 B6 B6 B6 B6 B6 B6 B6 B6 B6 B6 B6 B6 B6 B6 B6 B6 B6 B6 B6 B6 B6 B6 B6 B6 B6 B6 B6 B6 B6 B6 B6 B6 B6 B6 B6 B6 B6 B6 B6 B6 B6 B6 B6 B6 B6 B6 B6 B6 B6 B6 B6 B6 B6 B6 B6 B6 B6 B6 B6 B6 B6 B6 B6 B6 B6 B6 B6 B6 B6 B6 B6 B6 B6 B6 B6 B6 B6 B6 B6 B6 B6 B6 B6 B6 B6 B6 B6 B6 B6 B6 B6 B6 B6 B6 B6 B6 B6 B6 B6 B6,26.55789s,Vector SLP3,76 32,,,
26.58426s,Vector SLP3,36 33 B6 B6 B6 B6 B6 B6 B6 B6 B6 B6 B6 B6 B6 B6 B6 B6 B6 B6 B6 B6 B6 B6 B6 B6 B6 B6 B6 B6 B6 B6 B6 B6 B6 B6 B6 B6 B6 B6 B6 B6 B6 B6 B6 B6 B6 B6 B6 B6 B6 B6 B6 B6 B6 B6 B6 B6 B6 B6 B6 B6 B6 B6 B6 B6 B6 B6 B6 B6 B6 B6 B6 B6 B6 B6 B6 B6 B6 B6 B6 B6 B6 B6 B6 B6 B6 B6 B6 B6 B6 B6 B6 B6 B6 B6 B6 B6 B6 B6 B6 B6 B6 B6 B6 B6 B6 B6 B6 B6 B6 B6 B6 B6 B6 B6 B6 B6 B6 B6 B6 B6 B6 B6 B6 B6 B6 B6 B6 B6,26.58874s,Vector SLP3,76 33,,,
26.61524s,Vector SLP3,36 34 B6 B6 B6 B6 B6 B6 B6 B6 B6 B6 B6 B6 B6 B6 B6 B6 B6 B6 B6 B6 B6 B6 B6 B6 B6 B6 B6 B6 B6 B6 B6 B6 B6 B6 B6 B6 B6 B6 B6 B6 B6 B6 B6 B6 B6 B6 B6 B6 B6 B6 B6 B6 B6 B6 B6 B6 B6 B6 B6 B6 B6 B6 B6 B6 B6 B6 B6 B6 B6 B6 B6 B6 B6 B6 B6 B6 B6 B6 B6 B6 B6 B6 B6 B6 B6 B6 B6 B6 B6 B6 B6 B6 B6 B6 B6 B6 B6 B6 B6 B6 B6 B6 B6 B6 B6 B6 B6 B6 B6 B6 B6 B6 B6 B6 B6 B6 B6 B6 B6 B6 B6 B6 B6 B6 B6 B6 B6 B6,26.61960s,Vector SLP3,76 34,,,
26.64601s,Vector SLP3,36 35 B6 B6 B6 B6 B6 B6 B6 B6 B6 B6 B6 B6 B6 B6 B6 B6 B6 B6 B6 B6 B6 B6 B6 B6 B6 B6 B6 B6 B6 B6 B6 B6 B6 B6 B6 B6 B6 B6 B6 B6 B6 B6 B6 B6 B6 B6 B6 B6 B6 B6 B6 B6 B6 B6 B6 B6 B6 B6 B6 B6 B6 B6 B6 B6 B6 B6 B6 B6 B6 B6 B6 B6 B6 B6 B6 B6 B6 B6 B6 B6 B6 B6 B6 B6 B6 B6 B6 B6 B6 B6 B6 B6 B6 B6 B6 B6 B6 B6 B6 B6 B6 B6 B6 B6 B6 B6 B6 B6 B6 B6 B6 B6 B6 B6 B6 B6 B6 B6 B6 B6 B6 B6 B6 B6 B6 B6 B6 B6,26.65045s,Vector SLP3,76 35,,,
26.67598s,Vector SLP3,36 36 B6 B6 B6 B6 B6 B6 B6 B6 B6 B6 B6 B6 B6 B6 B6 B6 B6 B6 B6 B6 B6 B6 B6 B6 B6 B6 B6 B6 B6 B6 B6 B6 B6 B6 B6 B6 B6 B6 B6 B6 B6 B6 B6 B6 B6 B6 B6 B6 B6 B6 B6 B6 B6 B6 B6 B6 B6 B6 B6 B6 B6 B6 B6 B6 B6 B6 B6 B6 B6 B6 B6 B6 B6 B6 B6 B6 B6 B6 B6 B6 B6 B6 B6 B6 B6 B6 B6 B6 B6 B6 B6 B6 B6 B6 B6 B6 B6 B6 B6 B6 B6 B6 B6 B6 B6 B6 B6 B6 B6 B6 B6 B6 B6 B6 B6 B6 B6 B6 B6 B6 B6 B6 B6 B6 B6 B6 B6 B6,26.68068s,Vector SLP3,76 36,,,
26.70782s,Vector SLP3,36 37 B6 B6 B6 B6 B6 B6 B6 B6 B6 B6 B6 B6 B6 B6 B6 B6 B6 B6 B6 B6 B6 B6 B6 B6 B6 B6 B6 B6 B6 B6 B6 B6 B6 B6 B6 B6 B6 B6 B6 B6 B6 B6 B6 B6 B6 B6 B6 B6 B6 B6 B6 B6 B6 B6 B6 B6 B6 B6 B6 B6 B6 B6 B6 B6 B6 B6 B6 B6 B6 B6 B6 B6 B6 B6 B6 B6 B6 B6 B6 B6 B6 B6 B6 B6 B6 B6 B6 B6 B6 B6 B6 B6 B6 B6 B6 B6 B6 B6 B6 B6 B6 B6 B6 B6 B6 B6 B6 B6 B6 B6 B6 B6 B6 B6 B6 B6 B6 B6 B6 B6 B6 B6 B6 B6 B6 B6 B6 B6,26.71252s,Vector SLP3,76 37,,,
26.73876s,Vector SLP3,36 38 B6 B6 B6 B6 B6 B6 B6 B6 B6 B6 B6 B6 B6 B6 B6 B6 B6 B6 B6 B6 B6 B6 B6 B6 B6 B6 B6 B6 B6 B6 B6 B6 B6 B6 B6 B6 B6 B6 B6 B6 B6 B6 B6 B6 B6 B6 B6 B6 B6 B6 B6 B6 B6 B6 B6 B6 B6 B6 B6 B6 B6 B6 B6 B6 B6 B6 B6 B6 B6 B6 B6 B6 B6 B6 B6 B6 B6 B6 B6 B6 B6 B6 B6 B6 B6 B6 B6 B6 B6 B6 B6 B6 B6 B6 B6 B6 B6 B6 B6 B6 B6 B6 B6 B6 B6 B6 B6 B6 B6 B6 B6 B6 B6 B6 B6 B6 B6 B6 B6 B6 B6 B6 B6 B6 B6 B6 B6 B6,26.74338s,Vector SLP3,76 38,,,
26.77058s,Vector SLP3,36 39 B6 B6 B6 B6 B6 B6 B6 B6 B6 B6 B6 B6 B6 B6 B6 B6 B6 B6 B6 B6 B6 B6 B6 B6 B6 B6 B6 B6 B6 B6 B6 B6 B6 B6 B6 B6 B6 B6 B6 B6 B6 B6 B6 B6 B6 B6 B6 B6 B6 B6 B6 B6 B6 B6 B6 B6 B6 B6 B6 B6 B6 B6 B6 B6 B6 B6 B6 B6 B6 B6 B6 B6 B6 B6 B6 B6 B6 B6 B6 B6 B6 B6 B6 B6 B6 B6 B6 B6 B6 B6 B6 B6 B6 B6 B6 B6 B6 B6 B6 B6 B6 B6 B6 B6 B6 B6 B6 B6 B6 B6 B6 B6 B6 B6 B6 B6 B6 B6 B6 B6 B6 B6 B6 B6 B6 B6 B6 B6,26.77523s,Vector SLP3,76 39,,,
26.80216s,Vector SLP3,36 3A B6 B6 B6 B6 B6 B6 B6 B6 B6 B6 B6 B6 B6 B6 B6 B6 B6 B6 B6 B6 B6 B6 B6 B6 B6 B6 B6 B6 B6 B6 B6 B6 B6 B6 B6 B6 B6 B6 B6 B6 B6 B6 B6 B6 B6 B6 B6 B6 B6 B6 B6 B6 B6 B6 B6 B6 B6 B6 B6 B6 B6 B6 B6 B6 B6 B6 B6 B6 B6 B6 B6 B6 B6 B6 B6 B6 B6 B6 B6 B6 B6 B6 B6 B6 B6 B6 B6 B6 B6 B6 B6 B6 B6 B6 B6 B6 B6 B6 B6 B6 B6 B6 B6 B6 B6 B6 B6 B6 B6 B6 B6 B6 B6 B6 B6 B6 B6 B6 B6 B6 B6 B6 B6 B6 B6 B6 B6 B6,26.80670s,Vector SLP3,76 3A,,,
26.83337s,Vector SLP3,36 3B B6 B6 B6 B6 B6 B6 B6 B6 B6 B6 B6 B6 B6 B6 B6 B6 B6 B6 B6 B6 B6 B6 B6 B6 B6 B6 B6 B6 B6 B6 B6 B6 B6 B6 B6 B6 B6 B6 B6 B6 B6 B6 B6 B6 B6 B6 B6 B6 B6 B6 B6 B6 B6 B6 B6 B6 B6 B6 B6 B6 B6 B6 B6 B6 B6 B6 B6 B6 B6 B6 B6 B6 B6 B6 B6 B6 B6 B6 B6 B6 B6 B6 B6 B6 B6 B6 B6 B6 B6 B6 B6 B6 B6 B6 B6 B6 B6 B6 B6 B6 B6 B6 B6 B6 B6 B6 B6 B6 B6 B6 B6 B6 B6 B6 B6 B6 B6 B6 B6 B6 B6 B6 B6 B6 B6 B6 B6 B6,26.83794s,Vector SLP3,76 3B,,,
26.86496s,Vector SLP3,36 3C B6 B6 B6 B6 B6 B6 B6 B6 B6 B6 B6 B6 B6 B6 B6 B6 B6 B6 B6 B6 B6 B6 B6 B6 B6 B6 B6 B6 B6 B6 B6 B6 B6 B6 B6 B6 B6 B6 B6 B6 B6 B6 B6 B6 B6 B6 B6 B6 B6 B6 B6 B6 B6 B6 B6 B6 B6 B6 B6 B6 B6 B6 B6 B6 B6 B6 B6 B6 B6 B6 B6 B6 B6 B6 B6 B6 B6 B6 B6 B6 B6 B6 B6 B6 B6 B6 B6 B6 B6 B6 B6 B6 B6 B6 B6 B6 B6 B6 B6 B6 B6 B6 B6 B6 B6 B6 B6 B6 B6 B6 B6 B6 B6 B6 B6 B6 B6 B6 B6 B6 B6 B6 B6 B6 B6 B6 B6 B6,26.86941s,Vector SLP3,76 3C,,,
26.89587s,Vector SLP3,36 3D B6 B6 B6 B6 B6 B6 B6 B6 B6 B6 B6 B6 B6 B6 B6 B6 B6 B6 B6 B6 B6 B6 B6 B6 B6 B6 B6 B6 B6 B6 B6 B6 B6 B6 B6 B6 B6 B6 B6 B6 B6 B6 B6 B6 B6 B6 B6 B6 B6 B6 B6 B6 B6 B6 B6 B6 B6 B6 B6 B6 B6 B6 B6 B6 B6 B6 B6 B6 B6 B6 B6 B6 B6 B6 B6 B6 B6 B6 B6 B6 B6 B6 B6 B6 B6 B6 B6 B6 B6 B6 B6 B6 B6 B6 B6 B6 B6 B6 B6 B6 B6 B6 B6 B6 B6 B6 B6 B6 B6 B6 B6 B6 B6 B6 B6 B6 B6 B6 B6 B6 B6 B6 B6 B6 B6 B6 B6 B6,26.90027s,Vector SLP3,76 3D,,,
26.92663s,Vector SLP3,36 3E B6 B6 B6 B6 B6 B6 B6 B6 B6 B6 B6 B6 B6 B6 B6 B6 B6 B6 B6 B6 B6 B6 B6 B6 B6 B6 B6 B6 B6 B6 B6 B6 B6 B6 B6 B6 B6 B6 B6 B6 B6 B6 B6 B6 B6 B6 B6 B6 B6 B6 B6 B6 B6 B6 B6 B6 B6 B6 B6 B6 B6 B6 B6 B6 B6 B6 B6 B6 B6 B6 B6 B6 B6 B6 B6 B6 B6 B6 B6 B6 B6 B6 B6 B6 B6 B6 B6 B6 B6 B6 B6 B6 B6 B6 B6 B6 B6 B6 B6 B6 B6 B6 B6 B6 B6 B6 B6 B6 B6 B6 B6 B6 B6 B6 B6 B6 B6 B6 B6 B6 B6 B6 B6 B6 B6 B6 B6 B6,26.93112s,Vector SLP3,76 3E,,,
26.95644s,Vector SLP3,36 3F B6 B6 B6 B6 B6 B6 B6 B6 B6 B6 B6 B6 B6 B6 B6 B6 B6 B6 B6 B6 B6 B6 B6 B6 B6 B6 B6 B6 B6 B6 B6 B6 B6 B6 B6 B6 B6 B6 B6 B6 B6 B6 B6 B6 B6 B6 B6 B6 B6 B6 B6 B6 B6 B6 B6 B6 B6 B6 B6 B6 B6 B6 B6 B6 B6 B6 B6 B6 B6 B6 B6 B6 B6 B6 B6 B6 B6 B6 B6 B6 B6 B6 B6 B6 B6 B6 B6 B6 B6 B6 B6 B6 B6 B6 B6 B6 B6 B6 B6 B6 B6 B6 B6 B6 B6 B6 B6 B6 B6 B6 B6 B6 B6 B6 B6 B6 B6 B6 B6 B6 B6 B6 B6 B6 B6 B6 B6 B6,26.96098s,Vector SLP3,76 3F,,,
26.98749s,Vector SLP3,36 40 B6 B6 B6 B6 B6 B6 B6 B6 B6 B6 B6 B6 B6 B6 B6 B6 B6 B6 B6 B6 B6 B6 B6 B6 B6 B6 B6 B6 B6 B6 B6 B6 B6 B6 B6 B6 B6 B6 B6 B6 B6 B6 B6 B6 B6 B6 B6 B6 B6 B6 B6 B6 B6 B6 B6 B6 B6 B6 B6 B6 B6 B6 B6 B6 B6 B6 B6 B6 B6 B6 B6 B6 B6 B6 B6 B6 B6 B6 B6 B6 B6 B6 B6 B6 B6 B6 B6 B6 B6 B6 B6 B6 B6 B6 B6 B6 B6 B6 B6 B6 B6 B6 B6 B6 B6 B6 B6 B6 B6 B6 B6 B6 B6 B6 B6 B6 B6 B6 B6 B6 B6 B6 B6 B6 B6 B6 B6 B6,26.99220s,Vector SLP3,76 40,,,
27.01920s,Vector SLP3,36 41 B6 B6 B6 B6 B6 B6 B6 B6 B6 B6 B6 B6 B6 B6 B6 B6 B6 B6 B6 B6 B6 B6 B6 B6 B6 B6 B6 B6 B6 B6 B6 B6 B6 B6 B6 B6 B6 B6 B6 B6 B6 B6 B6 B6 B6 B6 B6 B6 B6 B6 B6 B6 B6 B6 B6 B6 B6 B6 B6 B6 B6 B6 B6 B6 B6 B6 B6 B6 B6 B6 B6 B6 B6 B6 B6 B6 B6 B6 B6 B6 B6 B6 B6 B6 B6 B6 B6 B6 B6 B6 B6 B6 B6 B6 B6 B6 B6 B6 B6 B6 B6 B6 B6 B6 B6 B6 B6 B6 B6 B6 B6 B6 B6 B6 B6 B6 B6 B6 B6 B6 B6 B6 B6 B6 B6 B6 B6 B6,27.02368s,Vector SLP3,76 41,,,
27.05021s,Vector SLP3,36 42 B6 B6 B6 B6 B6 B6 B6 B6 B6 B6 B6 B6 B6 B6 B6 B6 B6 B6 B6 B6 B6 B6 B6 B6 B6 B6 B6 B6 B6 B6 B6 B6 B6 B6 B6 B6 B6 B6 B6 B6 B6 B6 B6 B6 B6 B6 B6 B6 B6 B6 B6 B6 B6 B6 B6 B6 B6 B6 B6 B6 B6 B6 B6 B6 B6 B6 B6 B6 B6 B6 B6 B6 B6 B6 B6 B6 B6 B6 B6 B6 B6 B6 B6 B6 B6 B6 B6 B6 B6 B6 B6 B6 B6 B6 B6 B6 B6 B6 B6 B6 B6 B6 B6 B6 B6 B6 B6 B6 B6 B6 B6 B6 B6 B6 B6 B6 B6 B6 B6 B6 B6 B6 B6 B6 B6 B6 B6 B6,27.05491s,Vector SLP3,76 42,,,
27.08202s,Vector SLP3,36 43 B6 B6 B6 B6 B6 B6 B6 B6 B6 B6 B6 B6 B6 B6 B6 B6 B6 B6 B6 B6 B6 B6 B6 B6 B6 B6 B6 B6 B6 B6 B6 B6 B6 B6 B6 B6 B6 B6 B6 B6 B6 B6 B6 B6 B6 B6 B6 B6 B6 B6 B6 B6 B6 B6 B6 B6 B6 B6 B6 B6 B6 B6 B6 B6 B6 B6 B6 B6 B6 B6 B6 B6 B6 B6 B6 B6 B6 B6 B6 B6 B6 B6 B6 B6 B6 B6 B6 B6 B6 B6 B6 B6 B6 B6 B6 B6 B6 B6 B6 B6 B6 B6 B6 B6 B6 B6 B6 B6 B6 B6 B6 B6 B6 B6 B6 B6 B6 B6 B6 B6 B6 B6 B6 B6 B6 B6 B6 B6,27.08639s,Vector SLP3,76 43,,,
27.11396s,Vector SLP3,36 44 B6 B6 B6 B6 B6 B6 B6 B6 B6 B6 B6 B6 B6 B6 B6 B6 B6 B6 B6 B6 B6 B6 B6 B6 B6 B6 B6 B6 B6 B6 B6 B6 B6 B6 B6 B6 B6 B6 B6 B6 B6 B6 B6 B6 B6 B6 B6 B6 B6 B6 B6 B6 B6 B6 B6 B6 B6 B6 B6 B6 B6 B6 B6 B6 B6 B6 B6 B6 B6 B6 B6 B6 B6 B6 B6 B6 B6 B6 B6 B6 B6 B6 B6 B6 B6 B6 B6 B6 B6 B6 B6 B6 B6 B6 B6 B6 B6 B6 B6 B6 B6 B6 B6 B6 B6 B6 B6 B6 B6 B6 B6 B6 B6 B6 B6 B6 B6 B6 B6 B6 B6 B6 B6 B6 B6 B6 B6 B6,27.11861s,Vector SLP3,76 44,,,
27.14580s,Vector SLP3,36 45 B6 B6 B6 B6 B6 B6 B6 B6 B6 B6 B6 B6 B6 B6 B6 B6 B6 B6 B6 B6 B6 B6 B6 B6 B6 B6 B6 B6 B6 B6 B6 B6 B6 B6 B6 B6 B6 B6 B6 B6 B6 B6 B6 B6 B6 B6 B6 B6 B6 B6 B6 B6 B6 B6 B6 B6 B6 B6 B6 B6 B6 B6 B6 B6 B6 B6 B6 B6 B6 B6 B6 B6 B6 B6 B6 B6 B6 B6 B6 B6 B6 B6 B6 B6 B6 B6 B6 B6 B6 B6 B6 B6 B6 B6 B6 B6 B6 B6 B6 B6 B6 B6 B6 B6 B6 B6 B6 B6 B6 B6 B6 B6 B6 B6 B6 B6 B6 B6 B6 B6 B6 B6 B6 B6 B6 B6 B6 B6,27.15046s,Vector SLP3,76 45,,,
27.17744s,Vector SLP3,36 46 B6 B6 B6 B6 B6 B6 B6 B6 B6 B6 B6 B6 B6 B6 B6 B6 B6 B6 B6 B6 B6 B6 B6 B6 B6 B6 B6 B6 B6 B6 B6 B6 B6 B6 B6 B6 B6 B6 B6 B6 B6 B6 B6 B6 B6 B6 B6 B6 B6 B6 B6 B6 B6 B6 B6 B6 B6 B6 B6 B6 B6 B6 B6 B6 B6 B6 B6 B6 B6 B6 B6 B6 B6 B6 B6 B6 B6 B6 B6 B6 B6 B6 B6 B6 B6 B6 B6 B6 B6 B6 B6 B6 B6 B6 B6 B6 B6 B6 B6 B6 B6 B6 B6 B6 B6 B6 B6 B6 B6 B6 B6 B6 B6 B6 B6 B6 B6 B6 B6 B6 B6 B6 B6 B6 B6 B6 B6 B6,27.18194s,Vector SLP3,76 46,,,
27.20852s,Vector SLP3,36 47 B6 B6 B6 B6 B6 B6 B6 B6 B6 B6 B6 B6 B6 B6 B6 B6 B6 B6 B6 B6 B6 B6 B6 B6 B6 B6 B6 B6 B6 B6 B6 B6 B6 B6 B6 B6 B6 B6 B6 B6 B6 B6 B6 B6 B6 B6 B6 B6 B6 B6 B6 B6 B6 B6 B6 B6 B6 B6 B6 B6 B6 B6 B6 B6 B6 B6 B6 B6 B6 B6 B6 B6 B6 B6 B6 B6 B6 B6 B6 B6 B6 B6 B6 B6 B6 B6 B6 B6 B6 B6 B6 B6 B6 B6 B6 B6 B6 B6 B6 B6 B6 B6 B6 B6 B6 B6 B6 B6 B6 B6 B6 B6 B6 B6 B6 B6 B6 B6 B6 B6 B6 B6 B6 B6 B6 B6 B6 B6,27.21317s,Vector SLP3,76 47,,,
27.24013s,Vector SLP3,36 48 B6 B6 B6 B6 B6 B6 B6 B6 B6 B6 B6 B6 B6 B6 B6 B6 B6 B6 B6 B6 B6 B6 B6 B6 B6 B6 B6 B6 B6 B6 B6 B6 B6 B6 B6 B6 B6 B6 B6 B6 B6 B6 B6 B6 B6 B6 B6 B6 B6 B6 B6 B6 B6 B6 B6 B6 B6 B6 B6 B6 B6 B6 B6 B6 B6 B6 B6 B6 B6 B6 B6 B6 B6 B6 B6 B6 B6 B6 B6 B6 B6 B6 B6 B6 B6 B6 B6 B6 B6 B6 B6 B6 B6 B6 B6 B6 B6 B6 B6 B6 B6 B6 B6 B6 B6 B6 B6 B6 B6 B6 B6 B6 B6 B6 B6 B6 B6 B6 B6 B6 B6 B6 B6 B6 B6 B6 B6 B6,27.24464s,Vector SLP3,76 48,,,
27.27095s,Vector SLP3,36 49 B6 B6 B6 B6 B6 B6 B6 B6 B6 B6 B6 B6 B6 B6 B6 B6 B6 B6 B6 B6 B6 B6 B6 B6 B6 B6 B6 B6 B6 B6 B6 B6 B6 B6 B6 B6 B6 B6 B6 B6 B6 B6 B6 B6 B6 B6 B6 B6 B6 B6 B6 B6 B6 B6 B6 B6 B6 B6 B6 B6 B6 B6 B6 B6 B6 B6 B6 B6 B6 B6 B6 B6 B6 B6 B6 B6 B6 B6 B6 B6 B6 B6 B6 B6 B6 B6 B6 B6 B6 B6 B6 B6 B6 B6 B6 B6 B6 B6 B6 B6 B6 B6 B6 B6 B6 B6 B6 B6 B6 B6 B6 B6 B6 B6 B6 B6 B6 B6 B6 B6 B6 B6 B6 B6 B6 B6 B6 B6,27.27549s,Vector SLP3,76 49,,,
27.30297s,Vector SLP3,36 4A B6 B6 B6 B6 B6 B6 B6 B6 B6 B6 B6 B6 B6 B6 B6 B6 B6 B6 B6 B6 B6 B6 B6 B6 B6 B6 B6 B6 B6 B6 B6 B6 B6 B6 B6 B6 B6 B6 B6 B6 B6 B6 B6 B6 B6 B6 B6 B6 B6 B6 B6 B6 B6 B6 B6 B6 B6 B6 B6 B6 B6 B6 B6 B6 B6 B6 B6 B6 B6 B6 B6 B6 B6 B6 B6 B6 B6 B6 B6 B6 B6 B6 B6 B6 B6 B6 B6 B6 B6 B6 B6 B6 B6 B6 B6 B6 B6 B6 B6 B6 B6 B6 B6 B6 B6 B6 B6 B6 B6 B6 B6 B6 B6 B6 B6 B6 B6 B6 B6 B6 B6 B6 B6 B6 B6 B6 B6 B6,27.30735s,Vector SLP3,76 4A,,,
27.33367s,Vector SLP3,36 4B B6 B6 B6 B6 B6 B6 B6 B6 B6 B6 B6 B6 B6 B6 B6 B6 B6 B6 B6 B6 B6 B6 B6 B6 B6 B6 B6 B6 B6 B6 B6 B6 B6 B6 B6 B6 B6 B6 B6 B6 B6 B6 B6 B6 B6 B6 B6 B6 B6 B6 B6 B6 B6 B6 B6 B6 B6 B6 B6 B6 B6 B6 B6 B6 B6 B6 B6 B6 B6 B6 B6 B6 B6 B6 B6 B6 B6 B6 B6 B6 B6 B6 B6 B6 B6 B6 B6 B6 B6 B6 B6 B6 B6 B6 B6 B6 B6 B6 B6 B6 B6 B6 B6 B6 B6 B6 B6 B6 B6 B6 B6 B6 B6 B6 B6 B6 B6 B6 B6 B6 B6 B6 B6 B6 B6 B6 B6 B6,27.33820s,Vector SLP3,76 4B,,,
27.36474s,Vector SLP3,36 4C B6 B6 B6 B6 B6 B6 B6 B6 B6 B6 B6 B6 B6 B6 B6 B6 B6 B6 B6 B6 B6 B6 B6 B6 B6 B6 B6 B6 B6 B6 B6 B6 B6 B6 B6 B6 B6 B6 B6 B6 B6 B6 B6 B6 B6 B6 B6 B6 B6 B6 B6 B6 B6 B6 B6 B6 B6 B6 B6 B6 B6 B6 B6 B6 B6 B6 B6 B6 B6 B6 B6 B6 B6 B6 B6 B6 B6 B6 B6 B6 B6 B6 B6 B6 B6 B6 B6 B6 B6 B6 B6 B6 B6 B6 B6 B6 B6 B6 B6 B6 B6 B6 B6 B6 B6 B6 B6 B6 B6 B6 B6 B6 B6 B6 B6 B6 B6 B6 B6 B6 B6 B6 B6 B6 B6 B6 B6 B6,27.36944s,Vector SLP3,76 4C,,,
27.39550s,Vector SLP3,36 4D B6 B6 B6 B6 B6 B6 B6 B6 B6 B6 B6 B6 B6 B6 B6 B6 B6 B6 B6 B6 B6 B6 B6 B6 B6 B6 B6 B6 B6 B6 B6 B6 B6 B6 B6 B6 B6 B6 B6 B6 B6 B6 B6 B6 B6 B6 B6 B6 B6 B6 B6 B6 B6 B6 B6 B6 B6 B6 B6 B6 B6 B6 B6 B6 B6 B6 B6 B6 B6 B6 B6 B6 B6 B6 B6 B6 B6 B6 B6 B6 B6 B6 B6 B6 B6 B6 B6 B6 B6 B6 B6 B6 B6 B6 B6 B6 B6 B6 B6 B6 B6 B6 B6 B6 B6 B6 B6 B6 B6 B6 B6 B6 B6 B6 B6 B6 B6 B6 B6 B6 B6 B6 B6 B6 B6 B6 B6 B6,27.39992s,Vector SLP3,76 4D,,,
27.42652s,Vector SLP3,36 4E B6 B6 B6 B6 B6 B6 B6 B6 B6 B6 B6 B6 B6 B6 B6 B6 B6 B6 B6 B6 B6 B6 B6 B6 B6 B6 B6 B6 B6 B6 B6 B6 B6 B6 B6 B6 B6 B6 B6 B6 B6 B6 B6 B6 B6 B6 B6 B6 B6 B6 B6 B6 B6 B6 B6 B6 B6 B6 B6 B6 B6 B6 B6 B6 B6 B6 B6 B6 B6 B6 B6 B6 B6 B6 B6 B6 B6 B6 B6 B6 B6 B6 B6 B6 B6 B6 B6 B6 B6 B6 B6 B6 B6 B6 B6 B6 B6 B6 B6 B6 B6 B6 B6 B6 B6 B6 B6 B6 B6 B6 B6 B6 B6 B6 B6 B6 B6 B6 B6 B6 B6 B6 B6 B6 B6 B6 B6 B6,27.43115s,Vector SLP3,76 4E,,,
27.45827s,Vector SLP3,36 4F B6 B6 B6 B6 B6 B6 B6 B6 B6 B6 B6 B6 B6 B6 B6 B6 B6 B6 B6 B6 B6 B6 B6 B6 B6 B6 B6 B6 B6 B6 B6 B6 B6 B6 B6 B6 B6 B6 B6 B6 B6 B6 B6 B6 B6 B6 B6 B6 B6 B6 B6 B6 B6 B6 B6 B6 B6 B6 B6 B6 B6 B6 B6 B6 B6 B6 B6 B6 B6 B6 B6 B6 B6 B6 B6 B6 B6 B6 B6 B6 B6 B6 B6 B6 B6 B6 B6 B6 B6 B6 B6 B6 B6 B6 B6 B6 B6 B6 B6 B6 B6 B6 B6 B6 B6 B6 B6 B6 B6 B6 B6 B6 B6 B6 B6 B6 B6 B6 B6 B6 B6 B6 B6 B6 B6 B6 B6 B6,27.46263s,Vector SLP3,76 4F,,,
27.48911s,Vector SLP3,36 50 B6 B6 B6 B6 B6 B6 B6 B6 B6 B6 B6 B6 B6 B6 B6 B6 B6 B6 B6 B6 B6 B6 B6 B6 B6 B6 B6 B6 B6 B6 B6 B6 B6 B6 B6 B6 B6 B6 B6 B6 B6 B6 B6 B6 B6 B6 B6 B6 B6 B6 B6 B6 B6 B6 B6 B6 B6 B6 B6 B6 B6 B6 B6 B6 B6 B6 B6 B6 B6 B6 B6 B6 B6 B6 B6 B6 B6 B6 B6 B6 B6 B6 B6 B6 B6 B6 B6 B6 B6 B6 B6 B6 B6 B6 B6 B6 B6 B6 B6 B6 B6 B6 B6 B6 B6 B6 B6 B6 B6 B6 B6 B6 B6 B6 B6 B6 B6 B6 B6 B6 B6 B6 B6 B6 B6 B6 B6 B6,27.49348s,Vector SLP3,76 50,,,
27.52011s,Vector SLP3,36 51 B6 B6 B6 B6 B6 B6 B6 B6 B6 B6 B6 B6 B6 B6 B6 B6 B6 B6 B6 B6 B6 B6 B6 B6 B6 B6 B6 B6 B6 B6 B6 B6 B6 B6 B6 B6 B6 B6 B6 B6 B6 B6 B6 B6 B6 B6 B6 B6 B6 B6 B6 B6 B6 B6 B6 B6 B6 B6 B6 B6 B6 B6 B6 B6 B6 B6 B6 B6 B6 B6 B6 B6 B6 B6 B6 B6 B6 B6 B6 B6 B6 B6 B6 B6 B6 B6 B6 B6 B6 B6 B6 B6 B6 B6 B6 B6 B6 B6 B6 B6 B6 B6 B6 B6 B6 B6 B6 B6 B6 B6 B6 B6 B6 B6 B6 B6 B6 B6 B6 B6 B6 B6 B6 B6 B6 B6 B6 B6,27.52472s,Vector SLP3,76 51,,,
27.55166s,Vector SLP3,36 52 B6 B6 B6 B6 B6 B6 B6 B6 B6 B6 B6 B6 B6 B6 B6 B6 B6 B6 B6 B6 B6 B6 B6 B6 B6 B6 B6 B6 B6 B6 B6 B6 B6 B6 B6 B6 B6 B6 B6 B6 B6 B6 B6 B6 B6 B6 B6 B6 B6 B6 B6 B6 B6 B6 B6 B6 B6 B6 B6 B6 B6 B6 B6 B6 B6 B6 B6 B6 B6 B6 B6 B6 B6 B6 B6 B6 B6 B6 B6 B6 B6 B6 B6 B6 B6 B6 B6 B6 B6 B6 B6 B6 B6 B6 B6 B6 B6 B6 B6 B6 B6 B6 B6 B6 B6 B6 B6 B6 B6 B6 B6 B6 B6 B6 B6 B6 B6 B6 B6 B6 B6 B6 B6 B6 B6 B6 B6 B6,27.55619s,Vector SLP3,76 52,,,
27.58297s,Vector SLP3,36 53 B6 B6 B6 B6 B6 B6 B6 B6 B6 B6 B6 B6 B6 B6 B6 B6 B6 B6 B6 B6 B6 B6 B6 B6 B6 B6 B6 B6 B6 B6 B6 B6 B6 B6 B6 B6 B6 B6 B6 B6 B6 B6 B6 B6 B6 B6 B6 B6 B6 B6 B6 B6 B6 B6 B6 B6 B6 B6 B6 B6 B6 B6 B6 B6 B6 B6 B6 B6 B6 B6 B6 B6 B6 B6 B6 B6 B6 B6 B6 B6 B6 B6 B6 B6 B6 B6 B6 B6 B6 B6 B6 B6 B6 B6 B6 B6 B6 B6 B6 B6 B6 B6 B6 B6 B6 B6 B6 B6 B6 B6 B6 B6 B6 B6 B6 B6 B6 B6 B6 B6 B6 B6 B6 B6 B6 B6 B6 B6,27.58742s,Vector SLP3,76 53,,,
27.61447s,Vector SLP3,36 54 B6 B6 B6 B6 B6 B6 B6 B6 B6 B6 B6 B6 B6 B6 B6 B6 B6 B6 B6 B6 B6 B6 B6 B6 B6 B6 B6 B6 B6 B6 B6 B6 B6 B6 B6 B6 B6 B6 B6 B6 B6 B6 B6 B6 B6 B6 B6 B6 B6 B6 B6 B6 B6 B6 B6 B6 B6 B6 B6 B6 B6 B6 B6 B6 B6 B6 B6 B6 B6 B6 B6 B6 B6 B6 B6 B6 B6 B6 B6 B6 B6 B6 B6 B6 B6 B6 B6 B6 B6 B6 B6 B6 B6 B6 B6 B6 B6 B6 B6 B6 B6 B6 B6 B6 B6 B6 B6 B6 B6 B6 B6 B6 B6 B6 B6 B6 B6 B6 B6 B6 B6 B6 B6 B6 B6 B6 B6 B6,27.61890s,Vector SLP3,76 54,,,
27.64540s,Vector SLP3,36 55 B6 B6 B6 B6 B6 B6 B6 B6 B6 B6 B6 B6 B6 B6 B6 B6 B6 B6 B6 B6 B6 B6 B6 B6 B6 B6 B6 B6 B6 B6 B6 B6 B6 B6 B6 B6 B6 B6 B6 B6 B6 B6 B6 B6 B6 B6 B6 B6 B6 B6 B6 B6 B6 B6 B6 B6 B6 B6 B6 B6 B6 B6 B6 B6 B6 B6 B6 B6 B6 B6 B6 B6 B6 B6 B6 B6 B6 B6 B6 B6 B6 B6 B6 B6 B6 B6 B6 B6 B6 B6 B6 B6 B6 B6 B6 B6 B6 B6 B6 B6 B6 B6 B6 B6 B6 B6 B6 B6 B6 B6 B6 B6 B6 B6 B6 B6 B6 B6 B6 B6 B6 B6 B6 B6 B6 B6 B6 B6,27.64975s,Vector SLP3,76 55,,,
27.67622s,Vector SLP3,36 56 B6 B6 B6 B6 B6 B6 B6 B6 B6 B6 B6 B6 B6 B6 B6 B6 B6 B6 B6 B6 B6 B6 B6 B6 B6 B6 B6 B6 B6 B6 B6 B6 B6 B6 B6 B6 B6 B6 B6 B6 B6 B6 B6 B6 B6 B6 B6 B6 B6 B6 B6 B6 B6 B6 B6 B6 B6 B6 B6 B6 B6 B6 B6 B6 B6 B6 B6 B6 B6 B6 B6 B6 B6 B6 B6 B6 B6 B6 B6 B6 B6 B6 B6 B6 B6 B6 B6 B6 B6 B6 B6 B6 B6 B6 B6 B6 B6 B6 B6 B6 B6 B6 B6 B6 B6 B6 B6 B6 B6 B6 B6 B6 B6 B6 B6 B6 B6 B6 B6 B6 B6 B6 B6 B6 B6 B6 B6 B6,27.68061s,Vector SLP3,76 56,,,
27.70698s,Vector SLP3,36 57 B6 B6 B6 B6 B6 B6 B6 B6 B6 B6 B6 B6 B6 B6 B6 B6 B6 B6 B6 B6 B6 B6 B6 B6 B6 B6 B6 B6 B6 B6 B6 B6 B6 B6 B6 B6 B6 B6 B6 B6 B6 B6 B6 B6 B6 B6 B6 B6 B6 B6 B6 B6 B6 B6 B6 B6 B6 B6 B6 B6 B6 B6 B6 B6 B6 B6 B6 B6 B6 B6 B6 B6 B6 B6 B6 B6 B6 B6 B6 B6 B6 B6 B6 B6 B6 B6 B6 B6 B6 B6 B6 B6 B6 B6 B6 B6 B6 B6 B6 B6 B6 B6 B6 B6 B6 B6 B6 B6 B6 B6 B6 B6 B6 B6 B6 B6 B6 B6 B6 B6 B6 B6 B6 B6 B6 B6 B6 B6,27.71146s,Vector SLP3,76 57,,,
27.73794s,Vector SLP3,36 58 B6 B6 B6 B6 B6 B6 B6 B6 B6 B6 B6 B6 B6 B6 B6 B6 B6 B6 B6 B6 B6 B6 B6 B6 B6 B6 B6 B6 B6 B6 B6 B6 B6 B6 B6 B6 B6 B6 B6 B6 B6 B6 B6 B6 B6 B6 B6 B6 B6 B6 B6 B6 B6 B6 B6 B6 B6 B6 B6 B6 B6 B6 B6 B6 B6 B6 B6 B6 B6 B6 B6 B6 B6 B6 B6 B6 B6 B6 B6 B6 B6 B6 B6 B6 B6 B6 B6 B6 B6 B6 B6 B6 B6 B6 B6 B6 B6 B6 B6 B6 B6 B6 B6 B6 B6 B6 B6 B6 B6 B6 B6 B6 B6 B6 B6 B6 B6 B6 B6 B6 B6 B6 B6 B6 B6 B6 B6 B6,27.74231s,Vector SLP3,76 58,,,
27.76879s,Vector SLP3,36 59 B6 B6 B6 B6 B6 B6 B6 B6 B6 B6 B6 B6 B6 B6 B6 B6 B6 B6 B6 B6 B6 B6 B6 B6 B6 B6 B6 B6 B6 B6 B6 B6 B6 B6 B6 B6 B6 B6 B6 B6 B6 B6 B6 B6 B6 B6 B6 B6 B6 B6 B6 B6 B6 B6 B6 B6 B6 B6 B6 B6 B6 B6 B6 B6 B6 B6 B6 B6 B6 B6 B6 B6 B6 B6 B6 B6 B6 B6 B6 B6 B6 B6 B6 B6 B6 B6 B6 B6 B6 B6 B6 B6 B6 B6 B6 B6 B6 B6 B6 B6 B6 B6 B6 B6 B6 B6 B6 B6 B6 B6 B6 B6 B6 B6 B6 B6 B6 B6 B6 B6 B6 B6 B6 B6 B6 B6 B6 B6,27.77317s,Vector SLP3,76 59,,,
27.79979s,Vector SLP3,36 5A B6 B6 B6 B6 B6 B6 B6 B6 B6 B6 B6 B6 B6 B6 B6 B6 B6 B6 B6 B6 B6 B6 B6 B6 B6 B6 B6 B6 B6 B6 B6 B6 B6 B6 B6 B6 B6 B6 B6 B6 B6 B6 B6 B6 B6 B6 B6 B6 B6 B6 B6 B6 B6 B6 B6 B6 B6 B6 B6 B6 B6 B6 B6 B6 B6 B6 B6 B6 B6 B6 B6 B6 B6 B6 B6 B6 B6 B6 B6 B6 B6 B6 B6 B6 B6 B6 B6 B6 B6 B6 B6 B6 B6 B6 B6 B6 B6 B6 B6 B6 B6 B6 B6 B6 31 30 5F 30 31 5F 30 31 5F 31 00 00 00 00 00 00 C9 89 79 E7 FF FF FF FF,27.80440s,Vector SLP3,76 5A,,,
27.80646s,Vector SLP3,37,27.80818s,Vector SLP3,77 00,Download completed,,
27.81140s,Vector SLP3,31 01 02 02 D2 B6,27.90338s,Vector SLP3,71 01 02 02 00,Memory check  after flash,,
27.90539s,Vector SLP3,31 01 FF 01,27.90672s,Vector SLP3,71 01 FF 01 00,,,
27.90833s,Vector SLP3,11 01,27.90971s,Vector SLP3,51 01,"11 - ECU reset 
01 - Hard reset
03 - soft reset",,
